wallet,total_txns,unique_actions,total_amount,total_deposit,total_borrow,total_repay,total_redeem,total_liquidations,days_active,repay_ratio,deposit_redeem_ratio
0x00000000001accfa9cef68cf5371a23025b6d4b6,1,1,2000.0,2000.0,0.0,0.0,0.0,0,1,0.0,0.0
0x000000000051d07a4fb3bd10121a343d85818da6,1,1,145000000000000.0,145000000000000.0,0.0,0.0,0.0,0,1,0.0,0.0
0x000000000096026fb41fc39f9875d164bd82e2dc,2,1,5000000000.0,5000000000.0,0.0,0.0,0.0,0,8,0.0,0.0
0x0000000000e189dd664b9ab08a33c4839953852c,17,1,4835297129866.919,0.0,0.0,0.0,4835297129866.919,0,130,0.0,0.0
0x0000000002032370b971dabd36d72f3e5a7bf1ee,399,4,1.735192169438288e+17,9.459365814707709e+16,3.946000000007e+16,70024.57285,3.946555879661168e+16,0,133,1.7745710301539731e-12,2.3968660531217014
0x000000000a38444e0a6e37d3b630d7e855a7cb13,25,4,1.0611918153072992e+16,1.06096172676103e+16,11605.0,11613.645226,2300885439474.3633,0,40,1.0007449570012925,4611.101919978278
0x000000003853fcedcd0355fec98ca3192833f00b,8,1,45426992712.60784,45426992712.60784,0.0,0.0,0.0,0,8,0.0,0.0
0x000000003ce0cf2c037493b1dc087204bd7f713e,492,4,5.457531201407132e+17,2.741882752968268e+17,8.633978978750131e+16,336813453090048.6,1.848882416032951e+17,0,124,0.0039010223897812443,1.482994661635314
0x000000007858e6f2668e1e06111cfa24403a5466,1,1,92647493827.74971,92647493827.74971,0.0,0.0,0.0,0,1,0.0,0.0
0x00000001a0f57e850c9db68b4a9bc34677437c5c,1,1,1.797442,1.797442,0.0,0.0,0.0,0,1,0.0,0.0
0x0000000506063a51c6ce59906d8c40f7d7fe92a7,69,4,2.799429952335719e+18,8.005480506185253e+17,5.979480506185253e+17,5.991795354062131e+17,8.01754315692455e+17,0,31,1.002059518024039,0.9984954679378459
0x00000029ff545c86524ade7caf132527707948c4,47,4,7.816530438936759e+18,2.7034675765792676e+18,1.2044886209729242e+18,1.20467795862627e+18,2.7038962827582986e+18,0,3,1.0001571933931537,0.9998414487339012
0x00000087c4cebffb95746d1935de7fbcab092f40,250,4,4.218291098495466e+16,2.000200538589319e+16,2.1000000001237224e+16,1179898840967199.2,1006756857053.4059,0,101,0.05618565909036595,19867.761759711695
0x000000e28faa823d5b53ff6c2922c28335840375,297,4,8.503793099391044e+18,2.3300892609316024e+18,2.527773525784642e+18,1.7742433097249006e+18,1.8716870029498985e+18,0,138,0.70189963286927,1.244913950494518
0x000006eee6e39015cb523aebdd4d0b1855aba682,28,5,1.350045818666493e+17,3.8762879274412104e+16,2.310000000000175e+16,2.310003841282813e+16,5.004166417940732e+16,3,42,1.0000016628929167,0.7746121139265277
0x00000a9c78912badb92d73b6ed26456e11def5eb,1,1,1.690049,1.690049,0.0,0.0,0.0,0,1,0.0,0.0
0x00001bc47f0973f794f79c16121cee879e272d6a,4,1,53394.118307,0.0,0.0,0.0,53394.118307,0,48,0.0,0.0
0x00002b503a75998c97508916a74fdb41934fa030,147,4,1.016936570256761e+18,875384669808016.5,5.887950000017829e+17,4.2674286930980205e+17,523316275367831.2,0,126,0.7247732560713148,1.6727640836179263
0x0000897253cc85f7547317eb2080b36b3255687a,2,2,289437121399.77435,144717571777.70856,0.0,0.0,144719549622.0658,0,4,0.0,0.9999863332606935
0x0000b252c943089fbba5554a1d196ef79bc77e4f,1,1,1.109908,1.109908,0.0,0.0,0.0,0,1,0.0,0.0
0x0000ce08fa224696a819877070bf378e8b131acf,14,3,2908555443489375.5,2500000001947.075,1417093320061629.8,0.0,1488962123425798.5,0,76,0.0,0.00167902189223933
0x00010a708585ba4812a1c5976182626c75cb7a6b,29,4,820224148175395.2,198390169724900.4,300000000000830.6,300410948632018.75,21423029817645.465,0,80,1.0013698287706232,9.260602791183755
0x00016fc0c9f7620e920e1423fd455f9574f48025,2,1,12652993450.826145,12652993450.826145,0.0,0.0,0.0,0,2,0.0,0.0
0x0002761e848b24046a53d494847b11a3e1d36b09,1,1,1008031423844.5638,1008031423844.5638,0.0,0.0,0.0,0,1,0.0,0.0
0x00027e45436f11ec8549b7d5e0b86748ee61c13d,2,1,1.0104389999999999,1.0104389999999999,0.0,0.0,0.0,0,8,0.0,0.0
0x0003816b25fd3d6c112eb65c089760fa3f791947,4,4,1.00026e+16,5000000000000000.0,1300000000000.0,1300000000000.0,5000000000000000.0,0,1,1.0,1.0
0x0003bbb966655dc0fbbb380797b07fc547e9ddc5,37,3,535690890172878.3,18200000002238.805,915.9680860000001,0.0,517490890169723.56,0,101,0.0,0.03516970124105891
0x0003d4fb942d0cad7fa1b658ad6d46ef6c15f11b,2,2,2100.051359,1050.025562,0.0,0.0,1050.025797,0,1,0.0,0.9999997761959748
0x0003f46779806fe779e7f30eec95dbdb4d45840b,24,4,6702.512638,2034.568202,1945.0,1396.327014,1326.617422,0,83,0.7179059197943445,1.533651049850301
0x0004849537dab5c33fc8c494d05313dfbe2d99f3,10,4,3230.306083,999.09,507.497107,512.437824,1211.281152,0,83,1.009735458452574,0.8248208917891261
0x0004a89403e17f544bfbd25ecb1a7d9215a1d61b,2,2,845893155781.2314,845893155281.2314,500.0,0.0,0.0,0,1,0.0,0.0
0x0004d4112ee696dabc22b221bef156ecdaeb1a59,6,4,81999990000000.0,25000000000000.0,16000000000000.0,16000000000000.0,24999990000000.0,0,1,1.0,1.00000040000016
0x0005696d4be2359526c497fe4a4c0620b41f2426,7,4,103156179929371.98,293501410000.0,592.247574,592.2972,102862678518187.44,0,1,1.0000837926606687,0.0028533323672696818
0x000660cad76200a2e326f53e033919905e6c50f5,1,1,1.064772,1.064772,0.0,0.0,0.0,0,1,0.0,0.0
0x00069a4bf1b2a8d5eded8e91347dbaa70796ff54,1,1,1300000000000.0,1300000000000.0,0.0,0.0,0.0,0,1,0.0,0.0
0x00080000158a9930aeb508823103b0a977161c47,2,1,3000000000000.0,3000000000000.0,0.0,0.0,0.0,0,10,0.0,0.0
0x00099b1263c22ae2ce0a52624cef2a012e751970,2,1,4712595639.187231,4712595639.187231,0.0,0.0,0.0,0,8,0.0,0.0
0x0009ce45d5df78e632a0b4987079432dfba2253a,1,1,41000000000.0,41000000000.0,0.0,0.0,0.0,0,1,0.0,0.0
0x000a27ba176083e4b50177378cbe7469a00dd557,12,4,873.3587650000002,276.526904,160.0,160.082274,276.749587,0,34,1.0005142125000002,0.9991953628461964
0x000a3d1bef684a7c029267a26068de56b1c1b4dc,43,4,5.204052395703801e+16,1.9281445079779704e+16,48000000013383.27,13385.125834,3.2711078877231536e+16,0,26,2.78856788130583e-10,0.5894469317916783
0x000ab43e658935ba39504a1424b01756c1e9644c,2,2,110000000000.0,100000000000.0,10000000000.0,0.0,0.0,0,1,0.0,0.0
0x000bc61d0a2dfee19346ad4d1fce2fa3c099e0cb,77,2,390905196192656.2,220021394145923.72,0.0,0.0,170883802046732.44,0,124,0.0,1.2875497356136387
0x000c8e2871750f458bf1de8ab528dda09bc95db6,4,4,3.4712e+16,1.5e+16,2356000000000000.0,2356000000000000.0,1.5e+16,0,1,1.0,1.0
0x000cdb5d7a2cda2947603f2993f05db57e3197dc,71,4,137652692402.22406,71324576292.92883,971.0,921.516338,66328114216.778885,0,67,0.9490384531410917,1.075329475821069
0x000cef8f0ab0a2fadbecaeb92e8781ab3e04b01e,6,3,200272000000080.1,200272000000000.0,40.0,40.10815,0.0,0,31,1.00270375,0.0
0x000d0ccd6b0e27ce38018b1304ef4f2cd345b636,1,1,1000000000.0,1000000000.0,0.0,0.0,0.0,0,1,0.0,0.0
0x000dd5baf04ffe492508f5f45ac3d9374b193f57,1,1,100000000000.0,100000000000.0,0.0,0.0,0.0,0,1,0.0,0.0
0x000deb0c92e6d3da7f77ed01b8473b3f7f4efc39,8,4,282569021219.354,282569019336.3728,879.0,501.890779,502.090425,0,81,0.5709792707622298,562785118.510023
0x000df66a4ac5991f672ae2db1e8fc38f1e7d46d9,8,2,3192625413161.585,2132617238514.029,0.0,0.0,1060008174647.5559,0,21,0.0,2.0118875396627076
0x000e840a3122ec28d0c29321db172375cb049762,10,4,383708442045496.44,383708442044795.1,216.90860700000002,217.048025,267.358748,0,27,1.00064274996704,1435181922847.7056
0x000e9bd1d42999446d60ff60f1fb3afb13604202,22,4,18225311980969.508,18112655988098.61,35.0,35.002269,112655992800.89796,0,2,1.0000648285714284,160.77845073106698
0x000eab293e332bd6e67018a9150e8807bfac3233,1,1,1200000000000.0,1200000000000.0,0.0,0.0,0.0,0,1,0.0,0.0
0x000f3b3cba440b4bd611d2ac4b6271400fb1e4e1,2,2,112092343527428.52,56000000000000.0,0.0,0.0,56092343527428.516,0,16,0.0,0.9983537231354336
0x000f4432a40560bbff1b581a8b7aded8dab80026,25,4,916672306686400.8,9284729019012.137,17600.0,17614.321013,907387577632174.4,0,19,1.0008136939204546,0.010232373957819231
0x000f7f22bfc28d940d4b68e13213ab17cf107790,73,4,1.50210180878499e+20,4.082632353527151e+19,3.4310340193421263e+19,3.43160523316077e+19,4.075746481819851e+19,0,3,1.0001664844520408,1.0016894749803538
0x000f908720f9ce164d90f4fc89459fab4442907f,96,4,4646538410248442.0,1529696501917929.5,793528159068530.4,793555114216778.5,1529758635045204.0,0,2,1.0000339687356272,0.9999593837054741
0x000fbfec300959d0f2f327728a889c1f5de8e2df,8,4,1223282264572785.8,593233163408688.9,140000000000000.0,140049101164096.84,350000000000000.0,0,9,1.0003507226006918,1.6949518954533969
0x0011730224657eb527cf736039854c3a3f140e63,4,4,1.0478e+16,4500000000000000.0,739000000000000.0,739000000000000.0,4500000000000000.0,0,1,1.0,1.0
0x00120ea6fdbaf057eadc1bd149f957488444e92c,4,3,236759895699127.94,236759895699122.72,2.608976,2.608976,0.0,0,1,1.0,0.0
0x0012668072f7e0579caf7e047713d8b6d476d0db,2,1,3000000000000.0,3000000000000.0,0.0,0.0,0.0,0,3,0.0,0.0
0x00129c4ce6be31b273de64c65ff3fcdd4706a002,231,5,1.7352579900935718e+16,1.1486621116412444e+16,4923462755855000.0,933385959030950.9,9110069637323.65,2,63,0.1895791651761689,1260.8708356467596
0x0012a7f00af8a643ba5a6aa187f915b4c13289df,1,1,5000954281.830769,0.0,0.0,0.0,5000954281.830769,0,1,0.0,0.0
0x00130437654e7e86cbbeeaf34f4771df6a1fb45c,1,1,92600000000.0,92600000000.0,0.0,0.0,0.0,0,1,0.0,0.0
0x00133f29e7d424f4e5773532b3fc35d020e9c54e,2,1,2.455392,2.455392,0.0,0.0,0.0,0,7,0.0,0.0
0x0014dfac19477a83d7354e6eaac28642c1959398,36,4,339869397948920.7,169933609660123.03,18156.827224,18162.323503,169935788252478.44,0,31,1.0003027114226617,0.9999871799084948
0x001589fe1923c2118f34e4277f2ef650fcbf0161,30,3,7256240719456008.0,4140691562270580.0,943379631812690.5,0.0,2172169525372738.5,0,133,0.0,1.9062469636480368
0x00159370cbe576b765a7fb2e78582e0cb563d445,19,3,2986625430944594.5,1437821754944003.0,475533676000591.5,0.0,1073270000000000.0,0,21,0.0,1.339664534501107
0x0015b3f0266cd7b1f4105cf8180d37e7bd0ccead,2,2,28.254528,14.127252,0.0,0.0,14.127276,0,1,0.0,0.9999983011586947
0x0016469a65facda9e86fd0ae0e9661128843c224,2,2,27100000000.0,22100000000.0,5000000000.0,0.0,0.0,0,1,0.0,0.0
0x0016dcd1d3c93067dce5bb30dc33258f36d33308,1,1,96300000000.0,96300000000.0,0.0,0.0,0.0,0,1,0.0,0.0
0x00183135585d70a523d61b2e43037a7138b36906,54,4,3595417828344362.5,1530492210114749.2,1420027252822416.0,640740282471.2976,644257625124726.1,0,58,0.0004512168912235845,2.3755903701076897
0x00184e8aa1e95f491f2d9601e12b540092160ded,4,4,326700000000000.0,102350000000000.0,61000000000000.0,61000000000000.0,102350000000000.0,0,1,1.0,1.0
0x0018583d7654803d2c59467e10dec5f70bbe1851,72,1,260000000.00045997,260000000.00045997,0.0,0.0,0.0,0,23,0.0,0.0
0x001875a076b3cfe1c9535d76b0345c16e3d61118,2,1,2.2,2.2,0.0,0.0,0.0,0,6,0.0,0.0
0x0018d044b946ede86b43bb3b964a45772a5abeb9,22,4,29416040342014.43,14628276542630.127,1.121816,1.12182,14787763799382.059,0,54,1.0000035656471293,0.9892149172169902
0x0019971fb18fbfc9108d90eb2cdd4d5a0a897eee,5,3,187368668395485.34,0.0,79.209353,158.517071,187368668395247.62,0,15,2.001241835670593,0.0
0x0019bd9f6142943f3a03a8a62d0001a95213f555,1,1,100000000000.0,100000000000.0,0.0,0.0,0.0,0,1,0.0,0.0
0x001b024b98ee862aa01eea595c4c16a0213d2611,2,2,411897656335.2786,411897655835.2786,500.0,0.0,0.0,0,1,0.0,0.0
0x001bc3cfc3eed892dd6de07807333f2b05c5b4e9,32,4,39147130995675.0,39147130994874.79,234.424601,234.55510500000003,331.228407,0,24,1.0005566992518846,118187722331.66217
0x001bc97d92e1a30b02d4e75be25f06063555d556,45,4,2.1403024302392422e+17,1.1484504979413795e+17,54452.832761,54495.849398,9.918519322967731e+16,0,10,1.0007899797828481,1.1578850235054543
0x001be549fa377710b9e59d57bbdf593ce1e379ca,2,1,6240750099.327031,6240750099.327031,0.0,0.0,0.0,0,21,0.0,0.0
0x001c88d92d199c9eb936ed3d6758da7c48e4d08e,2,1,2000000000000.0098,2000000000000.0098,0.0,0.0,0.0,0,10,0.0,0.0
0x001d2a3192a49e28cac0a7abcaa916648c62b982,1,1,6461144026.105417,6461144026.105417,0.0,0.0,0.0,0,1,0.0,0.0
0x001d4aa3f14b6e0019e5615e9c8eb50659061220,1,1,1.109087,1.109087,0.0,0.0,0.0,0,1,0.0,0.0
0x001f96b7e19a54ae45f451b0148336504d03fdcf,1,1,0.018485,0.018485,0.0,0.0,0.0,0,1,0.0,0.0
0x001fbfc5e2b56d372d642f5f1b52b5cde4584779,6,2,1218900412657474.8,918900412657474.9,0.0,0.0,300000000000000.0,0,69,0.0,3.0630013755249164
0x00202f8f6bb6f100241ce0726922f2bd4c7196ee,1,1,0.023783,0.023783,0.0,0.0,0.0,0,1,0.0,0.0
0x0020c5222a24e4a96b720c06b803fb8d34adc0af,1,1,2012030.94263,0.0,0.0,0.0,2012030.94263,0,1,0.0,0.0
0x0021be1d33a577bf5ede730a6b5d5d9f878ba7e4,2,1,1135240588968.5977,1135240588968.5977,0.0,0.0,0.0,0,7,0.0,0.0
0x00222d56e0509a5e9ab05c588c548290a5e9f876,1,1,4440486156.185637,4440486156.185637,0.0,0.0,0.0,0,1,0.0,0.0
0x002379916ac42a432f3b53f16782d33267debb4c,1,1,1500000000000.0,1500000000000.0,0.0,0.0,0.0,0,1,0.0,0.0
0x0023aa0d5d1675d6ccbe0aff5d6afdd0bc61d2be,2,1,2.2,2.2,0.0,0.0,0.0,0,6,0.0,0.0
0x0023d9ffe7d793895c5da5833d56c737832ead2b,2,1,14.997724,14.997724,0.0,0.0,0.0,0,1,0.0,0.0
0x0023e0f24acc95e838f76f81ab3d69e40b9b1933,1,1,4.999194,4.999194,0.0,0.0,0.0,0,1,0.0,0.0
0x0023f4cbb5d47ef377af97fc5c7399b62e31e0ff,2,1,12625001510.457943,12625001510.457943,0.0,0.0,0.0,0,2,0.0,0.0
0x0024461e7a8ce7157866eaa4c24b702d328250ce,1,1,1012.775168,0.0,0.0,0.0,1012.775168,0,1,0.0,0.0
0x0024511a019f836ddd88902bb516b4f0b3a2dcf9,1,1,25000000000.0,25000000000.0,0.0,0.0,0.0,0,1,0.0,0.0
0x00246f7813397868b1beec56e1677efa47816dae,44,4,1.0792894939202136e+16,3037908154495826.0,2356800000000000.0,2359307309858441.0,3038879474847870.0,0,22,1.0010638619562293,0.9996803689122641
0x0025a856d01a898bd52286d56c52323b13937b65,1,1,100000000000.0,100000000000.0,0.0,0.0,0.0,0,1,0.0,0.0
0x00261d225db379b3fc74cd0228d6f90582d39035,2,2,39200000000.0,34200000000.0,5000000000.0,0.0,0.0,0,1,0.0,0.0
0x00262ffcfda82b5582d1905ca05b849f196b0419,10,4,316.514252,101.16919200000001,57.074003000000005,57.090279,101.180778,0,4,1.0002851736192395,0.9998854920842771
0x0026bc865efa2fb74d18c3be5a77c780756e50e6,1,1,450246121.481307,450246121.481307,0.0,0.0,0.0,0,1,0.0,0.0
0x002729e3173b9fc6abcf03eb2d754b0e2ae4edbd,1,1,1.851978,1.851978,0.0,0.0,0.0,0,1,0.0,0.0
0x002761f50e9c9e98e4ca367ef215f3643eec9dd9,1,1,97000000000.0,97000000000.0,0.0,0.0,0.0,0,1,0.0,0.0
0x002775390698ef16589bb22bba37ae7906ae2f36,30,4,152793211818964.84,81389771485949.8,68201720166501.7,3201720166501.6978,11.640428,0,21,0.046944859435880774,6991991315607.106
0x0027c6cd01364a3c5d29f72269b36dfe85628193,1,1,1.880888,1.880888,0.0,0.0,0.0,0,1,0.0,0.0
0x0027f7335d610f15b325baa5798414548720fcaa,13,4,200552774659.90927,200552767521.7745,1518.99297,1519.063995,4100.077779,0,2,1.00004675795175,48914381.221979864
0x00283b611db7844cb5677b311afd67c8e3078518,1,1,7.200645,7.200645,0.0,0.0,0.0,0,1,0.0,0.0
0x00296e3cb10f1ddf6be160aa9722d7a288957b66,1,1,47200000000.0,47200000000.0,0.0,0.0,0.0,0,1,0.0,0.0
0x0029ab135b5be72168bf80f140d60a9264dbd0c5,2,1,2600000000000.0,2600000000000.0,0.0,0.0,0.0,0,4,0.0,0.0
0x002a63fb3bb81ccc222e2d8192eb95a5767a2151,1,1,1.107978,1.107978,0.0,0.0,0.0,0,1,0.0,0.0
0x002aea16059a7d4bef638a03b61a9e80ef07e745,41,4,4560444124213381.0,1430619659525877.2,674381785819342.0,15.406926,2455442678868147.0,0,83,2.284599958654179e-14,0.5826320735718951
0x002bb13a55bf4525f02717708dd4534ecc475193,2,1,3.1451770000000003,3.1451770000000003,0.0,0.0,0.0,0,1,0.0,0.0
0x002c77a71d54e6da4b28690fe1676752a74a67eb,1,1,1.15122,1.15122,0.0,0.0,0.0,0,1,0.0,0.0
0x002cd2707daccbd5f3f192a565fca0a2cea021a6,5,4,1000000000015.7205,1000000000005.1339,2.726309,2.726309,5.133916,0,19,1.0,194783085661.14713
0x002d2715b179d0db3e17cc28317a98f2f65e6884,253,4,1.6011789133329382e+17,7.932648299989011e+16,3.342662489293028e+16,8000894335516522.0,3.93638891049569e+16,0,102,0.23935693062474603,2.015209492852192
0x002d59b6a7b3483c8c1ef38c90cbe7790aeaea50,1,1,4674990964.187967,4674990964.187967,0.0,0.0,0.0,0,1,0.0,0.0
0x002dcc4d0ad0bdce1c444ad0bb4d51ac7e61d62b,29,4,1.5200000000007884e+16,1.52000000000005e+16,4500.0,1380.602617,1503.137603,0,129,0.30680058155555556,10112181326356.254
0x002de04d579930686698abab5f48bda0b24fb9fc,85,4,9579371025942374.0,9561601228095396.0,42533.281825,42583.466717999996,17769797761859.953,0,81,1.0011798970323165,538.0816009407746
0x002e5e69ae7c8999834ee24aeb5c26ad05433820,4,4,4.7914e+16,2.1457e+16,2500000000000000.0,2500000000000000.0,2.1457e+16,0,1,1.0,1.0
0x002e7ea05d6721a04cd36ab5e9f2c72338d7f7f3,6,2,85081632513345.2,15.0,0.0,0.0,85081632513330.2,0,72,0.0,1.7630127157762127e-13
0x002eba74e10ff40a1bc1cfa2b9684f9e28f8dea7,1,1,0.012183,0.012183,0.0,0.0,0.0,0,1,0.0,0.0
0x002f93d5a1ca66a2a64b490bd0a0291c1a1c02b6,108,4,5781978969252052.0,3811979678649937.5,150000000002912.5,2509.9691059999996,1819999290596693.0,0,106,1.673312737300843e-11,2.094495145325121
0x0030040e8d836ac3e546c354f9b373e70a14deeb,2,1,44842.195767,0.0,0.0,0.0,44842.195767,0,1,0.0,0.0
0x00301da1d3b20fd6b8451a791a8b1a5e20599fb8,58,2,1.4597786848117418e+16,9647786848111268.0,4950000000006150.0,0.0,0.0,0,41,0.0,0.0
0x00305f0dc87d6bf12ac07e37ac0d2336d5906b93,1,1,6764030347.976762,6764030347.976762,0.0,0.0,0.0,0,1,0.0,0.0
0x003064605a8677d5b2e8def620ac67d8f1f1b5ed,3,2,394.981473,197.0,0.0,0.0,197.981473,0,34,0.0,0.9950426017893099
0x003094a91a3b5523bc601b221f80183bd347e9ae,2,1,2.2,2.2,0.0,0.0,0.0,0,6,0.0,0.0
0x0030a2c2268c9faafeae8ea22802db8b3c87f82c,1,1,165694780.930095,165694780.930095,0.0,0.0,0.0,0,1,0.0,0.0
0x0030d58fd7c5af92c6e9bbf4d06255b6a9d1490a,67,4,2.9717156799590784e+17,9.44067062908613e+16,5.404812000007117e+16,5.417605170497536e+16,9.454069e+16,0,74,1.002366996389588,0.9985827931958323
0x0030de8f624d2b2513c6dbbff788bb109b80304d,1,1,512154521.788658,512154521.788658,0.0,0.0,0.0,0,1,0.0,0.0
0x0030e3b40e23f92bd064457fd1fb848482a0bde5,2,1,32765.593476000002,32765.593476000002,0.0,0.0,0.0,0,1,0.0,0.0
0x0030ee334630838ea4dee0b4b6ecbc973529031f,16,3,4695000000005606.0,4145000000000000.0,550000000003800.0,1806.279483,0.0,0,75,3.2841445145227643e-12,0.0
0x0031fc2cc920357b9767ab93200c5bf69c43e8e7,1,1,1071184911359.4033,1071184911359.4033,0.0,0.0,0.0,0,1,0.0,0.0
0x00326e37cef76788f6b0cf643c94481d60bd3d58,2,1,30000000000000.0,30000000000000.0,0.0,0.0,0.0,0,1,0.0,0.0
0x00329e92ed6fd0a0ef76da9c476d51faeb6b26a0,523,4,6.586858275366415e+18,2.0523579688830935e+18,3.7556284400034156e+18,4.338433215427062e+17,3.450285449372011e+17,0,104,0.11551816918883265,5.948371515918037
0x003325d3054cd7668fb16f19ea11bae6d02a474c,5,1,2005930.544632,0.0,0.0,0.0,2005930.544632,0,7,0.0,0.0
0x0034baeeb160a5f1032b6d124d3e87cc94d74e62,162,4,1.7567747675031726e+20,5.283732265103469e+19,3.49646e+19,3.5002998465161114e+19,5.287255563412144e+19,0,25,1.0010982097653374,0.999333624360234
0x0034d2a08772822866b08d2c585e5c8e25723760,1,1,476000000000000.0,476000000000000.0,0.0,0.0,0.0,0,1,0.0,0.0
0x0034daf2e65f6ef82bc6f893dbbfd7c232a0e59c,5,1,65486886280318.516,0.0,0.0,0.0,65486886280318.516,0,31,0.0,0.0
0x0035e2e614e53a5ebf5a518dede926a7fcec4f91,26,4,1737613320930925.5,1404389958549610.0,333223362378678.06,913.894665,1723.511961,0,21,2.7425888103290964e-12,814842014635.4935
0x0036472d3ca5e7ab22477d62682b2a3d9436d328,1,1,10000000000000.0,10000000000000.0,0.0,0.0,0.0,0,1,0.0,0.0
0x0036534c48a754163f0f446601f36bcfda840f57,27,4,1217984521402146.8,676473308845518.5,165000000001250.0,150042002092508.9,226469210462869.66,0,13,0.9093454672204377,2.9870431722833617
0x00368bb9dba2ee83f3553feae59710b9c3743e09,11,3,1100961657610451.9,600961657610252.1,500000000000000.0,0.0,199.852176,0,38,0.0,3007030844689.1875
0x0036a2f1f6136bb9d7992f7def692126a279e702,1,1,3992596985.89263,3992596985.89263,0.0,0.0,0.0,0,1,0.0,0.0
0x0036a3f98bc84afb07fe42421f5a14cfe3c33219,43,4,6107736932915811.0,1887527297712717.5,2020000000002401.0,1400214557616192.2,799995077584499.9,0,57,0.6931755235715484,2.359423639720266
0x0036bc671c03460dec7d0ab24f45df0cf33d042b,12,4,3662821704040389.0,1403638713202011.2,427498621551380.56,431110950454495.8,1400573418832501.5,0,71,1.0084499194172982,1.0021885995609319
0x0037643e4ec2b622270676e9e7aa163b261cfb79,1,1,1.843331,1.843331,0.0,0.0,0.0,0,1,0.0,0.0
0x0037aca1c1c45787a95c11dfaabed6308dc2ff80,9,2,99237.659169,49613.617891999995,0.0,0.0,49624.041277,0,50,0.0,0.9997899529193558
0x0037daf6fb154db55110ced85cb4ba9e1204ca17,28,4,117457473836821.22,38637062209435.06,63044034298413.18,0.0,15776377328972.969,1,68,0.0,2.4490452658278494
0x0038281701bf3f51fdbb18903c6e18776780a9a1,1,1,1.1,1.1,0.0,0.0,0.0,0,1,0.0,0.0
0x00389de87cae34a6f89e13cc8225c4984add8b37,610,4,2.76368471008302e+18,1.484552936699508e+18,1.2582207674541379e+18,1423714.851667,2.0911005927950748e+16,0,59,1.1315302437327593e-12,70.9938556669422
0x0039e71541bdc798d062346bce94230bf519bb72,2,2,37500000000.0,32500000000.0,5000000000.0,0.0,0.0,0,1,0.0,0.0
0x0039e762ecd8e8f074e93575dc395abfce4ef8b6,6,2,1.8960000000023996e+16,9960000000008994.0,0.0,0.0,9000000000014994.0,0,3,0.0,1.1066666666658223
0x003a85c562730b196f7cba202a2515f2ff855736,177,4,4.1413962967975334e+17,3.977519507196101e+17,5000000000323200.0,5000087055004990.0,6387591904815041.0,0,103,1.0000174109363569,62.26946815744132
0x003a969ef82e876824b4131a1bbafbdb46a2ca90,13,3,1730000000001772.0,1730000000000000.0,885.864724,886.027497,0.0,0,3,1.000183744758754,0.0
0x003ae57782ab0f390908f8d7a3a9680bcfc62ec0,2,1,2.105972,2.105972,0.0,0.0,0.0,0,6,0.0,0.0
0x003ae6c26a2655eb54c1e53b03a266d97f3512e6,43,3,476147945087527.25,403647924878137.9,72500020209289.38,0.0,100.009639,0,80,0.0,4036090210046.032
0x003b2816d976cebbf0cadec981ff59286b6d7f2f,4,2,283.78941100000003,141.678625,0.0,0.0,142.110786,0,20,0.0,0.996958985224387
0x003be39433bde975b12411fbc3025d49d813a84f,4,2,0.735469,0.0,0.735469,0.0,0.0,3,33,0.0,0.0
0x003cb0842811db8d115e28f13048dd83db391dcb,1,1,1.626066,1.626066,0.0,0.0,0.0,0,1,0.0,0.0
0x003dc03b7d7fe265e1c1db88bb1c6b1e6bcd06a7,1,1,6308462378.533841,6308462378.533841,0.0,0.0,0.0,0,1,0.0,0.0
0x003e41b4f19f27ab2a07c19abe2d99ecb492ce62,6,3,5003784174000037.0,0.0,1705.879701,3412.0151690000002,5003784173994919.0,0,2,2.0001499326123935,0.0
0x003e9a119439ef34de3237034cee95675b01d5d4,31,4,24939667879482.316,12468633909189.139,17349.7,14071.128198,12471033938872.352,0,93,0.8110300580413494,0.9998075516677305
0x003ed65a094ef804c934f2427b601e03113882ff,2,1,200000000.0,200000000.0,0.0,0.0,0.0,0,1,0.0,0.0
0x003edfecb016131dbd485c72f3b6f2e98a1429d9,144,4,1554865313684264.8,1041443662163526.5,513249820437229.94,1069.3208,171831082439.1381,0,42,2.08343141569745e-12,6060.857252251797
0x003f705c2e62e268891d8aa2724e32f2176dc963,1,1,10000000000000.0,10000000000000.0,0.0,0.0,0.0,0,1,0.0,0.0
0x00402e826833fbeb6f67072f3df3c8554a0b10e6,39,4,2927312861056389.0,2083828642316590.5,17000.0,17023.583187,843484218705775.0,0,32,1.0013872462941176,2.4705010432963106
0x00405f7b768a9a6b81e8060a17f0550501acf6be,144,3,7740167828926.012,30081.600471,7740167788329.321,0.0,10515.09129,0,57,0.0,2.860802597083301
0x0040932d4c252856709b24dc406244392d3df400,2,2,19.541204999999998,9.770602,0.0,0.0,9.770603,0,1,0.0,0.9999998976521716
0x0040daac32d83c78546ae36da42a496b28ab09e1,6,1,1156000000000000.0,1156000000000000.0,0.0,0.0,0.0,0,62,0.0,0.0
0x00418b8ea6c6e2d5676f651bf76a368adb845e91,1,1,500000000000.0,500000000000.0,0.0,0.0,0.0,0,1,0.0,0.0
0x0041dac13d9365b4d695fb612950dc71884f8db1,154,4,4652870901243438.0,3035900184062810.0,871319800000607.0,655191329712615.2,90459587467405.72,0,52,0.7519527614455207,33.56084489282799
0x0043090d0a3338eb89914ea9af5c529e928a044c,2,2,18209.195678,9104.59721,0.0,0.0,9104.598468,0,1,0.0,0.9999998618280637
0x0043260ff376a32f335de2091e8bd455d74ecef9,1,1,1.1067,1.1067,0.0,0.0,0.0,0,1,0.0,0.0
0x00432772ed25d4eb3c6eb26dc461239b35cf8760,1,1,4428075463.80059,4428075463.80059,0.0,0.0,0.0,0,1,0.0,0.0
0x00432beb667c8908a74f35fef62882b502347e61,3,2,41.672648,20.833601,0.0,0.0,20.839047,0,4,0.0,0.9997386636730557
0x00433d27687ff685d3871395d7fedfd42b1c3529,30,2,135109022108793.36,135099010831941.55,0.0,0.0,10011276851.80842,0,82,0.0,13494.68332878413
0x0043f8113eb1257bc6314fe0434eec0d9bac3837,8,2,128224000000400.86,128224000000000.0,0.0,0.0,400.865316,0,53,0.0,319868032683.5759
0x004403abb2246c48ac770e30e7b36e3b16e152a1,12,4,12250585281848.186,6125292574661.701,2225.06,2226.910929,6125292702734.512,0,24,1.0008318557701816,0.9999999790911526
0x00447d3b5f40e1bb71766b5ffc656f5391f6e9d8,2,2,2080.001698,1040.000838,0.0,0.0,1040.00086,0,1,0.0,0.9999999788461712
0x0044803a27c6c45babd3fb7affb80b3f913579d7,67,4,418414066504102.25,96013535623996.86,30000000000980.0,30077541071282.324,262322989807843.0,0,89,1.0025847023433263,0.36601266131622223
0x0044f0ab1281b2bc850bfa39123dec1e8e09001d,49,4,4618724774154522.0,18514774119640.53,4500000000032630.5,100000000001630.31,210000000620.42313,0,87,0.022222222222423375,88.16559078543123
0x00452d3fd0e6bd68943b30af56a8df4eb7685387,6,4,262400000005496.12,262400000000000.0,223.270563,223.289236,5049.560015,0,35,1.00008363395402,51964923522.15364
0x004624a132094f106e977c369c8f2e1ebffb2ae1,1,1,1.106565,1.106565,0.0,0.0,0.0,0,1,0.0,0.0
0x0046d10482bc3ae87fa4cb550e36706addf2304a,1,1,1.108121,1.108121,0.0,0.0,0.0,0,1,0.0,0.0
0x004815f49c32e9ef6341dc2d53411a59de5a2daa,1,1,82000000000000.0,82000000000000.0,0.0,0.0,0.0,0,1,0.0,0.0
0x00481898361901f3e49bfe3e40872d09e93c2c11,6,2,502611510669040.3,251305279462300.75,0.0,0.0,251306231206739.53,0,26,0.0,0.9999962128100278
0x0048e6fd005224e7e9f00058c630307f0710a84b,140,4,8.72811354175221e+16,3.956485467566896e+16,2.074214288533697e+16,7538711787646098.0,1.9435426068870076e+16,0,83,0.36344903365675696,2.035708120597387
0x0049436d8c3da52d604cdc390e45026b2662d7f7,12,3,5.6724356098310936e+16,3.9717390290837736e+16,1.1003000000012e+16,6003965807461203.0,0.0,0,48,0.5456662553353318,0.0
0x00495585ecf70ad7dd71797c2a22951ed92b9a24,30,4,419959900863030.6,239715290460029.28,30010680291871.016,30055717765930.496,120178212345199.94,0,42,1.0015007148662232,1.9946651375664584
0x004965f85a3db4d5221189595141ecab247b115d,2,1,2003017440000.0,2003017440000.0,0.0,0.0,0.0,0,8,0.0,0.0
0x0049d23daaafeaac69e336ffe9dcb9ca14dac781,91,4,1.1871169745008958e+17,3.4311653889900796e+16,2.5050654303784188e+16,2.503404727774486e+16,3.4315341978659744e+16,0,16,0.9993370621845666,0.9998925236192826
0x0049f39431ab794a381deca90fa7ab85e60e6ebb,1,1,98900000000.0,98900000000.0,0.0,0.0,0.0,0,1,0.0,0.0
0x004a61f49faeab28ac5cc72ed26a7114d134362e,1,1,1.0,1.0,0.0,0.0,0.0,0,1,0.0,0.0
0x004af1171e5783d1223056a700e992b0eccf6191,1,1,33465400000000.0,33465400000000.0,0.0,0.0,0.0,0,1,0.0,0.0
0x004afb002e3fb33c833fc16b6b63103bbf97312d,13,5,2.511435824808606e+16,1.951435824807425e+16,5600000000005511.0,2767.26803,3535.0,1,30,4.941550053566566e-13,5520327651506.152
0x004bac9f45af6848ffbdf0dec8f47023ccd7a138,4,2,288408996572.7187,218148265.486804,288190848307.2319,0.0,0.0,0,17,0.0,0.0
0x004c572659319871be9d4ab337fb3df6237979d7,1,1,0.114151,0.114151,0.0,0.0,0.0,0,1,0.0,0.0
0x004c5993adfd45da327f82ec7581a6ee736bf4cb,1,1,1500000000000.0,1500000000000.0,0.0,0.0,0.0,0,1,0.0,0.0
0x004c788aecdcc8ae214519737576d67da3c7334a,1,1,1.1,1.1,0.0,0.0,0.0,0,1,0.0,0.0
0x004ce54398cc569a622bf5a99ae857306243c8ec,88,4,2095591.8040339998,547840.475027,499800.0,499969.48788299994,547981.841124,0,68,1.0003391114105642,0.9997420241212553
0x004d71c111862702272e6beccdaafb07c9b96c37,276,5,8.814217477238229e+18,2.0611180658146499e+18,2.3451518829394135e+18,2.380990381636644e+18,2.026957146847521e+18,1,85,1.0152819520807796,1.0168533010282228
0x004f137c71b3003c7915bd6aa3a4f57e334a738e,5,1,2753000000008260.5,0.0,0.0,0.0,2753000000008260.5,0,1,0.0,0.0
0x004f9b61222bcb6214b7dcd87ebafa0ac2c74440,1,1,1.108184,1.108184,0.0,0.0,0.0,0,1,0.0,0.0
0x0051337e53823325b9df640f8bac7c7a7dcc4b19,1,1,1.108326,1.108326,0.0,0.0,0.0,0,1,0.0,0.0
0x00515e4f8a5c52a526f48c3ea07238143e2c04fc,68,3,2739099998473329.5,2544680000000000.0,97190000000724.45,97229998472604.86,0.0,0,85,1.000411549252805,0.0
0x0051e6e6cde6392c01b4cf6b97d9f5c50ec9817c,42,4,1348108283873522.2,56482260981339.51,289941550834937.9,579946376597634.9,421738095459610.1,0,55,2.0002182333907537,0.13392733924068478
0x0051ed91501bdefede70975ec9459a0dd3c5657b,3,2,10014755088912.074,14755088912.075304,10000000000000.0,0.0,0.0,0,1,0.0,0.0
0x00520ddda78809f725ba3ac696fc8dbe9ccaef91,2,1,2031231618466.1604,2031231618466.1604,0.0,0.0,0.0,0,5,0.0,0.0
0x00526e91ec022d8596bda04092071c1da6b5322e,7,4,410244756944306.9,309177703582135.06,50008000000000.0,50009526928872.87,1049526433298.9232,0,4,1.0000305336920665,294.5878195847936
0x0052c9f2cc95f743412d6daaf3c93bcd1793479d,9,4,12003200767692.74,9995377221235.594,2005000000000.0,1823546447.1457748,1000000010.0,0,1,0.0009094994748856732,9995.377121281823
0x0052d655d117dae79d897213af1d4393ab32c739,1,1,1.107916,1.107916,0.0,0.0,0.0,0,1,0.0,0.0
0x005399ba80babd299512e9efb4e0e764f673405c,1,1,0.1,0.1,0.0,0.0,0.0,0,1,0.0,0.0
0x0053b5daa6d4c2e3d16f2b9c10dc04e92b14a818,57,4,2.0112753983571268e+16,7023919501490101.0,7400000000031436.0,31448.798554999998,5688834482018282.0,0,113,4.249837642549514e-12,1.2346851580392892
0x00548bf85d26850ad7ad55ca90ba02572349f648,2,2,110000000000.0,100000000000.0,10000000000.0,0.0,0.0,0,1,0.0,0.0
0x0054b73e9add0a26ca2a81635c6ec0a0eb75b77f,1,1,103200000000.0,103200000000.0,0.0,0.0,0.0,0,1,0.0,0.0
0x00552481817c28f473f4cc61538db6536015d906,2,1,2.2,2.2,0.0,0.0,0.0,0,6,0.0,0.0
0x00553b963de06016c68681c9bee10a79c51c5d8a,2,1,25000000000025.0,25000000000025.0,0.0,0.0,0.0,0,1,0.0,0.0
0x005547e9fa569b6835204402138146861e901b06,1,1,6020936009.27749,6020936009.27749,0.0,0.0,0.0,0,1,0.0,0.0
0x00560340190b7e9a1027fb5e72858a8298588303,1,1,53.784266,53.784266,0.0,0.0,0.0,0,1,0.0,0.0
0x00561a0d394a2cad87c811615f72b61cb0ed3faa,6,4,3991999923323750.5,3991999923320000.0,1250.0,1250.3746939999999,1250.057918,0,11,1.0002997552,3193451971974.9497
0x0056323f02bb16de8025a79ab09e1dd5c8114602,1,1,1714.364206,0.0,0.0,0.0,1714.364206,0,1,0.0,0.0
0x005661a7a441451fafdccd579905a7dbc79fd538,61,4,10946713993349.658,5968301103307.496,3694467744.4562073,755442765.044057,4973962979532.66,0,13,0.20447945882804058,1.1999086297719612
0x0056bcfe33f5c6dfa62b6d3d3cf5a957429828bb,4,2,8828966961260.197,4414467304508.297,0.0,0.0,4414499656751.9,0,1,0.0,0.9999926713679649
0x0056d1fd2ca3c0f3a7b6ed6cdd1f1f104b4bf9a9,17,4,5.921235482284452e+16,2.675000000002099e+16,1.2e+16,4877378787478327.0,1.5584976035345204e+16,0,114,0.4064482322898606,1.716396607819903
0x005711ac01b67981d6b627c09470cce29dbd3353,4,4,1.00004e+16,4999000000000000.0,1200000000000.0,1200000000000.0,4999000000000000.0,0,1,1.0,1.0
0x0057abf4b6b95cd42cb8c197e78b934d45679432,2,1,1.180196,1.180196,0.0,0.0,0.0,0,7,0.0,0.0
0x0057aef39caf4085bf3f91661eb2e6e6f513244f,2,1,1.055527,1.055527,0.0,0.0,0.0,0,7,0.0,0.0
0x0057b22d4385adfbc48a6581b141e04acdaf7768,4,2,1340.3215259999997,667.8616259999999,0.0,0.0,672.4599,0,66,0.0,0.9931620101064762
0x0057bd83a142da84b6404616c683e21e7dd6fa5f,45,4,746332052364033.1,296332052349172.75,450000000004250.0,404.232168,10205.967818,0,72,8.982937066581828e-13,29035174089.667385
0x0057bf0e2082921a880500ab18e716c46c54216e,1,1,1.094705,1.094705,0.0,0.0,0.0,0,1,0.0,0.0
0x0057dbd2cb881113aa7b55e4ce62af8234519e01,14,4,4163363059251528.5,1769543243975281.5,311636452010373.1,311808997324875.7,1770374365940997.5,0,10,1.0005536750062114,0.9995305388613248
0x00581eb036db4a48fbaa59ec7745e316bbd1cc76,1,1,871.333919,0.0,0.0,0.0,871.333919,0,1,0.0,0.0
0x0058873fc9eeb9906ae1135de4f84a9ef1bfba62,1,1,0.012192,0.012192,0.0,0.0,0.0,0,1,0.0,0.0
0x0059221c8444995878e9a82b0b2d732fb3da913e,7,2,72435499123405.88,100.0,0.0,0.0,72435499123305.88,0,21,0.0,1.3805385647964057e-12
0x005a61772557bef9a3e65a7b87eaccce34f2700e,3,1,1.2651629999999998,1.2651629999999998,0.0,0.0,0.0,0,10,0.0,0.0
0x005a75e089206f1c5b788a16a5dd54cbf6dd5b9a,2,1,279299381098000.0,279299381098000.0,0.0,0.0,0.0,0,26,0.0,0.0
0x005a945c426fe1f2eb3c4b04585a2427f7a032a8,15,3,1165682424688617.5,839623710364391.4,324657847560566.06,0.0,1400866763660.0503,0,76,0.0,599.3601476922067
0x005ab5979532d34dc60a4582597464df0b5a7c87,32,4,987047873060345.8,987047873057108.8,1338.374591,1338.548128,560.003014,0,10,1.0001296625034328,1762576001166.145
0x005ab79a1b5982604cdc066565499d90c550e001,1,1,9.8e-05,9.8e-05,0.0,0.0,0.0,0,1,0.0,0.0
0x005ae07a1782019253917d76334a0579ac3a9b64,30,4,155188592782744.78,137815058866829.72,7000.0,7008.281014,17373533901906.826,0,55,1.001183002,7.932471289085514
0x005b0743d8b2ed646499dc48b64b95e71b8afa43,7,4,1008088392660.0391,1008088391548.7416,53.0,53.052717,1005.2447679999999,0,17,1.0009946603773585,1002828787.216072
0x005b35993837ffbc6ebfa08d2e4ac40fdb0a63d1,2,2,110000000000.0,100000000000.0,10000000000.0,0.0,0.0,0,1,0.0,0.0
0x005b5489aad85ecf95142ba14f97bba3b5d13a1a,1,1,1289000000000.0,1289000000000.0,0.0,0.0,0.0,0,1,0.0,0.0
0x005b8864b832d250e97996febb2b6a10b4562fd1,13,4,3840090176627801.5,1098321249335770.2,821722075429293.9,821723665759977.8,1098323186102759.5,0,1,1.0000019353632226,0.9999982366146744
0x005bf9036a459545ec86252db2a37667a5823b94,4,4,4.000200000000419e+16,2.0001e+16,2100.0,2100.0,2.0001e+16,0,1,1.0,1.0
0x005c7aa4001747cd4bf25c777318a13191a182ac,245,4,6210589991220169.0,1324010124393109.5,847007057920841.1,775163057289755.8,3264409751616461.5,0,95,0.915178982324608,0.40558944039959743
0x005ce2b15bd5fa54f2a7667405d8d45a765088cf,3,1,186824099690202.78,0.0,0.0,0.0,186824099690202.78,0,1,0.0,0.0
0x005ce3720edd52ef800ed68bfe29114a7d86e623,16,4,778.523603,234.48301800000002,154.774261,154.779404,234.48692,0,1,1.000033229039291,0.9999833594129686
0x005ceac16427ed612040519f078d08570eaf7688,1,1,91194297.883843,91194297.883843,0.0,0.0,0.0,0,1,0.0,0.0
0x005d25ac8fe00ec22e8b0f34d7a5f8e00217fcd0,2,1,2.136341,2.136341,0.0,0.0,0.0,0,4,0.0,0.0
0x005d9ffbbd210f6b04d7f0880f5c49130d38ff0d,48,4,1507153023801292.2,442439790963936.5,310400000008700.0,311351121616266.4,442962111212389.4,0,32,1.0030641804366616,0.9988208466701062
0x005de910a2a04e1efe9eb4c3e2aca7744ab15ed7,1,1,0.011858,0.011858,0.0,0.0,0.0,0,1,0.0,0.0
0x005df03951fac36e8cc39b7d03eadf00829815b4,3,1,9010433301.10534,9010433301.10534,0.0,0.0,0.0,0,6,0.0,0.0
0x005e105ad9c1a60512e6bb98fdaa1183bd341f18,1,1,182.301563,182.301563,0.0,0.0,0.0,0,1,0.0,0.0
0x005e5cac6eb7637edf689403e01b86bda451ef61,31,4,1.4307389230481584e+17,5.008516417706981e+16,4.202504583637176e+16,4.2073115512152936e+16,8890566779221330.0,0,43,1.0011438339881493,5.63351757214476
0x005eba6d8c2af1e7058d7c22e23999188fd15339,2,1,1300000300000.0,1300000300000.0,0.0,0.0,0.0,0,11,0.0,0.0
0x005ec23381d0b33407fcdedd2df7facd769304cd,1,1,106400000000.0,106400000000.0,0.0,0.0,0.0,0,1,0.0,0.0
0x005f16f017aa933bb41965b52848ceb8ee48b171,767,4,1.004879428056152e+17,4.737896584367934e+16,4.3079940871065784e+16,4650744950277344.0,5378291140592725.0,0,154,0.1079561590902965,8.809297340950168
0x005f4ed154aec7b147190c97d3f2535fc8360b12,20,4,1509353312145425.5,714481240233854.2,100000000001050.0,1051.152732,694872071909470.4,0,11,1.051152731988963e-11,1.028219825083053
0x005f73c6a7233e4e6bdb5041d021fa36b6716b2f,1,1,6302079097.383864,6302079097.383864,0.0,0.0,0.0,0,1,0.0,0.0
0x005fe33f474dd52d8308b470c2503fd6ffabe31a,1,1,108700000000.0,108700000000.0,0.0,0.0,0.0,0,1,0.0,0.0
0x005fe34dfd8c3b7994d608a374cedcc44b73e0bd,2,2,10000000000.002,10000000000.0,0.002,0.0,0.0,0,1,0.0,0.0
0x006002bafd83794a35b3d63fb00bfce00f4557ed,1,1,0.018914,0.018914,0.0,0.0,0.0,0,1,0.0,0.0
0x0060f329ae466559db2e692b24252a5163bf16c3,1,1,1.308802,1.308802,0.0,0.0,0.0,0,1,0.0,0.0
0x006106679868ffbeb8bef8788be4d59571a13053,1,1,1.109025,1.109025,0.0,0.0,0.0,0,1,0.0,0.0
0x00626b79d2972dfd10463e1871f8edcf8aae5bb3,6,4,8500000000008.134,8500000000000.0,3.923646,3.9236500000000003,0.286569,0,6,1.0000010194599616,29661268315833.184
0x0062cb1c249a8579e155794dc86960e4f88af402,12,4,1706195213297400.5,1706195213297000.2,200.0,200.139387,0.16,0,26,1.000696935,1.0663720083106252e+16
0x006366325c813728f871c16a7703b818ee1ac6f1,8,1,850000000002905.2,850000000002905.2,0.0,0.0,0.0,0,33,0.0,0.0
0x0063d9477fd76b7c9732917b3b884d918607a804,8,2,305353464832842.2,222402800041827.7,82950664791014.47,0.0,0.0,0,3,0.0,0.0
0x00645acbda7635b02a8b517d49ef6cbd028962e3,1,1,1.107817,1.107817,0.0,0.0,0.0,0,1,0.0,0.0
0x00645dd21310882cc32399abcb54e0a05b3b5d1d,28,4,6.853438834556079e+16,8692704994771087.0,5000.0,81.666013,5.984168335078462e+16,0,109,0.016333202600000003,0.14526170568791513
0x0064f7e15fdf96a5225d4cc07b38eef45c8bdc46,49,4,570725727260251.0,279446698546.4005,330320000000481.1,240090406774797.72,35873786425.67774,0,12,0.7268418708356987,7.789718521220222
0x006501f106d155981aac18b4d31a6e14d1e55fae,4,2,2598406000.0,2098406000.0,500000000.0,0.0,0.0,0,1,0.0,0.0
0x00651f6724f748af9315f720d67ef9ecc3139bdf,1,1,109900000000.0,109900000000.0,0.0,0.0,0.0,0,1,0.0,0.0
0x0065245cb87fda9fc42e7ca9962a13da9a52345d,1,1,100000000000.0,100000000000.0,0.0,0.0,0.0,0,1,0.0,0.0
0x006551b8f041761e2e47bb4792b21e67786b3452,2,2,750000000931.669,500000000000.0,250000000931.669,0.0,0.0,0,1,0.0,0.0
0x0065fb0daffbc3025516415183fa808b2b40b3fb,2,1,2.013302,2.013302,0.0,0.0,0.0,0,8,0.0,0.0
0x0066023b24edd70b7def47effbf2fd7617f9c66b,5,1,345000000000686.94,345000000000686.94,0.0,0.0,0.0,0,6,0.0,0.0
0x0066245819d5d387ac2209620741e721ccada64d,1,1,91400000000.0,91400000000.0,0.0,0.0,0.0,0,1,0.0,0.0
0x00668293095ef3ba3a62d566e2ac83fb81aec94f,28,4,6302557536742015.0,3557856584565248.5,2740230000000000.0,2235476176768.0396,2235476000000.0,0,86,0.0008157987383424164,1591.5431812129714
0x00668bd79ede077b99bbe1c4db59418bc333d4cf,1,1,3000000000000000.0,3000000000000000.0,0.0,0.0,0.0,0,1,0.0,0.0
0x0066a75495069b7d760177aa2607a140b13aa520,4,2,589437725982507.4,294718826056037.9,0.0,0.0,294718899926469.56,0,15,0.0,0.99999974935292
0x0067243a8b83385457c53923a6cd0bc019b090e8,1,1,1.020703,1.020703,0.0,0.0,0.0,0,1,0.0,0.0
0x00677d8b6fda25b199539633a8cd07074c855cb7,34,4,3068949829957141.0,1001557644526424.0,531895083854062.7,532801759793154.2,1002695341783499.5,0,21,1.00170461424934,0.9988653609828766
0x0067eec7ad35e72613d760e917890d1b7e876e4e,2,1,7466148387.347256,7466148387.347256,0.0,0.0,0.0,0,1,0.0,0.0
0x006850972a3144f2bcb0d37fbd7f84b26765d458,1,1,100.574731,0.0,0.0,0.0,100.574731,0,1,0.0,0.0
0x00694ba9219891081e07b31ebaf19abfd97e1acb,14,3,16051.534206000002,9041.534199000002,7000.0,0.0,10.000007,0,32,0.0,904.1527869930493
0x00695c7fcd8ee1517adb85c24547fc792613a5c5,2,1,2.095836,2.095836,0.0,0.0,0.0,0,8,0.0,0.0
0x0069d013b71c2d000fca70549d894e49b8e4e031,1,1,26300000000.0,26300000000.0,0.0,0.0,0.0,0,1,0.0,0.0
0x006a310554681273826624361a3177cd9f3aad1d,2,1,10000000001.09966,10000000001.09966,0.0,0.0,0.0,0,8,0.0,0.0
0x006acbf79f7c4580fa01ffa48085d832592f1b63,18,4,6.848486835123412e+16,2.2811269802281636e+16,32000.0,32140.651708999998,4.5673598548888344e+16,0,62,1.00439536590625,0.4994410453090266
0x006b64b48437695a2c0b470e22de9b8d3b866f52,1,1,1.108704,1.108704,0.0,0.0,0.0,0,1,0.0,0.0
0x006b855e1ce71d0163e41c17fac02fcdedf0ef21,8,2,6095433246187408.0,1104633396000000.1,0.0,0.0,4990799850187408.0,0,54,0.0,0.22133394028184086
0x006bcd94f74784887705d74884308172343855ee,1,1,1300000000000.0,1300000000000.0,0.0,0.0,0.0,0,1,0.0,0.0
0x006d0cf97d1aef07271dcce6d0bd60e8d98966ec,2,2,46600000000.0,41600000000.0,5000000000.0,0.0,0.0,0,1,0.0,0.0
0x006d0f31a00e1f9c017ab039e9d0ba699433a28c,24,3,2.7675937184105053e+17,1.0263022480930496e+17,1.2097655089436768e+17,0.0,5.3152596137377896e+16,0,123,0.0,1.9308600570336671
0x006d1df30df75bfa607f41b3a4d67d4be51fe910,13,4,85325591075929.03,85325591073224.34,535.0,535.0,1634.680147,0,14,1.0,52197117111.75773
0x006dfe647e57d2cdaf47000731659c1f92ece423,1,1,1.108835,1.108835,0.0,0.0,0.0,0,1,0.0,0.0
0x006f030ecb2daa44fc1dede06a94e749bf3918cf,5,1,2.0857283544466496e+16,2.0857283544466496e+16,0.0,0.0,0.0,0,43,0.0,0.0
0x006f1973f3a2911fc15569d7787f51fb114db606,72,1,260000000.00045997,260000000.00045997,0.0,0.0,0.0,0,23,0.0,0.0
0x006f26845ed58e4503a0dd61c69708e3cc028cc5,10,2,126908271326198.19,84680157080986.1,42228114245212.08,0.0,0.0,0,23,0.0,0.0
0x006f74448baead5563915255c8fbc12fd7f6a5df,298,4,1.598080957824772e+18,527424815882618.25,8.386702430484303e+17,7.588449899604591e+17,38300000000000.0,0,115,0.9048192615039978,13.770882921217186
0x006fda5407be210b6d8d653b04859a748e84e64a,1,1,7.699545,7.699545,0.0,0.0,0.0,0,1,0.0,0.0
0x00702c8e7a704dbb88efdf09e532447530ab6d0a,7,1,7618593909.714608,7618593909.714608,0.0,0.0,0.0,0,16,0.0,0.0
0x00705d931184135830185bb284fb8ed277693d0d,2,1,121921120034518.72,121921120034518.72,0.0,0.0,0.0,0,1,0.0,0.0
0x007078c8001b515b14000cc78306072a5dfd55b3,30,4,612870951763629.2,161438576774936.34,100568846308743.98,100595126082429.66,250268402597519.3,0,29,1.0002613112773016,0.6450617620897243
0x00707aa2eeff1ddb8b22bd1539f92818c9cb8a85,39,4,3.111669589365554e+17,3.1116695893626074e+17,141367.403444,141409.78332800002,11885.146307,0,75,1.0002997854029116,26181163521141.727
0x0070bc9033adf1e49517f98304f41f778d370208,43,5,3.2079193201537864e+16,1.4615824339271638e+16,4250000000011500.0,4251350681315572.5,8962018180939157.0,2,84,1.0003178073656633,1.6308630538551308
0x0072b1fa7a78e6e2df568563fb551ad2fb8c01bc,2,2,33100000000.0,28100000000.0,5000000000.0,0.0,0.0,0,1,0.0,0.0
0x0072b9af9a7dc5a42091f01d3d22bcf298d398fd,54,4,34944598.896988995,6807525.695169,8149019.130542,10346971.206922997,9641082.864355,0,85,1.2697198326781702,0.7060955487000092
0x0073245e2bf4f38400634d4ba7527bbd34bfc6ba,10,4,4095843288395169.0,1499933929241.2056,2080000000000000.0,2012842695104583.5,1500659361343.9453,0,54,0.967712834184896,0.9995165910922715
0x0073894fff63595d6cca3802aad6b9ecf5491ca6,2,2,2044.000115,1022.000045,0.0,0.0,1022.00007,0,1,0.0,0.9999999755381621
0x0073943c869d55da3b7c8ab40ee3c2a68b65fb33,63,4,2.339879555762511e+17,6.946280153298065e+16,4.75000000000225e+16,4.753260051331194e+16,6.9492553529936056e+16,0,23,1.0006863265955668,0.9995718678413135
0x00752654dcd85f8e42e207ccf48212388fd7173d,1,1,1.10838,1.10838,0.0,0.0,0.0,0,1,0.0,0.0
0x00752fceceba64c2f5a18f3ad5f3fd8938b96a4f,2,1,0.640496,0.640496,0.0,0.0,0.0,0,1,0.0,0.0
0x0076b2f8ead986bb6de67735313891c0876f4388,2,2,29000000000.0,24000000000.0,5000000000.0,0.0,0.0,0,1,0.0,0.0
0x0076bc177845e513018cda51be5e5f80f44aeb50,2,1,0.9997710000000001,0.9997710000000001,0.0,0.0,0.0,0,8,0.0,0.0
0x0076fcc7d245f6c7aaf07238adfb48adc62bdd55,21,4,1828287221231612.8,807750000000025.9,340142000010023.0,340184939175662.2,340210282045901.7,0,42,1.0001262389403187,2.374266865605911
0x00778698bbc902543b596af6e7c0aa13b614162d,48,4,7508499000035613.0,7508499000009651.0,9646.501,8157.921276000001,8158.845183,0,77,0.8456870813572714,920289432094.4551
0x007821abbcc2da83df7fdf57520741d6ea1042f2,1,1,1.109238,1.109238,0.0,0.0,0.0,0,1,0.0,0.0
0x007849ce924f0a3ed1baccbff2742a3d1cdc7ac0,4,3,182385972317662.38,425828511372.08,181960143805990.0,0.0,300.292232,0,9,0.0,1418047042.162849
0x0078c86e12186e2de1ff6fef5f1ada2bffde4ea5,11,4,8567075458239080.0,12000000000000.0,2500000000012892.5,2506242855901444.0,3548832602324744.0,0,13,1.0024971423554077,0.003381393642557027
0x0078dc11a5b751eb0e94d6c97cae29acf6e8579d,10,4,251773398506699.44,251773398506479.3,110.0,110.03105500000001,0.099834,0,16,1.0002823181818183,2521920372883780.0
0x0079228fa4e08e800883021b18ff0bc7937b3aef,2,1,4526325400.454035,4526325400.454035,0.0,0.0,0.0,0,8,0.0,0.0
0x00795ff7870798a332a99c3969406286259dce8f,17,3,391429893283600.44,789883390099.1188,390319796886685.2,320213006816.11206,0.0,0,79,0.0008203862816342723,0.0
0x0079bf6868cb1b7cf4a451311fd70c348f3ed38b,1,1,2.0,2.0,0.0,0.0,0.0,0,1,0.0,0.0
0x0079e0ce802e67adba53ac0e7927f45f6304ae6f,2,2,10000000000.002,10000000000.0,0.002,0.0,0.0,0,1,0.0,0.0
0x007b003c4d0145b512286494d5ae123aeef29d9e,23,2,1.523033672453462e+16,1.5228568699250252e+16,0.0,0.0,1768025284367.4465,0,117,0.0,8613.320654347224
0x007b212ac048a425d2019d14e7be4aeae3faf8e9,2,2,20964.001240999998,10482.0,0.0,0.0,10482.001241,0,1,0.0,0.9999998816065776
0x007c426ab1b726e3be68b37ac0ffa8aed94447bc,1,1,98700000000.0,98700000000.0,0.0,0.0,0.0,0,1,0.0,0.0
0x007c4bb067d9b6afeb4c13415477d396123c4aa3,262,4,7.154686530629232e+16,2.8949818848521636e+16,1.7315522156263976e+16,1.4741289134472128e+16,1.0540235167034572e+16,0,123,0.8513337918105689,2.7466008480593023
0x007ce1895ca7a000e37a524399920ad7dae41f43,3,1,4271723421.428679,4271723421.428679,0.0,0.0,0.0,0,12,0.0,0.0
0x007d418f61454569a051b5a9d11112996a986bb1,1,1,1.10794,1.10794,0.0,0.0,0.0,0,1,0.0,0.0
0x007d42732fee6a2a8de421a06dcc02daf93e2b2f,8,4,1823.357859,869.1806469999999,173.0,173.201162,607.97605,0,11,1.0011627861271677,1.4296297477507542
0x007dc697bbc1bdfb0988db00ebb3d17d52fdda3d,196,4,6.106740353444334e+17,2.443861919475253e+17,5.4542304561490696e+16,4.277195683209771e+16,2.6897358200331968e+17,0,25,0.7841978291158718,0.9085880855931386
0x007de57773b6eb4ebbf6a740dfde1efdd5629630,12,3,1916170304036.8916,1766170303730.4146,150000000000.0,0.0,306.47705399999995,0,88,0.0,5762814150.942651
0x007e4e679e14f17d62607418f546e2d97d9e5a61,6,4,514955272379915.25,514955272379165.1,250.0,250.093708,250.076315,0,2,1.0003748319999999,2059192500413.9841
0x007e8e7ccdfc45f0a6319a3aa938203126f1d646,4,4,7054000000000000.0,2750000000000000.0,777000000000000.0,777000000000000.0,2750000000000000.0,0,1,1.0,1.0
0x007edad4e994b9dc1a1229eb6d4c852d08c6ed33,1,1,0.012126,0.012126,0.0,0.0,0.0,0,1,0.0,0.0
0x007f0596cce8ff85fb8091e410aeb5cad529ba4d,1,1,472985624615176.3,472985624615176.3,0.0,0.0,0.0,0,1,0.0,0.0
0x007f3da6715efd4b6994b7348b644b64b695d3b1,137,4,34562529.50852,7417087.899444,5331225.136890001,5337110.814414,16477105.657772,0,8,1.0011040009327823,0.4501450711973478
0x007f4172d3dcd318d7bd0eec9325ad5e4c2bcc8d,5,4,4.9285766275638616e+16,1.1742091046484206e+16,8542371613304700.0,8600798908945072.0,2.040050470690464e+16,0,59,1.0068397042747907,0.5755784582383418
0x00800d9019001aff6e1eba3312e35e9b22d3f058,122,5,1.8605620946876964e+16,1.8599219343951536e+16,52470.785089,33408.060079999996,6401602839550.322,4,111,0.6366983078933134,2905.4003833293145
0x0080568c64209a91110f1333057f5e34a0e5b62e,1,1,0.157891,0.157891,0.0,0.0,0.0,0,1,0.0,0.0
0x0080a01a45d5e023435dc82970ec2681a5ae050e,49,3,2.9555730238225984e+16,1.913392723767022e+16,1.0421208498766338e+16,0.0,594501789424.6216,0,105,0.0,32184.810168845186
0x0080bdce06d56ce3911ad7f73e4c3bbd577e267b,11,4,2.0245029765828904e+16,1.029562642798893e+16,6153.477258,6166.277105,9949403337827654.0,0,23,1.0020800998302803,1.0347983771896085
0x008160cbce03ce9c914d9734c821fe96899185bc,2,2,100000000390.18237,50000000000.0,0.0,0.0,50000000390.18238,0,1,0.0,0.9999999921963525
0x00817ccd987f38563a46027758376123c870d263,1,1,7348.389134,0.0,0.0,0.0,7348.389134,0,1,0.0,0.0
0x008183a11eacc113e85007bd14bfbd6da3f687f9,63,4,2125368089227699.0,2125224449166614.8,71810205362.58672,71829849478.96413,6242.777325000001,0,96,1.0002735560534637,340429321522.63086
0x0081b2ec2af3f22528d6581e6554aaba5141e985,17,4,1.407972958193028e+18,2.68024e+17,3.159241511978043e+17,4.1194996025039974e+17,4.12074846744824e+17,0,6,1.3039520995419955,0.6504255285593129
0x0082a12e195b8f31660830132e72716225382075,47,4,3353142280190643.5,950217163714550.6,1019000000002465.0,1000000904515779.5,383924211957848.06,0,27,0.9813551565391172,2.4750123438916565
0x0082c6c4decefca6626b5e66929fb2ceca7c994f,1,1,94900000000.0,94900000000.0,0.0,0.0,0.0,0,1,0.0,0.0
0x0083e235216ffe303c9db58e2eca7d69f99afd2d,2,1,398900000000000.0,398900000000000.0,0.0,0.0,0.0,0,6,0.0,0.0
0x008426fc298852d92a4a2b3607aa384a51c4b65a,4,4,3.91639990000156e+16,1.9582e+16,7800.0,7800.0,1.9581999e+16,0,1,1.0,1.0000000510673093
0x008450344d3518a45a2d4fd0425eea6a5c08033d,92,4,4.728579004398283e+16,1.5956587307050404e+16,2.415700000006427e+16,7008061633460293.0,164141103407865.62,0,15,0.2901047991655275,97.21262362542255
0x00847f96c75f1fd63f6d625a3342ba0123b20200,70,1,260000000.00044003,260000000.00044003,0.0,0.0,0.0,0,23,0.0,0.0
0x0084ac988560b4724413941a0a89f7ea57da4fe5,3,2,161586088830293.03,161586088830000.0,0.0,0.0,293.013592,0,51,0.0,551462775931.5684
0x00850f22f6d422d8987f796a9f23fd9e45bda47e,2,1,2.018583,2.018583,0.0,0.0,0.0,0,8,0.0,0.0
0x00861fefcfef0a542b0a6c90ce1ee575e257a6c7,66,4,5002007067188146.0,1759441521976696.2,1080336332089335.0,1080947768130745.1,1081281444991370.0,0,99,1.0005659682297527,1.6271818314525306
0x00868d173cf4463514ce9cc871f06edb1f3b16c4,4,1,942481730064956.9,0.0,0.0,0.0,942481730064956.9,0,1,0.0,0.0
0x0086bf55d1e7225d1faf4f17ccd48983b0146cc6,22,4,1.4772254292203434e+16,1.076906820453316e+16,4002089660756581.0,1431.7783080000002,1096426912261.319,0,9,3.5775767895448086e-13,9821.96631996433
0x0087899a5bf67ca95147d3ad6b76907288972055,1,1,104100000000.0,104100000000.0,0.0,0.0,0.0,0,1,0.0,0.0
0x0088092651027c8566be1011c29f3a71eebe5efe,7,2,7838704336616154.0,3908079703743749.5,0.0,0.0,3930624632872404.0,0,70,0.0,0.9942642884441043
0x0088b7a2ee442d30dc18b5fe9e3227af18120b02,2,2,25000000000.01551,25000000000.0,0.015511,0.0,0.0,0,1,0.0,0.0
0x0088ed232bae631195655bb31da1ee5a61ebd5ab,1,1,1.179479,1.179479,0.0,0.0,0.0,0,1,0.0,0.0
0x0089b988ca94bf62cd88a5af10e5cfc9432ef568,1,1,547287482.996661,547287482.996661,0.0,0.0,0.0,0,1,0.0,0.0
0x0089ca86f688fd3c2efaf737a28f52b0ce1ef380,1,1,1.108107,1.108107,0.0,0.0,0.0,0,1,0.0,0.0
0x008a34511b9808c41237d7568e409141ab10796b,38,4,2902103242563103.5,2182103242560080.0,650000000002000.0,1024.137425,70000000000000.0,0,79,1.5755960384566903e-12,31.172903465144
0x008a5ff6e91ba1eef94655853c3690d15d1153bc,1,1,102400000000.0,102400000000.0,0.0,0.0,0.0,0,1,0.0,0.0
0x008a86b4dbbe4fe8a7f2145cdc676ffff95bdf23,1,1,4116237323.218729,4116237323.218729,0.0,0.0,0.0,0,1,0.0,0.0
0x008ae504ac6c0c89d32009c02b3a92e57fec188b,17,3,230136580932419.72,230136580932252.12,134.43,33.126739,0.0,0,43,0.24642370750576506,0.0
0x008af94ec70860b667caec3a2e2de07597db90c6,39,4,1.0725955755199228e+16,4828300463692112.0,542000000002750.0,543010691540885.5,4812644599963479.0,0,80,1.001864744535296,1.0032530687449375
0x008b1ffe244bf31896c833bff4ad9009e7a0f4eb,37,4,9.905823401151369e+17,5.361241819769672e+17,4.420611935728475e+17,81227.891423,1.2396964565240978e+16,0,54,1.837480706381308e-13,43.24640755045554
0x008b24d362ca3f7dd93ab9902927eb3af50216d1,1,1,3813228000000000.0,3813228000000000.0,0.0,0.0,0.0,0,1,0.0,0.0
0x008b61e1a118db01bc5e253da985c5f11fe04b4b,2,2,34900000000016.0,34900000000000.0,16.0,0.0,0.0,0,1,0.0,0.0
0x008bddb9cca2d92deee55a50d0f358eaf4b7f076,24,4,7400486152.61372,7400485457.516686,211.0,111.05439,373.042644,0,49,0.5263241232227488,19838175.545197688
0x008bf5ef7e1b1170f0f7471b93f62b5cac55316f,1,1,24829100033397.875,24829100033397.875,0.0,0.0,0.0,0,1,0.0,0.0
0x008c2b6e55284a2ea09c62d50a7da4c7c151dec9,1,1,5463857079084793.0,5463857079084793.0,0.0,0.0,0.0,0,1,0.0,0.0
0x008c3eb2cfd1f9ab110485c75fea549926f28b47,2,1,53555757411.17737,0.0,0.0,0.0,53555757411.17737,0,1,0.0,0.0
0x008c9ce69f80e890d3fb27d9d6c94c570a53889c,1,1,1.109003,1.109003,0.0,0.0,0.0,0,1,0.0,0.0
0x008d2d57867efeba246e3bd8034ceb8c8f596950,2,1,2.845929,2.845929,0.0,0.0,0.0,0,12,0.0,0.0
0x008d399b5936b8fc3d6ce86ad53ac001217e3978,9,4,253339176480863.94,140489914659733.25,37359296880246.234,44.11842,75489964940840.31,0,7,1.1809221180318214e-12,1.8610409313321559
0x008dfd01cba93125fc08f41e86cfa02b2d203005,2,2,18283.260834,9141.630834,0.0,0.0,9141.63,0,1,0.0,1.000000091230995
0x008e2fd504a73089ccd6fc0584665905f411ca3b,1,1,94400000000.0,94400000000.0,0.0,0.0,0.0,0,1,0.0,0.0
0x008f1edc31890f9c66d4b9cf24c78dd651502274,45,4,493964274173715.2,186925908475486.1,55000000000087.9,55039707321384.74,196998658376756.4,0,15,1.000721951296305,0.9488689416249406
0x008f96aab23e71c98398e6c5dabf2ee2ded9f15d,184,4,1.6693778152710396e+16,6491238436734161.0,4265000000003575.0,2417923966911952.0,3519615749060709.0,0,140,0.5669223838006858,1.844303156805256
0x008faa257fd02ff7b9ed19e4bd16b2fc4f71a98f,1,1,1.1,1.1,0.0,0.0,0.0,0,1,0.0,0.0
0x0090ca02bba03a52241bfb641cc575bd4990432c,2,1,2.2,2.2,0.0,0.0,0.0,0,6,0.0,0.0
0x0090ca7a7e7923d6b67319c268f3eef1b5bd5d3c,7,3,357142159905782.4,357142159905402.25,275.0,0.0,105.064141,0,70,0.0,3399277398607.411
0x0090fb1887c411fe826cba2832a004e5d9882284,1,1,6242740080.150504,6242740080.150504,0.0,0.0,0.0,0,1,0.0,0.0
0x00913b0179ae1afaf4ec5a3c265611008560f63f,1,1,2000000000000.0,2000000000000.0,0.0,0.0,0.0,0,1,0.0,0.0
0x00916ef0f7c59f94a28ec2a332b95d4c089a8d48,5,2,1.1566318688734308e+16,9044000000000000.0,2522318688734308.0,0.0,0.0,0,87,0.0,0.0
0x00917065867c9cb16d75abfbfa76aa69bd92ab75,2,2,51900000000.0,46900000000.0,5000000000.0,0.0,0.0,0,1,0.0,0.0
0x0091c05a50ef584f09c5c8b813a207198643788a,1,1,5.001972,0.0,0.0,0.0,5.001972,0,1,0.0,0.0
0x0092a80c90069d5a243caa28fff0eddd5c03696d,3,3,1000000000000.5,1000000000000.0,0.5,0.0,0.0,1,71,0.0,0.0
0x0092f6fe26d0c54f9e60326e8d93cf6770cdf494,27,4,1.7492308944787716e+16,5403152306564038.0,3369713852406691.0,3370363013645041.0,5349079772171946.0,0,4,1.000192645805188,1.010108754532583
0x009330f669003eada06b676b6e5cb77415471e7e,4,3,4500000000000.016,4500000000000.0,0.007891,0.007892,0.0,0,8,1.0001267266506146,0.0
0x0093660a2f58c0c38ce2ce0f894c86f9011478ea,162,3,94849216661.90105,79399608226.68588,0.35024500000000003,0.0,15449608434.864931,0,74,0.0,5.1392634681605145
0x00940bbff7ff7778b466fd26fe2932051885c1ce,4,2,4.914307,2.456638,0.0,0.0,2.457669,0,7,0.0,0.9995804968040854
0x0094cb1657ee9da34b93845aa142eaa59169ee05,245,4,1.8730411878235292e+16,6159953611587741.0,8318572806309273.0,2766922234399496.5,1484963225938782.2,0,116,0.3326198253985236,4.1482196353337075
0x0094ccf467b9b767df3203796250014a7174a87d,4,2,2500000000000.0,2000000000000.0,500000000000.0,0.0,0.0,0,1,0.0,0.0
0x0095afc96094160cea6a5e00b5858369f25f3d74,10,3,61997177531265.22,2118565007297.9011,120.0,0.0,59878612523847.32,0,88,0.0,0.03538099695369794
0x0095d0862b889c5b8606962cb834a3634a8745b7,1,1,3455553000.0,3455553000.0,0.0,0.0,0.0,0,1,0.0,0.0
0x0096e6df996e6cb590c5aaa40ce00dc449f9659c,1,1,1.108253,1.108253,0.0,0.0,0.0,0,1,0.0,0.0
0x0096ecc56a1bb6c4dea4233dec48fb5f6d7375b4,4,2,40400.00024,20200.0,0.0,0.0,20200.00024,0,1,0.0,0.999999988118812
0x0097f65bdc45149e5ffac00e4c51a5b073af7245,13,5,23253442836.928127,12565092582.149366,1.44,0.870004,10688350252.46876,1,1,0.6041694444444444,1.1755876524767817
0x00980decdab20f78ab79dc28171b68ce238ec327,4,2,40918.000224,20459.0,0.0,0.0,20459.000224,0,1,0.0,0.9999999890512734
0x00983187e18f62a2ac1dcebd63f2e5f50394cc74,39,4,5875840422252458.0,2420836930250351.5,5350.0,5007.239917,3455003491991749.5,0,63,0.9359326947663551,0.7006756826328939
0x00988fe82c5550c2240c9874d55cbd100cd1a722,4,4,7776000000000910.0,3888000000000000.0,455.0,455.0,3888000000000000.0,0,1,1.0,1.0
0x0098b56dc561854ab6f8e0d6796137dc6d808b68,3,2,9000000000016002.0,9000000000008000.0,0.0,0.0,8002.242294,0,4,0.0,1124684765763.2297
0x0098bc1587f679bd2e678bbf64ccfea4a0d3b899,2,2,32500000000.0,27500000000.0,5000000000.0,0.0,0.0,0,1,0.0,0.0
0x0098bf50fb96f428faf3e60e67c06eb1ee07e336,1,1,0.012675,0.012675,0.0,0.0,0.0,0,1,0.0,0.0
0x009990e99b12f7ebcc594fb721fe56e4f88ac27e,5,4,973008250001136.2,973008250000283.9,283.828866,284.581321,283.836047,0,11,1.002651086940537,3428064406492.6816
0x0099a7b429f7541cbda34d6aa8cd82181fbb8bb5,37,4,2.178966957836132e+16,1.811400056400147e+16,2661931266623174.0,1000264609332577.9,13473138404097.059,0,14,0.37576650527174427,1344.4529418990583
0x009ae9ce6f09789a764aaab19781864db4edbb16,2,2,18420.0,9210.0,0.0,0.0,9210.0,0,1,0.0,1.0
0x009b05514d08da09a84f47de870af880bcd375a5,4,2,1045328980678544.9,47000000000999.164,0.0,0.0,998328980677545.6,0,64,0.0,0.04707866936718717
0x009b21f6f8273fe12dbc9c8025ca27db7de16b8c,187,4,2812965577703082.5,684573255496733.8,524000000000371.0,524316001961260.25,1080076320244717.2,0,82,1.000603057177269,0.6338193354166187
0x009b56330ae5ec5042b9ca46ddb3043cc0d006f3,3,3,100100000000000.0,100000000000.0,100000000000000.0,0.0,0.0,1,8,0.0,0.0
0x009ba176a4d59d90357e9ed631c3038dcfa7f18b,8,1,834387210641918.1,834387210641918.1,0.0,0.0,0.0,0,66,0.0,0.0
0x009bd2e8e42fea1fab886ed083f5332eefa35b85,3,1,3340534.1447440004,0.0,0.0,0.0,3340534.1447440004,0,14,0.0,0.0
0x009c52172355d5729543a64832249638822ff8c9,4,4,1.2016e+16,4885000000000000.0,1123000000000000.0,1123000000000000.0,4885000000000000.0,0,1,1.0,1.0
0x009c8da3408c57e8c4b6872fbbdf832dadf45c5e,22,4,313.562217,120.752216,36.0,36.014992,120.795009,0,6,1.0004164444444443,0.9996457386745177
0x009d1b5cff376266cce5f3c471aecb61c09b676e,1,1,936764173316730.1,0.0,0.0,0.0,936764173316730.1,0,1,0.0,0.0
0x009d3342ac1246d0e95a7f6772e11ce9f07b2560,4,4,2527999940000000.0,1000000000000000.0,264000000000000.0,264000000000000.0,999999940000000.0,0,1,1.0,1.0000000600000036
0x009e7a5a378a128d9afdb80dd8aeaa04c30a67d0,1,1,6.305761,6.305761,0.0,0.0,0.0,0,1,0.0,0.0
0x009e8675b19be214d3f620e90c5e0de7a13c3c5a,109,5,3.376810792847754e+18,2.3508280471569894e+18,5.500000000030036e+17,4.759827456866438e+17,1118051.428704,2,104,0.8654231739709898,2102611728587.4534
0x009f79b5d57ee262330848096916e6a7e2a28eca,1,1,1.130929,1.130929,0.0,0.0,0.0,0,1,0.0,0.0
0x009fd1cb55a0af9a9a645b8140a7014b46e6abda,1,1,1.089764,1.089764,0.0,0.0,0.0,0,1,0.0,0.0
0x009ff94a057c75f661e3e28f89b9b9d84e57fc67,252,4,5.795422067652122e+16,5.198957770058398e+16,1000000000068470.0,1000642975855777.5,3964000000012988.0,0,97,1.0006429757872635,13.115433325028668
0x00a0847926a77692495774f1c71ba8abef99dd52,62,4,8.647420128868495e+17,3.2076849337073363e+17,4.189819549087518e+17,1.0000816328997923e+17,2.4983401317384852e+16,0,18,0.2386932470916547,12.839264329774222
0x00a09297f06b3790a37cffb2de91a0fccf0d5bac,160,4,72696212609522.72,34126989383776.984,26000000000170.0,10000018447088.803,2569204778486.9375,0,79,0.38461609411628533,13.283094313671304
0x00a258e6e7009cd9a677fef9c7496dd5ef59b518,2,1,4427133273.792371,4427133273.792371,0.0,0.0,0.0,0,6,0.0,0.0
0x00a290c589d754b5b33afd5fcfc35784bbe5e0fc,1,1,1.013333,1.013333,0.0,0.0,0.0,0,1,0.0,0.0
0x00a3141fe0c2f5b67338cf9da496d1b3a65969e3,3,2,161000000000.16998,110000000000.17,51000000000.0,0.0,0.0,0,1,0.0,0.0
0x00a3d4e0134ff2046e9c9b83d3321625ba3da1bd,16,3,23726456374.621048,23726456374.619507,0.0007719999999999999,0.0007719999999999999,0.0,0,18,1.0,0.0
0x00a4a60954be0edeb7f6f408ad6a0fd7c35b80b4,1,1,1.016124,1.016124,0.0,0.0,0.0,0,1,0.0,0.0
0x00a565efa59cd8bbe65785f1122f88ebc41a23e1,2,1,3937821991.975903,3937821991.975903,0.0,0.0,0.0,0,8,0.0,0.0
0x00a67dc242df79dd7f6145ce38840581ae90c110,13,3,1.944122271275377e+16,1.893622271275272e+16,505000000000000.0,0.0,1049.916361,0,81,0.0,18035934495502.848
0x00a72d7b5050e8fa50a471f2c9af1dc21eac4d36,18,4,3260718844594332.0,3260718844522649.5,16861.425146999998,16866.417114999997,37955.032648,0,20,1.000296058485951,85910052423.42928
0x00a73c4e596bec4c4068a9152da71e45480b5450,4,2,1.7374800000000001,1.679192,0.058288,0.0,0.0,0,23,0.0,0.0
0x00a8bec03805bcfaafab1050dbcf90f57982d750,153,4,6.814645927223447e+17,6.809461930385292e+17,518399681870911.3,584290.859263,1360351.659317,0,121,1.1271049726618012e-09,500566297232.5964
0x00a8e50de90d41454813722ba73ab5d80bd01b10,1,1,9.8e-05,9.8e-05,0.0,0.0,0.0,0,1,0.0,0.0
0x00a9481685d2cb1536bbe5188a898b38d36e34d8,4,4,4.2006000000004e+16,2.1003e+16,2003.0,2003.0,2.1003e+16,0,1,1.0,1.0
0x00a9e3a9a065bf942960f76a228239a3ce9bf755,1,1,1.1,1.1,0.0,0.0,0.0,0,1,0.0,0.0
0x00aab1b1a554f59b96a0de510837ba951ba375e0,2,2,4000000000000.0,3000000000000.0,1000000000000.0,0.0,0.0,0,1,0.0,0.0
0x00aac20f271c4731591cca07913e994d6f1075c0,633,4,7522073316792200.0,1014583871236449.2,5091631747623080.0,1392786327477842.8,23071370454828.48,0,104,0.2735441988961663,43.97588228332195
0x00ab84845d68063c1dcd2a5f2cead5f253b249a2,148,4,2125627941410507.5,1271676527773266.0,605000000000990.0,991.4790629999999,248951413635260.0,0,138,1.6388083685923595e-12,5.108131378745275
0x00ac270072efbdc76d4bfcf9c7f84b0d5643f66a,1,1,18853599495274.89,0.0,0.0,0.0,18853599495274.89,0,1,0.0,0.0
0x00ac60244df04dfc07146f037d14f93320af57c9,203,4,1.869306338799784e+16,1.1311623129009466e+16,5881325000009268.0,1500115258928037.8,51067.214876,0,63,0.255064166480457,221504602443.58414
0x00ad3d4cc099be937879451698c673cbd5c3cefc,3,2,765692250217.2766,755692250217.2766,10000000000.0,0.0,0.0,0,7,0.0,0.0
0x00ad3d8c4a73cea708e0a7d1b35440c1fcd821ca,2,1,1650000000.0,1650000000.0,0.0,0.0,0.0,0,31,0.0,0.0
0x00ae040fa92f162d68b507e62e83939c6e07da43,1,1,10000000000.0,10000000000.0,0.0,0.0,0.0,0,1,0.0,0.0
0x00ae8ac9639aa924a0f4db6b48663a56601b9fe7,1,1,90000000000.0,90000000000.0,0.0,0.0,0.0,0,1,0.0,0.0
0x00af05a74080485086d370d9c65d246f0f906528,14,3,43835953231945.43,43835953230620.63,1324.799736,0.0,0.0,2,52,0.0,0.0
0x00af158367a6fcdb1a367f6d503e05799f340881,4,2,110000001.02081,100000001.02081,10000000.0,0.0,0.0,0,28,0.0,0.0
0x00b16e6a156a7398ca39179f49c1245f4709188e,1,1,97300000000.0,97300000000.0,0.0,0.0,0.0,0,1,0.0,0.0
0x00b1be054a8ebe834869496ce0f7bbfe233789dc,4,1,3242735669444.193,3242735669444.193,0.0,0.0,0.0,0,7,0.0,0.0
0x00b1c4f1978b650072cbde5a85440489bd03a13c,1,1,1.106522,1.106522,0.0,0.0,0.0,0,1,0.0,0.0
0x00b294517a1f6e6e013fd78d4252c2aa8aa72836,1,1,9.8e-05,9.8e-05,0.0,0.0,0.0,0,1,0.0,0.0
0x00b34033000b485119da0260bac0cd946faa6a1b,1,1,4676858157.786432,4676858157.786432,0.0,0.0,0.0,0,1,0.0,0.0
0x00b344e08d3b5fb6e6cd711affa9cf971c291c44,1,1,0.731659,0.731659,0.0,0.0,0.0,0,1,0.0,0.0
0x00b43a92d45ccdfeef6ea98d56f775586fe9e39e,189,4,1.4419043393677288e+16,4068013942623963.0,857906974993345.1,860414478260249.0,8632707997799732.0,0,127,1.002922814873866,0.4712326588204769
0x00b44a26933a204f5559ab87e8998ab6617feec9,5,2,307074146434911.7,141438959302207.44,0.0,0.0,165635187132704.25,0,2,0.0,0.8539185528790378
0x00b44f149ddb22209db070da0bca4bb01a6e555c,187,4,1.2925957265139133e+18,6.252643047052572e+17,6.284270000000582e+17,1.795697662972362e+16,2.0947445178874104e+16,0,57,0.02857448300235661,29.84919160145831
0x00b46cfd36379436272a650c550f0652d0d59165,1,1,1.10848,1.10848,0.0,0.0,0.0,0,1,0.0,0.0
0x00b49bd7e1a75f98a82ca101909994e52a90e990,8,4,353557998883268.9,98149731786714.78,78000000000000.0,78660000096554.11,98748267000000.0,0,68,1.0084615396994117,0.9939387775454812
0x00b591bc2b682a0b30dd72bac9406bfa13e5d3cd,114,5,1.0420424610686024e+18,1.0146014704421016e+18,2671594901270.283,2673370734849.26,2.743564566086465e+16,1,139,1.0006647091511263,36.98114062937369
0x00b5ae14450bfd084a00599b6875496aec543e39,1,1,1400000000000.0,1400000000000.0,0.0,0.0,0.0,0,1,0.0,0.0
0x00b5ebd8c8561a28c1834fe08d7e607b73271328,50,4,194737.643583,52138.543219,44740.0,44772.799975,53086.300388999996,0,33,1.0007331241618238,0.9821468596783892
0x00b65668a962ee571a8f223abd696ab1bd3a391f,4,4,4.200006,2.000002,0.1,0.1,2.000004,0,1,1.0,0.9999990000019998
0x00b7af5a4aaafd2ae2721ac415de840dd84efc5a,29,4,380639596331874.9,273099904778411.2,107539691552690.06,180.16730199999998,593.447954,0,26,1.6753563209889377e-12,460191838117.6375
0x00b7bfce579307a1c113c1c4af6cde13a14fc683,1,1,1.0,1.0,0.0,0.0,0.0,0,1,0.0,0.0
0x00b81c25a5301a1dadfff40f33de25f001d3a096,1,1,1000000000000.0,1000000000000.0,0.0,0.0,0.0,0,1,0.0,0.0
0x00b878d53e8816048eea4c74603932a1dec4daa9,1,1,10.0,10.0,0.0,0.0,0.0,0,1,0.0,0.0
0x00b879bfb781a1dc21d6a810fa377a0d2064426f,1,1,9854.010142,0.0,0.0,0.0,9854.010142,0,1,0.0,0.0
0x00b89bc301c399c1ba531689c71a09cb363753b1,1,1,0.012428,0.012428,0.0,0.0,0.0,0,1,0.0,0.0
0x00b8bd07af4aa69f6d8ce7fe8777b2dcfe8c822c,1,1,1.10782,1.10782,0.0,0.0,0.0,0,1,0.0,0.0
0x00b8bfc0b407187392aa9fe56eaa7c17b5ebec48,109,4,2625664810345468.5,1113080937242289.8,625980046375102.5,350514980586672.9,536088846141403.3,0,33,0.5599459321689557,2.076299376966881
0x00b8e23fe7ddea6791131decc5117023dc03cfb0,45,4,676413213706099.0,229418892581272.7,100000000000505.77,100031011964064.19,246963309160256.25,0,76,1.0003101196355826,0.9289594205769293
0x00ba0f9e3b612bc7b6712964848f2b1d3e75bbac,2,1,2.2,2.2,0.0,0.0,0.0,0,5,0.0,0.0
0x00ba8ccbf0c1ce62834d72706fe3236387f5da35,13,4,7689214699333.567,5125028938523.672,6500.0,4003.104002,2564185750306.7905,0,49,0.6158621541538462,1.9986964430757368
0x00ba93361a625e008023f30b6d031d6423f99140,2,1,11.981189,11.981189,0.0,0.0,0.0,0,6,0.0,0.0
0x00bb0532dd949fab848d72a951a1d6c2b197d935,3,1,4948102398.001726,4948102398.001726,0.0,0.0,0.0,0,4,0.0,0.0
0x00bb6c783fce35b92e6cde0874abf2c580673753,1,1,111000000000000.0,111000000000000.0,0.0,0.0,0.0,0,1,0.0,0.0
0x00bb7c23500573ca6933778837c9dedd247e94d9,1,1,1.107763,1.107763,0.0,0.0,0.0,0,1,0.0,0.0
0x00bb88a8309759a7c9f0a5c8e3a9364e8f564a8d,10,4,0.093777,0.037952,0.008937,0.008937,0.037951,0,1,1.0,1.0000263497668045
0x00bbcd7ea98da5f60ee393533aaa9edeb8573167,16,3,265900002175451.62,187000000000053.78,78900002175344.03,0.0,53.789619,0,2,0.0,3476507242039.6543
0x00bbfa640a4bac8f3650373be8f4bd77f0472101,192,4,3.179561199909489e+16,1.0034566168688842e+16,1.1909257930183224e+16,4785529695832743.0,5066258204390081.0,0,83,0.4018327358335346,1.9806661571243165
0x00bbfa896cb54e2b1d3db2a7027368b43d344a21,1,1,28000000000.0,28000000000.0,0.0,0.0,0.0,0,1,0.0,0.0
0x00bc82902a4fbfa08fc5da418f642209f7b10c0f,3,2,117722.56426099999,64212.564261,53510.0,0.0,0.0,0,1,0.0,0.0
0x00bdc8be263d20bb3a83aaeadfef258dd409e2df,224,4,1.5664953169962726e+17,217021917141715.0,7.809600000027285e+16,7.810901938385315e+16,227490398359566.28,0,114,1.0001667099925766,0.9539827557851254
0x00be57e4ec695d077e63c5eb84187a7e70169279,4,1,23869.147993,0.0,0.0,0.0,23869.147993,0,6,0.0,0.0
0x00bf2f290d3aef716cd8127acc153c273c23c538,103,4,2.0853256026836736e+16,1.7002478102764468e+16,102239.076151,63505.859915,3850777923906524.0,0,141,0.6211505649875617,4.415335923998404
0x00bf6ec0064e1a733a0fcc6df071b2cf514ff0e8,18,4,1447.31845,444.658517,279.00001399999996,279.000707,444.659212,0,1,1.0000024838708432,0.9999984370052812
0x00bf807dfb399cf973433599f2f23210ac54ca94,1,1,1.108732,1.108732,0.0,0.0,0.0,0,1,0.0,0.0
0x00c26a3e7117cfe0e4afacff2a1be9e3d2384c6e,79,2,218432791326880.06,149140515882942.06,69292275443938.02,0.0,0.0,0,3,0.0,0.0
0x00c2ac8857ea018a1cc23d529ec26f55d0bc1849,3,1,2.100781,2.100781,0.0,0.0,0.0,0,11,0.0,0.0
0x00c2e5aa91c2b6927a4e8533482c8217b450a6a1,156,4,2.9921744367175016e+19,8.894097589852365e+18,7.003350000000001e+18,6.170975930888579e+18,7.85332084643407e+18,0,123,0.8811462986839981,1.1325269607303612
0x00c31aa7aadc000a078b01e59d443b99fa64ef08,1,1,22500000000.0,22500000000.0,0.0,0.0,0.0,0,1,0.0,0.0
0x00c33f577e35165e07dd9a43b2baf124163bac0a,5,2,1170070789096051.5,970070789096051.5,200000000000000.0,0.0,0.0,0,35,0.0,0.0
0x00c3a5aceb3fe926a7a9772a6c4efd9f6beb7d73,4,4,16553.961138,46.821682,8229.629003,8230.685675,46.824778,0,2,1.0001283984976255,0.9999338811600986
0x00c3a7a09fe2fed6f8c163202aea9cfad99874b3,103,5,1.1070087999488416e+16,5966116945712077.0,2869695733469427.0,400000000001555.06,1834275320305358.0,1,83,0.1393875996456112,3.2525743980019737
0x00c3af852e2ca04d993382b3664f62aa45ae731e,1,1,1.61154,1.61154,0.0,0.0,0.0,0,1,0.0,0.0
0x00c4803aa7cdfe5ae5d325b79d5c3c384e4a8ae9,2,1,1.995657,1.995657,0.0,0.0,0.0,0,6,0.0,0.0
0x00c4a3ac304984f216b8a8a0c182fae7984c83dc,29,4,396580851518182.25,151613919909222.8,65000000003515.0,65000044459594.734,114966887145849.62,0,30,1.0000006839396882,1.3187616336596286
0x00c4db45dda03de5bae5417530723fd7dd03da3f,1,1,1.04553,1.04553,0.0,0.0,0.0,0,1,0.0,0.0
0x00c4fd7e8e4a9680b9db58640c76d4a17bd09ee4,1,1,3802091668.813061,3802091668.813061,0.0,0.0,0.0,0,1,0.0,0.0
0x00c5514615e9aeb9cf51f2e635b33743ae062dfe,17,4,1198244742918604.2,352066992504480.06,247000000000000.0,247073222958527.84,352104527455596.2,0,7,1.000296449224809,0.9998933982718502
0x00c5ed4823b1d2e496b75e53ddb2859aa70213a3,4,2,4361.1139330000005,2180.229913,0.0,0.0,2180.88402,0,7,0.0,0.9997000725421429
0x00c609bb7806a47616de8cad327215ca70d45896,1,1,280000000000000.0,280000000000000.0,0.0,0.0,0.0,0,1,0.0,0.0
0x00c644e774d7b1a3a95154113f86b9e25350a111,4,1,1.0610609488037518e+16,0.0,0.0,0.0,1.0610609488037518e+16,0,75,0.0,0.0
0x00c6483e4f527144bb65dd2a93913abeba4dc545,1,1,109200000000.0,109200000000.0,0.0,0.0,0.0,0,1,0.0,0.0
0x00c67d9d6d3d13b42a87424e145826c467cccd84,71,4,8.775451601866752e+16,5876335949480315.0,365407690953635.94,355798015560261.7,8.115697436267326e+16,0,124,0.9737014966261519,0.0724070358170355
0x00c6bf08de7e3c560357b0b4e27da2fa6f8519eb,50,5,3029740382382386.0,1710253574066399.2,1318093377338948.5,521492828163.2769,871938148875.6794,2,33,0.00039564179376737335,1961.4390955042918
0x00c6e2363b84d2e7820c6b38ca1b46f7e0714668,4,1,10000000001.132122,10000000001.132122,0.0,0.0,0.0,0,1,0.0,0.0
0x00c7a23058e32effe114e99623b0df28861527d4,6,2,2160000000085761.2,2160000000042860.8,0.0,0.0,42900.519583999994,0,25,0.0,50349040547.48199
0x00c844967b2ab4c5ac26f44dcbffa7c06897e18e,21,4,1.3857211699212218e+16,1.0851748406167576e+16,1002372683828704.1,1001825971754213.4,1001264637461723.8,0,17,0.9994545820299068,10.83804221197457
0x00c98bc1a9458f9fb28887da8172e90df88da379,4,4,9660000000000000.0,4200000000000000.0,630000000000000.0,630000000000000.0,4200000000000000.0,0,1,1.0,1.0
0x00c9acc867f576baf35e96521d139115b316a48d,3,2,48548640171.01865,48540000000.0,8640171.018647,0.0,0.0,0,1,0.0,0.0
0x00c9e875ad0504a307aa7ab60997ea2658bc6aea,2,1,1.030967,1.030967,0.0,0.0,0.0,0,6,0.0,0.0
0x00cc1cf9b3c95b432a90878bc2c2dbb7a3daaccb,4,4,1.16e+16,5300000000000000.0,500000000000000.0,500000000000000.0,5300000000000000.0,0,1,1.0,1.0
0x00cc4cae4ce9cbd5c87f877b1c81acb8cc8bf223,2,2,13000000000.005724,13000000000.0,0.005723,0.0,0.0,0,1,0.0,0.0
0x00cd259a3e1a649e8644d527d6b9a8fdf8165e7f,1,1,6548368474.04496,6548368474.04496,0.0,0.0,0.0,0,1,0.0,0.0
0x00cd45dcbe9c167b5942f8889d31dc1388cfd172,6,1,1456943211189978.5,1456943211189978.5,0.0,0.0,0.0,0,46,0.0,0.0
0x00ce22866efe39c055ff21bda32b179a7683ab5f,4,4,4.611e+16,2.0555e+16,2500000000000000.0,2500000000000000.0,2.0555e+16,0,1,1.0,1.0
0x00ce56c1f4780f46309b52054454a9ec913dd31e,2,2,139.0,100.0,39.0,0.0,0.0,0,5,0.0,0.0
0x00cef331edda6c750fe87c52d829df082973693f,1,1,93000000000.0,93000000000.0,0.0,0.0,0.0,0,1,0.0,0.0
0x00cf963f89e7d1a23c5c72dce92a9a8c600f4819,1,1,1.10122,1.10122,0.0,0.0,0.0,0,1,0.0,0.0
0x00cfbd5d2e36dd8182318a074cb1f399b608bfec,12,4,141000000000414.12,141000000000107.03,100.0,100.070157,107.04256000000001,0,15,1.00070157,1317233070659.9976
0x00cfc6f8ff843a9b0b30f14e2310396a8743f5fc,1,1,1057857367717.7794,1057857367717.7794,0.0,0.0,0.0,0,1,0.0,0.0
0x00d14484c10aaa9b981068a8c7d25d2d26629be8,1,1,98230564.873195,98230564.873195,0.0,0.0,0.0,0,1,0.0,0.0
0x00d1c49844f3a2b3708ce59292f68570eef06286,2,2,656340335371.6667,328000000000.0,0.0,0.0,328340335371.66675,0,28,0.0,0.9989634676736213
0x00d1dd1e437980fb6e678cfc2ffc78a1f7a747d1,1,1,44.0,44.0,0.0,0.0,0.0,0,1,0.0,0.0
0x00d2432e6af76a8150a7609d7ff11dbe44de8e14,7,2,500000000001.82074,200000000001.82074,300000000000.0,0.0,0.0,0,21,0.0,0.0
0x00d278f3163bf68e67b2eb05ef209e6f28bc7924,1,1,1.046023,1.046023,0.0,0.0,0.0,0,1,0.0,0.0
0x00d29fbc981d05edba69bc0909e391a132271357,64,4,8.982485250307536e+16,7.543826589385157e+16,525000000078000.0,78143.189679,1.3861586609067654e+16,0,84,1.4884417079502887e-10,5.442253330834661
0x00d353a1b6e1a3b3a23e849c5d51772bb7fdaece,3,2,2500000000000.0,2000000000000.0,500000000000.0,0.0,0.0,0,1,0.0,0.0
0x00d3addc7cb1637c73359d41949a1a369d7f092a,107,4,1.187171951161295e+17,2.3076322067165924e+16,3.1274644913262596e+16,3.8545906349281784e+16,2.582032178641921e+16,0,40,1.2324970101558428,0.8937271292762682
0x00d3ecff51b5e5b957c33c5656486ebfd60e58a7,46,4,1320811162813331.8,813198433103828.0,144112563551304.53,144942858920744.22,218557307237454.88,0,78,1.0057614364006793,3.7207560954267995
0x00d46d105507a04d7e4592cf43bbbad964bc77ab,8,2,36300544038705.734,18148641474932.633,0.0,0.0,18151902563773.1,0,115,0.0,0.9998203445160081
0x00d5201c4def4d1a199c63e07eac53f43252a0ea,17,4,552285037932545.1,283948469445741.0,268336568486717.78,86.305042,0.0,4,71,3.2162981917342344e-13,0.0
0x00d5615d3446b1719e6ee0684218891bc5a2100c,12,2,3000000000890.9263,3000000000529.439,361.487474,0.0,0.0,0,3,0.0,0.0
0x00d56e1bba3db460563516119dfced085898e17d,1,1,6860085569.866701,6860085569.866701,0.0,0.0,0.0,0,1,0.0,0.0
0x00d6cad0eb8fe405b4c27ca2071b0d0653b9c2fc,41,4,1031058435871493.9,2922.501986,530908088157416.06,500150347708232.6,2922.673191,0,12,0.9420657904159417,0.9999414217776634
0x00d7a50850a3cb1890bf300682bcd789571c012e,5,1,5999813713902065.0,5999813713902065.0,0.0,0.0,0.0,0,86,0.0,0.0
0x00d831f24309b3271297f19b8e9be846c8c531c4,141,4,2.61803792977409e+16,2.5625690581556276e+16,39069.34166,39072.151868999994,554688716106487.75,0,61,1.000071928752331,46.1983268046807
0x00d841275b1a04ea45e29273efa213c4a59e84a1,10,1,76547927906763.53,76547927906763.53,0.0,0.0,0.0,0,64,0.0,0.0
0x00d88be14e08e06865b156bb489e020a59cb68fe,1,1,1027621081727.5696,1027621081727.5696,0.0,0.0,0.0,0,1,0.0,0.0
0x00d8a0f305698083d8af5a8b900b3b947f604b55,2,1,1.9714110000000002,1.9714110000000002,0.0,0.0,0.0,0,1,0.0,0.0
0x00d8dc2f6648dfc0472a673d85f4bc022d5cd17a,5,3,1200000048035.1958,1000000000026.0533,200000001204.3741,0.0,46804.76835,0,101,0.0,21365344.499692485
0x00d913a96a6ae3ffbd52030020e8b743f97ace86,3,2,70000000000177.56,70000000000088.7,0.0,0.0,88.859941,0,25,0.0,787756543751.1229
0x00d94da07ea932ed8426e8dfd06615bda49b8022,36,4,740459524008516.2,14113765573825.895,726345758430357.2,1688.07107,2644.974533,0,80,2.3240599265671264e-12,5336068607.74485
0x00d9acf1d63eae19a1b0e416be85dd7754298ffc,3,2,639612613970000.0,539612613970000.0,100000000000000.0,0.0,0.0,0,19,0.0,0.0
0x00d9d164c3cdc126d33d541fe6e0cd55f4d4ed63,21,4,668598997736497.8,463598997736123.0,205000000000125.88,125.87805200000001,123.017132,0,9,6.140392780484035e-13,3768572638615.27
0x00da65b9d6ea469301021381f9b16cf3e80fa8b1,270,4,7.58598778955485e+18,1.8040113736242847e+18,1.782400000003214e+18,1.7859391585899948e+18,2.213637257337357e+18,0,48,1.0019856141083787,0.8149534742626328
0x00da855f0f8924c454c93ea7c5d5d96757e1e652,2,1,2700000000000.0,2700000000000.0,0.0,0.0,0.0,0,1,0.0,0.0
0x00da9446b29e3d2424b9db0c7e701ad33fdfedf4,4,4,1.2442000000000002e+16,5222000000000001.0,999000000000000.0,999000000000000.0,5222000000000001.0,0,1,1.0,1.0
0x00da96f79c5969a61b5b15c6f5f800d760fad316,1,1,109000000000.0,109000000000.0,0.0,0.0,0.0,0,1,0.0,0.0
0x00da972a32c522b02771520fb5e70fcb056927fb,2,2,2.279461520292695e+17,1.1397250967655744e+17,0.0,0.0,1.1397364235271208e+17,0,1,0.0,0.9999900619465057
0x00db170287aaa8a93b08cda808af76d11a5f0fff,26,4,2.4943499769649616e+16,2.492239255298435e+16,7000000044500.0,7007216620762.873,7100000000000.0,0,107,1.001030939459571,3510.196134223148
0x00dc7f0ff419ed1634728a77146c6754541d2b82,25,4,528372902309616.3,256897200553031.62,760.0,760.197411,271475701755064.47,0,10,1.0002597513157894,0.9462990569403293
0x00dcb0f4d625ca40a0f0cd2f45bbdbd343198793,20,4,6.350976972164002e+16,527461654101124.8,3.1221784124762988e+16,3.1232970554012136e+16,527553388763767.4,0,4,1.000358289238195,0.9998261130255318
0x00dd72466c9bc28c9765b406ea147c1e15dbc7ab,40,4,4183789115289159.5,698546790169613.2,2709500000000000.0,775093755168243.5,648569951303.063,0,122,0.28606523534535655,1077.0569755292242
0x00de3a8bdee6e682c3509d66a947d05a8ca797af,4,2,2300000000000.4,2000000000000.0,300000000000.4,0.0,0.0,0,1,0.0,0.0
0x00df64b8044aa7126e0f88f286b3c483c5e5927a,2,1,1200000000000.0427,1200000000000.0427,0.0,0.0,0.0,0,11,0.0,0.0
0x00df99e12315cac90f49527b07d753b7fe9faccd,6,3,372972311855.1159,211574986427.7442,105698662713.68582,55698662713.68583,0.0,0,1,0.5269571183181486,0.0
0x00dfae7aeadc69fce49cf389d2bee4aae67aa656,2,2,28200000000.0,23200000000.0,5000000000.0,0.0,0.0,0,1,0.0,0.0
0x00e10883490fa8ed8e9cd59177a54d45cd025ef9,1,1,1.107129,1.107129,0.0,0.0,0.0,0,1,0.0,0.0
0x00e14bea17f4e951fb695c52a66b3429da55a117,49,2,3994904560828685.0,2379409388178618.5,0.0,0.0,1615495172650066.8,0,41,0.0,1.4728669131678203
0x00e1ac868592c1fd51ed72abca14930075ed892f,3,2,25501508470473.125,19000000000000.0,6501508470473.127,0.0,0.0,0,1,0.0,0.0
0x00e22b85d329650e35a9d664b7c408a57820f13f,156,4,3.4315530268533555e+17,1.3440403949113205e+17,1.483639056867425e+16,83384.218748,1.9391487262544582e+17,0,95,5.620249639697308e-12,0.693108463891466
0x00e2362abcebe7833138bd460000ba5d4f6ee1e6,51,4,1280.1792350000003,430.67927,196.96644799999999,221.805663,430.727854,0,4,1.1261088639827632,0.9998872048799519
0x00e294652292776e4d59f416ef35a73cae0e01dc,2,2,9960468566043.953,9960468559000.0,7043.952581,0.0,0.0,0,1,0.0,0.0
0x00e3088ddbd715f119651a58964ce1714b590f34,3,2,139.86410999999998,139.86410899999998,1e-06,0.0,0.0,0,44,0.0,0.0
0x00e3df1133185a9effedabb79003d9c07ca69bc8,2,2,20698.000094000003,10349.0,0.0,0.0,10349.000094,0,1,0.0,0.9999999909169968
0x00e421ba23dbe6a165255be382f46fcb927f8951,2,2,3047.913819,1840.527553,1207.386266,0.0,0.0,0,1,0.0,0.0
0x00e4f6071dcfc268ed4487e2a004d01e3666107e,110,4,1.1434228040971795e+17,3.70424048780309e+16,2.02585e+16,2.0157365811852044e+16,3.688400971983502e+16,0,104,0.9950078145890389,1.0042944126573823
0x00e61c3f169f0b2888137918053bdadda121bb44,1,1,1.110079,1.110079,0.0,0.0,0.0,0,1,0.0,0.0
0x00e61fabc261401d3c47b6178e86449ae9890d73,3,2,2027222738821.0872,1013561089285.2981,0.0,0.0,1013661649535.7892,0,29,0.0,0.9999007950527308
0x00e650676a38478b3eee9e3eb741a6075b2c95c1,12,3,1.950810743317649e+17,0.0,6.4042968261312536e+16,1.2808774944035056e+17,2950356630101779.0,0,1,2.000028307834173,0.0
0x00e678b0cdae186eb3c4b08cfe3d1a698882c0af,38,4,1.015954294635154e+16,3275840202980692.0,1797560000000000.0,1804578472257279.2,3281564271113569.5,0,57,1.0039044439447247,0.9982556891592024
0x00e6f654a108a16077be41abab58c3353f90e7cc,3,1,1500000500000.0,1500000500000.0,0.0,0.0,0.0,0,11,0.0,0.0
0x00e6f8d8fb80b0c302a6bd849b79982dc9945b15,7,4,199788354269287.9,222.677848,120.0,120.077113,199788354268825.16,0,18,1.0006426083333333,1.1145687085463245e-12
0x00e7092c338d69f7ae230081d862d347ef9dcf1e,10,2,519194674827957.5,360194674827957.5,159000000000000.0,0.0,0.0,0,47,0.0,0.0
0x00e839bc0c9a130afe30974914c4b0100756cff4,468,4,2.385520587067912e+18,1.1250887813775062e+18,1.1705697000018765e+18,5.415008562986898e+16,3.571202005866078e+16,0,61,0.04625959960332321,31.50448447131886
0x00e87eb4a651f339219658165b87c204de6a7e5f,1,1,1.055432,1.055432,0.0,0.0,0.0,0,1,0.0,0.0
0x00e8909b79b3d40af0f22e37f81c9e3e9187d853,1,1,1500000000000.0,1500000000000.0,0.0,0.0,0.0,0,1,0.0,0.0
0x00e8b7df725ce993f179f071908a9d687815f2ba,2,2,2100.058884,1050.029402,0.0,0.0,1050.029482,0,1,0.0,0.999999923811663
0x00e928ef44122d31043f772b00b0d1821b020ff7,1,1,1.839767,1.839767,0.0,0.0,0.0,0,1,0.0,0.0
0x00e979f43658ae9cfb838b07d4b3bc70f12b93cb,52,5,55412012848142.23,54710107529656.51,2309.0096000000003,49.223479999999995,701905316127.4781,1,104,0.021318005780487006,77.94513914141692
0x00e97bf0997013cc741dbcaafba8f439d474c879,1,1,1.0223,1.0223,0.0,0.0,0.0,0,1,0.0,0.0
0x00e9ba3dc1ebd6f585b9f5bf8a33a975b5f8a7de,10,2,1200000013463.8308,1200000005821.0427,0.0,0.0,7642.788251,0,40,0.0,157010761.83342278
0x00eaa7d80b05144a928492bb83b82cfa5e2914cd,1,1,1.0,1.0,0.0,0.0,0.0,0,1,0.0,0.0
0x00eacbbd373a91aa0d4485b0beb45b14816f835f,1,1,1.10822,1.10822,0.0,0.0,0.0,0,1,0.0,0.0
0x00ead164c58ccf3d8fbe9aab4c806477db62e599,1,1,5004.809861,0.0,0.0,0.0,5004.809861,0,1,0.0,0.0
0x00eadb769d931de24bb9252c3cc3a6f8de3f86cb,16,4,117.429284,39.34213,19.372498,19.372511,39.342145,0,1,1.0000006710543987,0.999999618729482
0x00eb8dc1785a096d7006ca9c64aa4ad5f2706691,1,1,0.011253,0.011253,0.0,0.0,0.0,0,1,0.0,0.0
0x00eda101a3b10f7164cce8ecdf305b1317ca0669,6,2,280000000001480.62,280000000000986.97,0.0,0.0,493.661808,0,8,0.0,567189917193.2437
0x00eddd42021ba97a37097ad4286b893b206e12bc,56,5,662764077416748.8,408106283967535.1,477.131213,333.617781,254657793448402.88,1,61,0.6992160058076099,1.6025674236835128
0x00ee45c909dee53b4cf6af3a5fc3739cd2f9f2a3,16,3,3.107665696232965e+16,1.857753346453149e+16,1.2499123497797124e+16,0.0,1032.69226,0,21,0.0,17989418710789.492
0x00ee80c322d6e956d2629a73223605bbda946f2d,3,3,200000000004.99637,100000000000.0,100000000000.0,0.0,4.996364,0,52,0.0,20014554584.093555
0x00ef17fb802141f4a12026c4492bafc43d8ab85e,21,3,168580384922433.78,122574507793336.66,23000000000189.047,23005877128908.082,0.0,0,72,1.0002555273356082,0.0
0x00ef8b0cf8f81c2b40fc9233b16f2c21cd4f6f15,3,2,388.836324,194.35619000000003,0.0,0.0,194.480134,0,4,0.0,0.9993626906900426
0x00f00fa5ba62e19615bbf759b7155de7ba96f27b,28,4,1.6298109894740986e+16,1.6298109894731684e+16,7953.93786,1150.132537,195.61740500000002,0,7,0.1445991353269134,83316256519871.95
0x00f14df956a8e0b34e0c5bddb6e39dec48ec7baa,5,4,900208834566.7677,450000000000.0,500.0,502.415465,450208833564.3522,0,58,1.00483093,0.9995361406778743
0x00f16ddf3034436fc981194a0192044ce90aa4c1,4,2,431156326002003.2,430578163000000.0,0.0,0.0,578163002003.1901,0,62,0.0,744.7348957096086
0x00f3fb9d81506fe69f504fa12325d1559280d635,2,2,0.072858,0.036396,0.0,0.0,0.036462,0,75,0.0,0.9981898963304261
0x00f4765d1e007cefc091d84c2bcd1c16ddcc2c87,28,4,697259027947168.0,696129000010335.1,7907.789783,7910.719144,1130027921014.3955,0,8,1.0003704399181548,616.0281414864855
0x00f4fa7ac6f012e7e65d325022ba1397a83ca694,5,3,228000000000238.8,186000000000119.3,42000000000000.0,0.0,119.489584,0,59,0.0,1556621035688.9294
0x00f5481262d4845b292ba0c41752de258b3bbeec,83,4,2.514145102004349e+17,1.0998216122526634e+17,1.850000000002317e+16,1.851170142809399e+16,1.0442064754705141e+17,0,34,1.0006325096254491,1.0532606702683867
0x00f57a995e566fa107d36ca5443629c7bee31213,3,3,739675034.621002,500000000.0,119837517.310501,119837517.310501,0.0,0,1,1.0,0.0
0x00f63722233f5e19010e5daf208472a8f27d304b,2,1,20030000000000.0,20030000000000.0,0.0,0.0,0.0,0,1,0.0,0.0
0x00f656a2953a15ddf8d9d9726b67dd4e61f238b9,17,4,99263182208842.58,272288369007.05096,45998125930538.49,46028584500031.016,6964183409266.032,0,6,1.0006621697922764,0.039098391441667664
0x00f6c46a5e9b0613ededa94072f065e46bc8176f,3,2,1.0000000000001648e+16,1.0000000000000824e+16,0.0,0.0,823.132083,0,26,0.0,12148718542903.43
0x00f70714e95b8d092546acdc8e52a02d6eedc934,1,1,1337.171934,1337.171934,0.0,0.0,0.0,0,1,0.0,0.0
0x00f72bb4bd6c353685bed9077422dbf3d85e80a1,3,2,251999693007929.75,250999692978999.97,0.0,0.0,1000000028929.7711,0,42,0.0,250.9996857176365
0x00f731bcd3a8d541a040a7586ff3d03dea48e31f,2,1,369710.716641,0.0,0.0,0.0,369710.716641,0,3,0.0,0.0
0x00f777857b95c1d0fe7564ae343d1a00c80b38f1,229,4,1048429613989261.5,704769028758713.2,103059444520369.0,18665538386.733543,240582475171792.6,0,62,0.00018111429256776585,2.929427957108926
0x00f83f560dea6e8317900beabc89be027da154f8,6,2,376957176269257.8,316957176269257.8,60000000000000.0,0.0,0.0,0,2,0.0,0.0
0x00f863703e78916a4487fcbfbda7a6944fa86538,4,2,535.5602899999999,267.72137599999996,0.0,0.0,267.838914,0,14,0.0,0.9995611616017827
0x00f8a06340b52aee151b871a915c06af3c053470,363,4,1223368708582116.0,590413572295966.4,367415423837852.2,37751057993571.266,227788654454725.94,0,38,0.10274761358475676,2.5919358174764313
0x00f8b6bf7cf6b0a173e14abc3d687dd03fe16bb0,1,1,1000000000000.0,1000000000000.0,0.0,0.0,0.0,0,1,0.0,0.0
0x00f8dcbf7f64e30efff649bd9f137af0eb80e4da,5,3,10000000000006.523,10000000000000.0,3.261753,3.261831,0.0,0,1,1.0000239135213487,0.0
0x00f8dd0e37d5077fa256fadbaa216d9088a708e6,2,1,3133786014502.572,3133786014502.572,0.0,0.0,0.0,0,6,0.0,0.0
0x00f9126faecd227f6cd0ccba36865c9a7c55ff24,2,2,36900000000.0,31900000000.0,5000000000.0,0.0,0.0,0,1,0.0,0.0
0x00f9a33dfedbc3bddfb6ef4380dacfd9352c4d15,2,1,2.044302,2.044302,0.0,0.0,0.0,0,4,0.0,0.0
0x00fa8021f0c2157ab005dd41b11d49ea30d7893a,1,1,1500000000000.0,1500000000000.0,0.0,0.0,0.0,0,1,0.0,0.0
0x00fbef9f0f9b0b6421c264a2020f14bca80291ca,4,2,6.940202788785019e+17,400000.0,0.0,0.0,6.940202788781019e+17,0,30,0.0,5.763520349097122e-13
0x00fc6300b77a8ea902d576eafaa9ba40daa7c415,19,2,37705224957263.99,27154439178023.035,10550785779240.959,0.0,0.0,0,38,0.0,0.0
0x00fc9abc1ae9d1b71b89fd285cb6c73129f6da72,2,1,19076233088.95031,19076233088.95031,0.0,0.0,0.0,0,7,0.0,0.0
0x00fcad795d8a753c9064126b78cf0330436da09b,2,1,3000607438585704.0,0.0,0.0,0.0,3000607438585704.0,0,23,0.0,0.0
0x00fce3e318dfc490be549b266e85af457ee3d65b,1,1,1.759493,1.759493,0.0,0.0,0.0,0,1,0.0,0.0
0x00fdcbab290f89f3d03a21b1fa17fdd64bd2f1c8,1,1,100000000000.0,100000000000.0,0.0,0.0,0.0,0,1,0.0,0.0
0x00fe37d2589cdec3cf55afaf4a482bca6b7b0ae6,1,1,1300000000000.0,1300000000000.0,0.0,0.0,0.0,0,1,0.0,0.0
0x00fea8ef6f337ce6aa8b5bb7086ace94dd0434a7,4,2,131000000000096.84,130000000000000.0,1000000000096.8375,0.0,0.0,0,1,0.0,0.0
0x00ff162742cd72f0a726cf90138a832ab5f0d48e,2,2,29300000000.0,24300000000.0,5000000000.0,0.0,0.0,0,1,0.0,0.0
0x00ffb2daca4977f6edb65b21c21184eee6a5a72a,2,2,150000000160.49496,100000000000.0,50000000160.49496,0.0,0.0,0,1,0.0,0.0
0x0100569d3daa2d258f8b21d4ec833ed21d2ff2dd,70,1,250000000.00045004,250000000.00045004,0.0,0.0,0.0,0,23,0.0,0.0
0x01017b2d24a37f5c74bc2291eb8743937aad1ff6,2,1,4102674766.402218,4102674766.402218,0.0,0.0,0.0,0,8,0.0,0.0
0x010286f16ec2f351c7575caf45c07d758a184793,2,1,3357066668.017219,3357066668.017219,0.0,0.0,0.0,0,7,0.0,0.0
0x0102b4bf6272eae55dffc8008ba81ac2bab58ca0,3,2,180000000000267.0,266.99,180000000000000.0,0.0,0.0,0,7,0.0,0.0
0x0104712abf87649bc5a0844b490fcf924f76da81,1,1,94700000000.0,94700000000.0,0.0,0.0,0.0,0,1,0.0,0.0
0x0104b9e629be9b419a5f0b4974de5e8f2bb06399,15,4,583187278698441.6,257122707172902.16,34445047818607.758,34458407938223.21,257161115768708.56,0,4,1.0003878676460491,0.999850643843679
0x0104d7a50c942735fd96ed6ab3423cac7e2db0d7,1,1,193.968213,0.0,0.0,0.0,193.968213,0,1,0.0,0.0
0x0105c26c5d013bb32223dbb2a4bbd98e9b0c320a,6,4,177166142570051.66,88572851724611.42,40.0,40.004586,88593290845360.23,0,2,1.00011465,0.9997692926794594
0x010716be97151c482b999a87477aca6b2d122ed1,1,1,4019486063.922668,4019486063.922668,0.0,0.0,0.0,0,1,0.0,0.0
0x0107aacde8714bd13357fc856d6b93b3f8b543e9,130,4,1.2134705324289027e+17,4.082402543116695e+16,2.2312359682660932e+16,2.231532863450708e+16,3.589533949455532e+16,0,52,1.0001330631044127,1.1373071269421822
0x0107e33b5776e3052fdd624d6246df4f1d8ecddd,11,3,159950283727935.1,0.0,946052.7561250001,1892106.0520670002,159950280889776.28,0,1,2.000000570599257,0.0
0x01080306fab7721ae1dbff1909df46b92a2c0b8c,73,4,21210415485262.926,21205207506124.305,1022.2396049999999,1023.371649,5207977093.0109625,0,22,1.0011074155163457,4071.6783364084718
0x0108678baac8accdcbff80294564f74725330907,25,4,5858244104633541.0,3850684734347005.0,1000000000000000.0,1000230917145434.0,7328453141102.374,0,53,1.000230917145434,525.443045101844
0x01087080dca984b607e1ebf263330431f979e528,49,4,529217868791375.7,151344937345479.38,113000000000000.0,113369976461404.11,151502954984492.2,0,28,1.0032741279770274,0.9989569996240074
0x010a078ff877852f0f18b6a910f7964ff18498f4,1,1,1300000000000.0,1300000000000.0,0.0,0.0,0.0,0,1,0.0,0.0
0x010afb8548a5d1a3a3d62f58ca0a5a1329974206,11,2,53115539877377.43,53115528966581.74,0.0,0.0,10910795.690597001,0,53,0.0,4868162.73283873
0x010b19435d2bcae650c41af62440e2de08444026,5,4,12299085517902.05,3652971076636.6924,2500000000000.0,2501925295777.8096,3644189145487.5483,0,7,1.0007701183111237,1.0024098450433119
0x010b7eb359ff40fd261ac917003dc21058c32055,9,2,91822000013512.5,90911000006756.25,0.0,0.0,911000006756.2471,0,5,0.0,99.7925349424075
0x010c9d0abf2925400c37ee688215d34dd3e1ec08,69,1,240000000.00045004,240000000.00045004,0.0,0.0,0.0,0,23,0.0,0.0
0x010cb104dc1ce1cf2010ee993c74aa347271a686,1,1,9.7e-05,9.7e-05,0.0,0.0,0.0,0,1,0.0,0.0
0x010d23b534006f4e4f174a7530d7d9e3c131732a,92,4,3.016487843620437e+16,1.2072025648059778e+16,5504501889946251.0,5317013106371615.0,7271337791826726.0,0,116,0.9659390100461085,1.6602207177927033
0x010da4bb5ed14c387bc92de075b58e2d0cee23b1,17,4,8170997002601548.0,100000000000.0,1359097904017349.5,2718097818138137.0,4093701280446061.0,0,47,1.9999279007816344,2.4427771629957262e-05
0x010da5ff62b6e45f89fa7b2d8ced5a8b5754ec1b,2,2,5000000000001.401,5000000000000.0,0.0,0.0,1.400914,0,37,0.0,3569098460005.3965
0x010e0d20b256620b6ab77729c8152112e0b78561,8,2,500000000242305.56,500000000000000.0,0.0,0.0,242305.56089500003,0,16,0.0,2063510214.760067
0x010e3a3a9aaf3d8ee76b26d154f8c16c970f477e,3,2,1200000000002.0,1000000000002.0,200000000000.0,0.0,0.0,0,1,0.0,0.0
0x010e86d5c98a9bf2d232a3a73ea289a79b545b16,1,1,1.1,1.1,0.0,0.0,0.0,0,1,0.0,0.0
0x010e891bf7045dd54a0a70b96a77c7b4cfc24640,1,1,100000000000.0,100000000000.0,0.0,0.0,0.0,0,1,0.0,0.0
0x010e92ac8b581c760a4f3c877a4558e8cc278c70,16,4,6813.039221,1094.594982,1576.517889,2228.0694519999997,1913.856898,0,4,1.413285232946697,0.5719314663201115
0x010eefc75fce6c266573960812b987fa22b6c64e,4,4,4.4472e+16,2.0001e+16,2235000000000000.0,2235000000000000.0,2.0001e+16,0,1,1.0,1.0
0x010f6b049a5e8e963060b283486795630e5d83e2,10,3,1082730061622623.8,1082700000000000.0,15030687214.54209,15030935409.222967,0.0,0,76,1.0000165125304874,0.0
0x010f995c1f0784b39865fb0dbeaf98311f3cc52c,2,2,157000000000023.34,157000000000000.0,23.356269,0.0,0.0,0,1,0.0,0.0
0x01102f208a263a1b3844a1bfac5444cbfe7d052f,30,4,2503596045481462.0,666111456487654.4,585000000000000.0,585710493097872.9,666774095895934.8,0,20,1.001214518116022,0.9990062010321652
0x011128170cd4f77f90af9dbb7501b10112efb31e,1,1,1999420000000.0,1999420000000.0,0.0,0.0,0.0,0,1,0.0,0.0
0x0111aa45d978c43bdee2b7690e33c65648fc06cb,1,1,107400000000.0,107400000000.0,0.0,0.0,0.0,0,1,0.0,0.0
0x0111dcc6fc2df10b1145fdcfed2bcf1b1c00de91,2,2,11000000000.0,10000000000.0,1000000000.0,0.0,0.0,0,1,0.0,0.0
0x01139728b71405424f148e82c090f9097ba69e2c,1,1,80.0,80.0,0.0,0.0,0.0,0,1,0.0,0.0
0x0113983234c06a01834e6c173efab06f04de2122,1,1,1.10769,1.10769,0.0,0.0,0.0,0,1,0.0,0.0
0x0113e5d1ca256159d7e7f37fd334ef1f7ee5d39b,1,1,1.066878,1.066878,0.0,0.0,0.0,0,1,0.0,0.0
0x0113e5f85ae18da390377823825946fc45582d1f,12,4,7692392730977963.0,2140430328141649.0,1700000000000000.0,1706102402835957.0,2145860000000357.0,0,31,1.0035896487270335,0.9974696989278391
0x0114572c98f3756064b4be09cf02f05ef7f867a6,2,2,110000000000.0,100000000000.0,10000000000.0,0.0,0.0,0,1,0.0,0.0
0x0114d2ec12d3c70f90d9a9d827930c66b435c61e,1,1,19000000000.0,19000000000.0,0.0,0.0,0.0,0,1,0.0,0.0
0x01151b41131ed0bc3268dad9be8fab765205bd71,2,1,338000000000000.0,338000000000000.0,0.0,0.0,0.0,0,1,0.0,0.0
0x0116ed59d76aaaf9ab5ef88807ab33b24df36efd,50,4,10015935817535.434,2755301392899.2095,2250000000000.0,2253844780839.103,2756789643797.119,0,15,1.0017087914840457,0.9994601507223236
0x0116fdba1f1dc87f91fcafe2fb365ca829cee686,223,4,4.686784896398121e+17,1.2018994287357157e+17,1.3750000000094238e+17,1.1710567218135515e+17,9.388287458394306e+16,0,83,0.8516776158585639,1.280211576458566
0x01173bd5895acf19c67f6170f15d503d4153cf04,43,2,54633250781262.91,29640045400992.727,0.0,0.0,24993205380270.184,0,102,0.0,1.185924132179972
0x0118473b89b9b267953921c26760394db9da6ec3,2,1,12824856131.402342,12824856131.402342,0.0,0.0,0.0,0,2,0.0,0.0
0x011a62dc7a6c2969a764ec1acd67081029100d57,3,1,1000000000002.0,1000000000002.0,0.0,0.0,0.0,0,1,0.0,0.0
0x011b042a0573972f547b885c86279291b04c6020,41,4,6110426579845716.0,1955081144824803.5,1738224709992272.8,903845845807457.4,1513274879221182.8,0,47,0.5199821637626331,1.2919537432822512
0x011b552b17d1a78af3be9f5b9fa85b6d66fc7dad,15,5,162500297781352.6,35321870081734.96,90070000000110.0,22543539659168.004,14564888040339.62,2,13,0.2502891046868044,2.4251384551605066
0x011b7c26193af783f967621d9be90a8bc6a9abd3,2,1,3000000000000.0,3000000000000.0,0.0,0.0,0.0,0,1,0.0,0.0
0x011c3a587254b7312d78f2c8ba5adc41a1ed1357,234,4,4.1153464562055064e+16,1.90239132315931e+16,2050150000003778.8,2050698190690303.8,1.8028703139767884e+16,0,86,1.0002673905258268,1.0552014243126546
0x011c8e8496801c553b480c7fb8a34eb729b18537,1,1,4409873827.63341,4409873827.63341,0.0,0.0,0.0,0,1,0.0,0.0
0x011d826f9ced58896b8046e7afc995f366538cce,5,1,18078574775.95312,18078574775.95312,0.0,0.0,0.0,0,8,0.0,0.0
0x011e2c14c24fdac66a77802061d8ea26814e5154,2,1,67.114666,67.114666,0.0,0.0,0.0,0,10,0.0,0.0
0x011e3916f0932f0c0b62261e03b729eeb4e8da85,1,1,1.00778,1.00778,0.0,0.0,0.0,0,1,0.0,0.0
0x011e6bf0b2fccc01f137cfe776e1b1121f31fbaa,83,5,1.978644685080791e+16,4836411093124025.0,3503651997473526.0,4503651997476070.0,6942731762734290.0,1,82,1.285416474217086,0.6966150008968915
0x011e835885e78d9f1c92e580dae0e142a33cf25e,4,4,1990000000000.2842,1000000000000.0,0.142,0.142,990000000000.0,0,1,1.0,1.0101010101010102
0x011e8572c0e339b659add9fbf24ba1328cde7ca9,1,1,95900000000.0,95900000000.0,0.0,0.0,0.0,0,1,0.0,0.0
0x01209fa47cd0bf3f6b7d0ecf8598e031f57a7543,4,1,45000098695175.86,45000098695175.86,0.0,0.0,0.0,0,5,0.0,0.0
0x01212602bb6ef285d7fca99430283ba780fe5950,5,4,300744499700709.56,100000000000000.0,50000000000000.0,50454499700709.586,100290000000000.0,0,57,1.0090899940141917,0.9971083856815236
0x01213e995cd6272ebbb929311b50787296f25600,52,4,8023916723121871.0,3950870555221956.0,1000000000005663.0,1005254479931923.8,2067791687962326.0,0,81,1.005254479926231,1.9106714560378573
0x01214a235c6767040c8fef6bd33519a6c7ad79ae,313,5,1.7282149496379812e+18,2.951128738606346e+17,1.3427520300033546e+18,9.025452189775294e+16,95523876239380.7,1,123,0.06721607555307696,3089.414767058744
0x012186399add91fcdc4504bcd9c44a2169d4b32c,1,1,4.999161,4.999161,0.0,0.0,0.0,0,1,0.0,0.0
0x0121a5499577090838ac2d987c2fab300ab13858,2,1,1.248032,1.248032,0.0,0.0,0.0,0,12,0.0,0.0
0x0121ce9b0af57bd51a9e2d2534175a9c4a949975,3,1,4400000000000.0,4400000000000.0,0.0,0.0,0.0,0,4,0.0,0.0
0x01222a114552e89e4c548170f8c1f4d5460d255a,284,4,9.12297126912746e+16,8.165535685670952e+16,1604457489520139.2,197552.831699,7969898344847374.0,0,132,1.2312749511243458e-10,10.245470308852886
0x0122a648094d10ea18ae72673aea0334fae4d3a5,227,4,1.3310204357243494e+18,1.3072242123835528e+18,8251101588321570.0,8255687744279411.0,7289434008195687.0,0,72,1.0005558234750536,179.3313734528372
0x0122f83912932a2d3631340168795c42b6716290,2,1,3.0,3.0,0.0,0.0,0.0,0,6,0.0,0.0
0x012430f934bc381d9f59a28ea34363bce170353d,5,1,53951763436.623955,53951763436.623955,0.0,0.0,0.0,0,54,0.0,0.0
0x0124fd98566fb966d118bfb70650cac960dd6c2c,3,1,1.304866,1.304866,0.0,0.0,0.0,0,11,0.0,0.0
0x01253d735f350afc426335560251171367cd095d,1,1,34300000000.0,34300000000.0,0.0,0.0,0.0,0,1,0.0,0.0
0x0125c79621229bd96a4fd6c71b7a8d276fd5db97,9,4,345368849680630.9,345368849680157.75,157.70089,157.765852,157.765852,0,5,1.0004119317272084,2189122964836.2546
0x012668a6f1b462d55bb77bdd4dec5c8e57463e43,1,1,1300000000000.0,1300000000000.0,0.0,0.0,0.0,0,1,0.0,0.0
0x01270d19f1b70c3f24efb57d28974b3d664dd7e6,1,1,1300000000000.0,1300000000000.0,0.0,0.0,0.0,0,1,0.0,0.0
0x01281a8e31e2ac1bae55a69a7c962f526fa64f00,8,3,45099000000086.14,35099000000043.07,10000000000000.0,0.0,43.071874,0,29,0.0,814893728562.7059
0x012867f22e00f6f4c97def7e159ed9a57617af62,1,1,4033576337.531721,4033576337.531721,0.0,0.0,0.0,0,1,0.0,0.0
0x01287cf199456d0a57de078447a560f6449f09ff,1,1,1200000000000.0,1200000000000.0,0.0,0.0,0.0,0,1,0.0,0.0
0x0128883953744d1d302421534757fd6f2d8ba88a,4,4,9000000000000000.0,4000000000000000.0,500000000000000.0,500000000000000.0,4000000000000000.0,0,1,1.0,1.0
0x012916ed48b20433b698cb32b488e52c639a2a66,61,4,2200728320531941.0,1869732320520421.8,330333000005517.0,330000003101.14954,333000002901.14954,0,83,0.0009989919357001513,5614.811724417457
0x01299d506f8bbb51eb94f6912c96a0c61ce9d1c1,1,1,1600000000000.0,1600000000000.0,0.0,0.0,0.0,0,1,0.0,0.0
0x0129ba41a907ac27f7683d291576f2e74362c421,17,4,3034255587787273.5,2243887907108043.2,790367680674014.1,90.14613,5125.861914,0,68,1.1405594156269735e-13,437758165310.5849
0x0129feef1eadb4e77e2d3de7bc352e3050bb306a,1,1,107600000000.0,107600000000.0,0.0,0.0,0.0,0,1,0.0,0.0
0x012a5020505f00adb2ba6d4a447951d497a35a7a,1,1,6307512796.76639,6307512796.76639,0.0,0.0,0.0,0,1,0.0,0.0
0x012c597fca480b9766d52e4c1e5d4c0940982abe,4,4,1.08000000000014e+16,5400000000000000.0,700.0,700.0,5400000000000000.0,0,1,1.0,1.0
0x012ced3e78c1a70e156537e580f6fed3954b2e84,36,4,111452551597595.25,111419747518545.7,4579134696.938508,4571838789.240511,23653105563.389534,0,95,0.9984067060305356,4710.575836223472
0x012d85c98a50cc2340e39668b6770e4fcb71342e,2,2,2000.0023099999999,1000.000449,0.0,0.0,1000.001861,0,1,0.0,0.9999985880026278
0x012da78f4ff0bb8cf0b017bbc5e9ac19ae5cfaa4,1,1,997831067340.7777,997831067340.7777,0.0,0.0,0.0,0,1,0.0,0.0
0x012e168acb9fdc90a4ed9fd6ca2834d9bf5b579e,7,3,1.183448791657223e+16,5314223574010064.0,2199075519168289.8,0.0,4321188823393877.0,0,44,0.0,1.229805914807549
0x012f15e260f6275bc8e62be475adb07549765e70,4,4,1e+16,4999000000000000.0,1000000000000.0,1000000000000.0,4999000000000000.0,0,1,1.0,1.0
0x012f638dab4959ebadf779a6e775111893d7d922,1,1,0.01357,0.01357,0.0,0.0,0.0,0,1,0.0,0.0
0x012fefa16a3baad884834385a0988378852d00bc,7,3,15000000000011.283,15000000000000.0,11.283486,0.0,0.0,4,51,0.0,0.0
0x01301d186d9e2c3a4091ca1ed95c3719b437c7c7,7,2,290730460330222.75,290730000000000.0,0.0,0.0,460330222.778237,0,113,0.0,631568.3516180047
0x01309200a32bb6b968aaf4ba20367d091fc7adbb,61,3,1.3592830194920778e+17,7.309206767188547e+16,5.593079267677081e+16,0.0,6905441600551500.0,0,74,0.0,10.584705787106795
0x0130b68a18a612892374e1eefbb0697a291215f1,13,3,7082817487807000.0,6582618163895064.0,250000000003650.0,250199323908286.38,0.0,0,44,1.0007972956185338,0.0
0x0130d50430776e5f0f7517f6bfa9650fc712b879,5,2,2900000000301.0366,2900000000149.5728,0.0,0.0,151.463956,0,37,0.0,19146469409.194443
0x01319c79cf53aeb6dfa2bf5ddc8a124527016695,3,2,470000000000000.0,410000000000000.0,60000000000000.0,0.0,0.0,0,1,0.0,0.0
0x0132251adf6116fd0272d23aff8ba0dd9dbbf1d2,2,2,2500.0000419999997,1250.0,0.0,0.0,1250.000042,0,1,0.0,0.9999999664000012
0x0132749dd84ea8a0b242ff61f97ff40f96035df3,10,4,131478808333396.75,124000000000000.0,65.612498,65.871649,7478808333265.2705,0,62,1.003949720067052,16.580181557595985
0x013274aa75bbc3bd7acff906e564edbbb50dce08,22,3,9800000000000022.0,9800000000000000.0,10.2,10.2,0.0,0,24,1.0,0.0
0x0133982c25a8211e1e62d95760999c4b825025fb,1,1,20000000000.0,20000000000.0,0.0,0.0,0.0,0,1,0.0,0.0
0x0133a483873163fc5bc916de39abec8baf85657c,14,2,84000000000889.3,64000000000594.1,20000000000295.18,0.0,0.0,0,1,0.0,0.0
0x0133b67aec5d8a3959840385ff6f5aba4f85f894,13,2,8.793205983792408e+16,1.876525,0.0,0.0,8.793205983792408e+16,0,92,0.0,2.134062369810057e-17
0x0134600e06c4176fd44a5557d124f5d684e75b28,2,2,20760.000113000002,10380.0,0.0,0.0,10380.000113,0,1,0.0,0.9999999891136803
0x01351f573a99ff5cc633f4ee580347974ff8b59c,1,1,1.1,1.1,0.0,0.0,0.0,0,1,0.0,0.0
0x0135249c1897454959da69ac1481df6c1d4023a8,65,4,3357530549294268.0,3357530549274401.0,11059.113055,4805.293925,4002.3126899999997,0,107,0.43450988348721603,838897609790.3038
0x013618ba67d882af8df870d8704e4d317b710dda,1,1,1.069292,1.069292,0.0,0.0,0.0,0,1,0.0,0.0
0x01361dec98b8d86a584afd90a7c7c3ca0d908539,26,4,1.0154896931959152e+16,5026047080874561.0,2100000000000.0,2100009884020.3716,5124649841200573.0,0,1,1.0000047066763673,0.9807591224022222
0x0136f37e3373f91e6fc2d2ac76f0d01701754fcd,7,4,1197999000000402.0,997999000000001.0,200000000000200.0,200.000242,1.010224,0,13,1.000001209999e-12,987898723451433.5
0x0137973eccabc8f684a7494156d25447ab5747f5,1,1,17460000000000.0,17460000000000.0,0.0,0.0,0.0,0,1,0.0,0.0
0x0138ea4b8ed7e678cabb76a207a968269dda63e4,1,1,1.02194,1.02194,0.0,0.0,0.0,0,1,0.0,0.0
0x01393a2f8cf06fb5335bf03acb0a4ffa958b5f46,2,2,40400000000.0,35400000000.0,5000000000.0,0.0,0.0,0,1,0.0,0.0
0x01397d68308d2a94865ffe0f84d26e94b6df1234,5,4,8008156447.715618,0.037606,4000000000.0,4008156447.640377,0.037635,0,15,1.0020391119100942,0.9992294406802178
0x0139ba48945d51628c79f6cd927a2d42107aa8ea,1,1,1000000000000.0,1000000000000.0,0.0,0.0,0.0,0,1,0.0,0.0
0x013a451f558aa0e0ac50b6199ba0e2f6b710369e,48,4,2985310917616506.0,1836514116273338.5,300000000009577.44,9581.401364000001,848796801324008.9,0,34,3.1938004545647054e-11,2.1636675743930978
0x013b81ad989b9009f4dab4c804c6007882f9a190,55,4,6.734200044868273e+16,5.727100000000536e+16,1.0000000000014e+16,14027.100999000002,71000448649353.88,0,47,1.4027100998980365e-12,806.6287057261651
0x013bbe7e89333bb26c0959f547adcd77f54ffa80,105,4,3.700268918366309e+17,2.9141521921477523e+17,4.8100000000091976e+16,3.051164444331751e+16,28178446129.725025,0,83,0.6343377223130804,10341777.466123855
0x013bfceb441762268b2894837c8c1e3774ca4efe,2,1,12235647853.277142,12235647853.277142,0.0,0.0,0.0,0,2,0.0,0.0
0x013c270b6c893ed986ff69eef37ca5a1c1e59dff,25,4,822459527903.5807,817582297840.9308,43.289209,10.5713,4877230008.789388,0,87,0.2442017362802818,167.63250787179274
0x013c8b849edb8efc9a689854b7bc75f2dd1ccfff,9,4,215806828316059.16,108557889916647.84,28.0,28.01365,107248938399355.31,0,17,1.0004875,1.0122047969595604
0x013c8fa48e3f11afb5ab1bcb35f2484b299d7136,1,1,34800000000.0,34800000000.0,0.0,0.0,0.0,0,1,0.0,0.0
0x013da16ead9075d66102ef98c23432a3af815b20,2,2,1604850023659670.0,1069900000000000.0,534950023659670.0,0.0,0.0,0,1,0.0,0.0
0x013daec37205c9cb2a3d6bd1f0ca52eccd2bb044,1,1,4657227213.941311,4657227213.941311,0.0,0.0,0.0,0,1,0.0,0.0
0x013e074822e7776516a0c69dce430ec1fdb26c0d,22,4,7481764278009696.0,2136300236109050.0,1600000000000000.0,1608434041900645.5,2137030000000000.0,0,45,1.0052712761879035,0.9996585149057571
0x013e0a9ac418ca71de2b3b8ae7b67fbd13f2ab4a,2,2,140000000000.0,100000000000.0,40000000000.0,0.0,0.0,0,1,0.0,0.0
0x013e68b23bc846a8b7792dd238ba9d387efe3392,1,1,1000000000000.0,1000000000000.0,0.0,0.0,0.0,0,1,0.0,0.0
0x013eeca1e8f5e2ff4de43289cf2e87601bdeb2b3,1,1,40341700000000.0,40341700000000.0,0.0,0.0,0.0,0,1,0.0,0.0
0x013f0bc2b50373e02246a997f4c2cbdc869eea40,1,1,4701462.998204,4701462.998204,0.0,0.0,0.0,0,1,0.0,0.0
0x0140034d523f45a7690404fd2b5d0b6dc2a1c9fe,1,1,1.109118,1.109118,0.0,0.0,0.0,0,1,0.0,0.0
0x0140c762c812c087e5b63d1f36022cf349628d45,39,3,1453402325913.1145,1058440574887.1202,394961749257.70685,0.0,1768.287557,0,92,0.0,598568129.2033885
0x0140e9513def4729d7f7b6a5356ce6c84d7ae75b,10,4,1492000000000502.2,1492000000000001.0,250.0,250.05553,1.090447,0,10,1.00022212,1368246232966848.5
0x01412c35980761a198995cb985d34fb56e93fe21,1,1,32000000000.0,32000000000.0,0.0,0.0,0.0,0,1,0.0,0.0
0x01417e59b64efc0c8727a31f1fbba7c6536307a3,21,2,1.1380788108065676e+16,1.1380788108061744e+16,0.0,0.0,3930.6838040000002,0,113,0.0,2895371053881.327
0x01418a07f6e69b08735b717cd6c86fdd8a5ce1a2,4,2,594814739436088.6,592814601975546.8,0.0,0.0,2000137460541.8672,0,3,0.0,296.38693023375725
0x0141a8d6993a6f4106c4f043ef299ba540ae81ef,1,1,85000000000000.0,85000000000000.0,0.0,0.0,0.0,0,1,0.0,0.0
0x0142bfdf3d08eb9cca160c04e9240d7f9631f2b0,134,4,1.7406973935247832e+16,3077400690868653.5,8161319020059986.0,6162859143718493.0,5395080600700.181,0,47,0.7551302832998673,570.4086590419547
0x014338c7a0342dfc4f90ba2313a782011c8b85e6,1,1,7.794356,0.0,0.0,0.0,7.794356,0,1,0.0,0.0
0x0143bd780dab8a7302141c3fdb8ebade1fb56f92,28,4,974616103392892.2,365003048898833.75,250000000000410.0,251264438475283.8,108348616018364.67,0,67,1.005057753899487,3.3687836754367693
0x01445326f7023b6c69eeb0eccbbac6797af3e76c,187,4,1.3183517306335744e+16,1.1675380719464042e+16,1500000000028610.0,28654.710169,8136586814437.116,0,55,1.910314011230231e-11,1434.923633918326
0x0144c47df1cc4d52ff115f758918dc42a9db48aa,293,4,2528616623036889.5,842515035374964.0,478247491287119.7,478248767611232.4,729605328763573.4,0,125,1.0000026687523424,1.1547544983021618
0x014607f2d6477badd9d74bf2c5d6356e29a9b957,8,4,23.787142,14.893951999999999,2.0,2.0,4.89319,0,1,1.0,3.043812318753206
0x0146a22337780c55e9d2af2f39139a6174fb828f,15,4,1.3615082411737888e+16,4449986216190232.0,2357000000000000.0,2357721901323006.5,4450374294224648.0,0,4,1.000306279729744,0.9999127987875268
0x0146ef29dc977ea95328d9901a3c686e43b70953,2,2,124500000002.5859,100000000000.0,24500000002.585907,0.0,0.0,0,1,0.0,0.0
0x01485557c2bc6e26c7187ff4cc38d5d9474405d4,18,4,1000530164031.9851,1000000003797.8073,3030.4249090000003,3032.886697,530154170.866315,0,42,1.000812357367011,1886.2437735116296
0x01485be0b99f0c1949b6c4f1f70affdc39acb154,1,1,2.9e-05,2.9e-05,0.0,0.0,0.0,0,1,0.0,0.0
0x014930c2d8878759763f3ac2a492ff94073fd80f,28,4,1.6994678502820796e+16,6434588433381793.0,4777.7556939999995,4789.732804,1.0560090069429432e+16,0,20,1.0025068485638648,0.6093308287217533
0x0149cf3e60f83fda5da971cf9006f74ed9fe04a3,4,2,19860249375243.293,19860249358929.168,0.0,0.0,16314.122311,0,26,0.0,1217365481.288451
0x0149e057c5cf8e330fa5df824ad3c086ffc1cca9,2,1,2.19351,2.19351,0.0,0.0,0.0,0,1,0.0,0.0
0x014b0094e8c926067eff9bcf7f28608d80cb3694,2,1,2.127138,2.127138,0.0,0.0,0.0,0,6,0.0,0.0
0x014b8a67819d904922a2cacb104ae1baca6033a8,3,2,1800.005351,900.0026,0.0,0.0,900.002751,0,1,0.0,0.9999998322227351
0x014bcbc7ab0eaa72688b91fc2063c50a0a38342e,2,2,200000000000.05,200000000000.0,0.05,0.0,0.0,0,1,0.0,0.0
0x014cca5a65e31b8eec52bf4210f7ea09bf9c9016,1,1,168027.045751,168027.045751,0.0,0.0,0.0,0,1,0.0,0.0
0x014d3a4e098ea342fffdacfebf63c464ce4a5d15,1,1,1.109007,1.109007,0.0,0.0,0.0,0,1,0.0,0.0
0x014d82ea060ff731f208579c978d546b8f692f9e,1,1,13008.976229,0.0,0.0,0.0,13008.976229,0,1,0.0,0.0
0x014d8a9260da47dcf00113bd34482cceac881a9d,6,2,280238202206169.25,230238202206169.25,50000000000000.0,0.0,0.0,0,4,0.0,0.0
0x014dad29178cd0a6bdf32a908c918706e170f1e0,1,1,221454016752.5151,221454016752.5151,0.0,0.0,0.0,0,1,0.0,0.0
0x014e084765a334829a6056eed7dc9df1cc89f08d,1,1,1500000000000.0,1500000000000.0,0.0,0.0,0.0,0,1,0.0,0.0
0x014ea07861052dfec9fc3416271d0981a4eb0448,1,1,1300000000000.0,1300000000000.0,0.0,0.0,0.0,0,1,0.0,0.0
0x014f18e2c4cfda68eb2992c1820cf32fe7a6326e,1,1,1.012616,1.012616,0.0,0.0,0.0,0,1,0.0,0.0
0x014f65b7b97d2014c8a4f1dcb693d4a4fedf87cd,1,1,1.002716,0.0,0.0,0.0,1.002716,0,1,0.0,0.0
0x014faf79e95bddd971d309baf891fc064e86f4ba,1,1,91200000000.0,91200000000.0,0.0,0.0,0.0,0,1,0.0,0.0
0x0150947ebaa7c4f68efb2d1cd68af3cfa6424a0e,1,1,9.7e-05,9.7e-05,0.0,0.0,0.0,0,1,0.0,0.0
0x0151fec7c3cb6b151cb9b34bf5cbaa685fae769c,1,1,100000000000.0,100000000000.0,0.0,0.0,0.0,0,1,0.0,0.0
0x01520618c0509a2b2b54ff1319fa4c6d8a8e3581,1,1,1.012401,1.012401,0.0,0.0,0.0,0,1,0.0,0.0
0x0152667429adfd3ecd2dd6c3d3cfc1e669e67309,21,3,8978239294579250.0,7678239294561988.0,1300000000008625.2,8634.622914,0.0,0,14,6.642017626109777e-12,0.0
0x015281aaee9460e5948a609355f2599464eadf4f,1,1,15000000000.0,15000000000.0,0.0,0.0,0.0,0,1,0.0,0.0
0x01531c1ff589c8ae0779562b1fa9095cdb78e084,3,1,11563225782.418427,11563225782.418427,0.0,0.0,0.0,0,11,0.0,0.0
0x01532c3f785c5218b5595b0e13e3b20b6d501924,11,3,60016070888157.21,30007400000030.0,10000000000000.0,0.0,20008670888127.21,0,2,0.0,1.4997198048689908
0x01537ea80bf6c1d2779226fc1acfe93107f8b063,3,2,1330000019986.0,1330000009993.0,0.0,0.0,9993.00011,0,30,0.0,133093164.75060059
0x015434c7b541466ed441688a8dafcd26b85ff9d1,2,1,3994200003.790508,3994200003.790508,0.0,0.0,0.0,0,1,0.0,0.0
0x0154d25120ed20a516fe43991702e7463c5a6f6e,5,2,400527960134202.9,200000000035000.0,0.0,0.0,200527960099202.9,0,65,0.0,0.9973671498780433
0x01552561469172eb5910ac83b35f96c92bac63d0,15,4,5.1377215388498504e+16,1.4278802469687214e+16,1.14e+16,1.1410318009638166e+16,1.428809490917312e+16,0,8,1.0009050885647515,0.9993496376147432
0x01556c82b199759193e21b386b88e3b5e840cc51,2,1,7851852912.016867,7851852912.016867,0.0,0.0,0.0,0,9,0.0,0.0
0x0155d9e1e729fac583413952d6c4040c8d385584,1,1,1500000000000.0,1500000000000.0,0.0,0.0,0.0,0,1,0.0,0.0
0x015644fd4f3a0fcef6cc22e25e846a6481777303,2,1,9835676637.511362,9835676637.511362,0.0,0.0,0.0,0,8,0.0,0.0
0x0156f97eb31a8fd1bd26b19741256e77dca29305,3,1,2793000000000000.0,2793000000000000.0,0.0,0.0,0.0,0,16,0.0,0.0
0x01582c71b2bacb5b6db18c9d8aee84e8be032415,1,1,0.09,0.09,0.0,0.0,0.0,0,1,0.0,0.0
0x0158e476ea323e78ef35ae5b490c26bcf0eb15ae,1,1,1.055585,1.055585,0.0,0.0,0.0,0,1,0.0,0.0
0x0158f2bc31131a627cb41b44e7ec4c8a7dbe0613,6,4,182000002369481.72,35000000000102.582,56000000000000.0,56000000000000.0,35000002369379.14,0,4,1.0,0.9999999323063886
0x015ac33ae866f442ee65b6e0f658132d30e3c673,1,1,500000000000000.0,500000000000000.0,0.0,0.0,0.0,0,1,0.0,0.0
0x015b0bb1bfad0437647e74776a7d649d2e3adebb,4,4,9000000000001480.0,4500000000000000.0,740.0,740.0,4500000000000000.0,0,1,1.0,1.0
0x015befb758090caf23caf09dcdc107426bb1f07b,18,4,13766.994675000002,4941.747892,1941.747638,1941.7491559999999,4941.749989,0,1,1.0000007817699736,0.9999995756563962
0x015c03bc4c9aa817a6a6759552b809ff54890f19,1,1,1.014141,1.014141,0.0,0.0,0.0,0,1,0.0,0.0
0x015c78dd45b469a2ae94c93b426d283c2ee42849,2,2,35000000000.0,30000000000.0,5000000000.0,0.0,0.0,0,1,0.0,0.0
0x015c7e4760e69bc13fb5cc0df66f0a3375d300ec,1,1,1.094848,1.094848,0.0,0.0,0.0,0,1,0.0,0.0
0x015fc0f9a30b6353b6ea191d7c4ba6c8aade92d7,2,2,14999999989.997772,10000000000.0,4999999989.997773,0.0,0.0,0,1,0.0,0.0
0x015fe88d0d4787574aaf5af64726252484365338,14,5,37961629436237.12,21792299114388.824,5852413646463.997,4463610788343.539,5853305887040.756,3,33,0.7626957112029211,3.7230753927685662
0x016005883a46adc829445c752df6e957dec2c7fa,1,1,1000000000000.0,1000000000000.0,0.0,0.0,0.0,0,1,0.0,0.0
0x0160afff7a7a824429a8202995d03239d2d418fa,187,4,2.009399194768448e+17,1.9609507133350496e+17,4789000000474642.0,4000142844042.218,51848000021123.6,0,70,0.0008352772695021424,3782.114474109186
0x01615d8d53eb9aafcda15853286fdf8259368a68,2,2,2.0089989999999996e+16,0.0,0.0,2000000000000.0,2.0087989999999996e+16,0,1,0.0,0.0
0x0161cd3a424b77adbc9f73d55dffaa1325ca9e4e,10,4,3.1961038406535396e+16,1.5980212939301036e+16,11750.0,11750.510673,1.5980825467210862e+16,0,1,1.000043461531915,0.9999616710719303
0x0161d1cc10116bb2a073a0c293d5e4f1a97a00b6,2,1,130000000000001.5,130000000000001.5,0.0,0.0,0.0,0,96,0.0,0.0
0x0161e9ea4f3aa829dd8721545c9d024ea4500258,2,2,44800000000.0,39800000000.0,5000000000.0,0.0,0.0,0,1,0.0,0.0
0x01623c98f9651095d600f2ecb45dfa1072fc9589,2,2,12000000000.0,10000000000.0,2000000000.0,0.0,0.0,0,1,0.0,0.0
0x01663114bff8c87677c61a4a20e62339cb15e58d,40,4,1772978213147176.2,742630575034757.9,732957574843721.6,118063924556373.5,179326138712323.12,0,65,0.16107879720261659,4.141228826803067
0x0166e394c5d12205464c2c6b3073abb04ebdfd3f,28,4,9.91323527848164e+17,6.811082315539433e+17,3.10045e+17,45041652552747.234,125254641667923.94,0,14,0.0001452745651526302,5437.788352464435
0x0167767e7ffabd6e9fe1f958535bf296622d4b21,71,4,3.4642058873738524e+16,2.241429040220492e+16,1.2227768471478994e+16,25957.058827,28646.119899,0,120,2.1227960676180843e-12,782454673834.8104
0x0167d3c422cc3a856f1f7cb750e75a8e5d7c9c5b,1,1,34600000000.0,34600000000.0,0.0,0.0,0.0,0,1,0.0,0.0
0x01680c4acff13811644c8ccb03227bd47d3fc208,2,2,10000000000.002,10000000000.0,0.002,0.0,0.0,0,1,0.0,0.0
0x0168459886bd2aa322c18ed0b209887095afcacb,25,4,6111242796287919.0,3051794728113112.0,1500000000000.0,1501167305124.538,3056446900869683.5,0,50,1.0007782034163588,0.9984779147462867
0x0168ac98f0afa2df297e4d06c2c5187fc27b5689,1,1,100562067285.18108,100562067285.18108,0.0,0.0,0.0,0,1,0.0,0.0
0x0168c572ebc7861f99733d04187609067cb0fcfb,1,1,2000000000000.0,2000000000000.0,0.0,0.0,0.0,0,1,0.0,0.0
0x016948e86c3338bb0125ea7889e19b45c5357f26,1,1,15000000000.0,15000000000.0,0.0,0.0,0.0,0,1,0.0,0.0
0x016956ddbb3c7ad592283cb58cb9a6725bd847bf,2,1,7928089294.27401,7928089294.27401,0.0,0.0,0.0,0,6,0.0,0.0
0x0169a86594f9de15b8add8d9250913848cbf17a6,2,1,2600000000000.0,2600000000000.0,0.0,0.0,0.0,0,8,0.0,0.0
0x016a12805434a815a943c7c7251a483561d63fa3,1,1,0.012006,0.012006,0.0,0.0,0.0,0,1,0.0,0.0
0x016a1d022dbdf905526cf9e880c5e43eb13793af,1,1,98450000000000.0,98450000000000.0,0.0,0.0,0.0,0,1,0.0,0.0
0x016a42b47b051be2946a35fb72774e00a7b8e820,42,4,3911982157057837.5,1103588370680199.5,1550300000000501.0,1007077785237412.0,251016001139725.28,0,66,0.6496018739838009,4.396486142992531
0x016a5af54b2a9832ce8a594d3fc5af64ebd386f7,2,2,115000000000000.0,100000000000000.0,15000000000000.0,0.0,0.0,0,1,0.0,0.0
0x016a6738cdf51365f2f5e30c82931553e0a93262,35,4,187427903928631.1,166406707100654.66,21021196827875.926,25.0,75.528918,0,60,1.1892757679166886e-12,2203218469257.757
0x016d10f16e862eea0be1fdeb1dbba0bbd7f44078,29,4,552306587242779.8,154958804861177.06,120940000000000.0,121259607456566.44,155148174925036.3,0,35,1.0026426943655238,0.9987794244827517
0x016d435511a27e309b599e2786429641843ce782,7,2,8652977527002.621,7280534290874.294,0.0,0.0,1372443236128.3271,0,3,0.0,5.304798114210346
0x016d4da7c7cd614cd50149a373873ff090b9782e,2,2,30000000000.0,20000000000.0,10000000000.0,0.0,0.0,0,1,0.0,0.0
0x016e9e2497544790d71411911b187cbd26b43458,6,2,207720403.55599803,200000002.012658,7720401.54334,0.0,0.0,0,24,0.0,0.0
0x016ee55de225b15958c5b2f2cdd8c554621d2639,4,2,25664573922.023182,12832273983.755005,0.0,0.0,12832299938.268177,0,25,0.0,0.9999979774075344
0x016f6d3391e9a13928505ec4e6dfa9778e5b5ec7,1,1,1120000000000.0,1120000000000.0,0.0,0.0,0.0,0,1,0.0,0.0
0x016fa60107319e33386641ae9002ea59706379d5,70,1,260000000.00044003,260000000.00044003,0.0,0.0,0.0,0,23,0.0,0.0
0x01700929e82848e2ee72fefd6420080e1625607c,1,1,2000000000000000.0,2000000000000000.0,0.0,0.0,0.0,0,1,0.0,0.0
0x01708df7ee281fe5a8bf6a967b4fd8df8623e98b,50,4,75000000104539.4,75000000029144.89,23044.146148999993,23126.146479,29224.22987,0,36,1.0035584017507009,2566363608.6484456
0x0170a247571e889d011327477b751f2e42c5baa4,2,2,1065000000.020854,1000000000.0,65000000.020854,0.0,0.0,0,1,0.0,0.0
0x0170de25446302e7ff2e3093c6b77350dfd2b643,4,3,10000000000002.0,10000000000000.0,1.0,1.0,0.0,0,1,1.0,0.0
0x01712ca1676c850698bd52ed3973d5cdca71fa67,2,2,801664351110848.6,2000000000000.0,0.0,0.0,799664351110848.6,0,69,0.0,0.002501049343042131
0x017154d1f2c228765c494da30c018fa48a09e1ad,1,1,4.989251,4.989251,0.0,0.0,0.0,0,1,0.0,0.0
0x017184a0829a54746706654e86eb7a6c5cafbf90,14,4,50560479122655.32,25560479122270.055,25000000000175.0,105.128988,105.128988,0,14,4.205159519970564e-12,243134454240.8232
0x01718c9eb7984abc907e5fd40f56cdab4ed5b0b2,1,1,2788634284938.8315,2788634284938.8315,0.0,0.0,0.0,0,1,0.0,0.0
0x0171ed588582d1df472015623dcb426d0a1de431,24,4,1983694197255598.0,1979694197218189.0,20292.0,17117.211660999998,4000000000000.0,0,68,0.8435448285531243,494.92354930454724
0x01722733d6b93f5bffa318615a2dcf9bc2a07cc2,1,1,1.1,1.1,0.0,0.0,0.0,0,1,0.0,0.0
0x017252042524df387a7ed994d41d7bde44f4670a,2,1,4500000000000.0,4500000000000.0,0.0,0.0,0.0,0,11,0.0,0.0
0x0172e05392aba65366c4dbbb70d958bbf43304e4,16,2,7.079899203050116e+17,1273.864978,0.0,0.0,7.079899203050102e+17,0,90,0.0,1.799269935158405e-15
0x0173438096718b70015e2914e7773546851fdaff,72,1,260000000.00045997,260000000.00045997,0.0,0.0,0.0,0,23,0.0,0.0
0x017388b16dd5fea1af29059b7eb34849b0eb8dbc,1,1,94329882800.0,94329882800.0,0.0,0.0,0.0,0,1,0.0,0.0
0x0173c24b53a892387b4a23ed706cbf9197f293fe,2,1,7000000000.0,7000000000.0,0.0,0.0,0.0,0,1,0.0,0.0
0x017423feb0aebc5f4f80496d2eb20e4498aec1df,1,1,100000000000.0,100000000000.0,0.0,0.0,0.0,0,1,0.0,0.0
0x01750c374d9fae78ca0dd39a0f4f0f4fec06181c,29,4,9797729966094328.0,3841350030606036.0,1750000000001135.0,1750029242166722.5,2456350693320435.5,0,23,1.0000167098089072,1.5638443000227267
0x017529cc3b9c5d967f303221d023ceb6253dc7f3,1,1,104100000000.0,104100000000.0,0.0,0.0,0.0,0,1,0.0,0.0
0x017583e73bfcdd8a7fe7bfd87f5174fa34c81a5e,1,1,1500000000000.0,1500000000000.0,0.0,0.0,0.0,0,1,0.0,0.0
0x0175b32dfc64088fe25f8a4d6291caa7ef5b909d,2,2,1200000000000.0,1000000000000.0,200000000000.0,0.0,0.0,0,1,0.0,0.0
0x0175c38d00a114bd29fbcaf832e7b1a21033644c,30,5,22330613209293.875,22330613088968.44,109006.0,6807.311712999999,4512.121885,1,99,0.06244896347907454,4949027011.704593
0x01765501cdd20d174c1a6fd195c2e986135b6975,1,1,16500000000.0,16500000000.0,0.0,0.0,0.0,0,1,0.0,0.0
0x0176b54c3989fa5b7bf27d0e5f1cc3d4ad56b044,1,1,0.012707,0.012707,0.0,0.0,0.0,0,1,0.0,0.0
0x0176e840a1d7df604172fce139bb0a0e99834165,3,1,4723030669.909702,4723030669.909702,0.0,0.0,0.0,0,8,0.0,0.0
0x017715b9a71dabed2ddae0bbbb6b0896509c8212,6,3,1662902377413640.2,1662902377410990.8,1197.207986,0.0,1452.329297,0,13,0.0,1144989900600.3394
0x01771a278c3fab69735aaeb38872469489e7716d,18,4,1815800029894249.5,424601713584894.75,483000000000283.0,483312887890162.8,424885428418908.9,0,11,1.0006478010142434,0.9993322556740298
0x01772e50f13f21e6a278e692423c4d514837f9de,1,1,3968.550042,0.0,0.0,0.0,3968.550042,0,1,0.0,0.0
0x01776c66ab49f137fd061e18d1611a8aa769b19d,1,1,0.486232,0.486232,0.0,0.0,0.0,0,1,0.0,0.0
0x01778ac80ba7740bd13dc4936fa746c7a0770d9c,1,1,1.166397,1.166397,0.0,0.0,0.0,0,1,0.0,0.0
0x0178217e241aa00787461cf044c69e8292c3863e,2,1,1290.1449699999998,1290.1449699999998,0.0,0.0,0.0,0,3,0.0,0.0
0x01784fd2a696eec23f901b9a5d9762d5e8d10af3,100,4,3.251957538508321e+17,1.6016836629427264e+17,1.649890942848928e+17,206899.011798,38293271459886.83,0,121,1.2540162893478268e-12,4182.67649088308
0x0178e892ccb5ab71c7b1727fe7e50f317b0494b1,261,4,7.144363384723899e+17,3.8149386332548736e+17,1.7223500000003488e+17,8.69628577155247e+16,7.374461743134299e+16,0,57,0.5049081645165447,5.173175705747774
0x01793c678e14c7158405158cb209b83fb2c09b41,2,1,12351530886.647522,12351530886.647522,0.0,0.0,0.0,0,2,0.0,0.0
0x0179c150e32d7054be23107b97ff8e2ae7c346d7,2,2,20162.000148,10081.0,0.0,0.0,10081.000148,0,1,0.0,0.9999999853189171
0x0179e2f40016671fe0326ef241d0178ffbbe9e94,14,2,8.79907649626549e+16,7.52370928740848e+16,1.2753672088570084e+16,0.0,0.0,0,50,0.0,0.0
0x0179f665e46e456954f00d5475b306e613a9fcdb,3,2,3.059564304915639e+16,1.9125627287358204e+16,0.0,0.0,1.1470015761798186e+16,0,5,0.0,1.667445597682407
0x017af4481e13023209f6c15f6cfdefff3c695534,19,2,2165206728287181.5,2165206728266881.5,20300.0,0.0,0.0,0,46,0.0,0.0
0x017b176e25cf8685d25f085a8331fec5352a58ec,1,1,1.829131,1.829131,0.0,0.0,0.0,0,1,0.0,0.0
0x017b3763b8a034f8655d46345e3eb42555e39064,13,4,1.2440652382950292e+16,142241.22950999998,1.2432661e+16,7991382665808.201,142245.096664,0,3,0.0006427733102196063,0.9999728134460116
0x017b4cca058ecf79937066adf44ddfa249a620fd,250,4,1.0930404414883749e+17,3.431774966034705e+16,2.5839342459953144e+16,167740.119933,4.914695202836956e+16,0,89,6.491655900028045e-12,0.6982681172280529
0x017b69d5d9325f15c278a658a619a49bdb4d6665,47,4,1.2433503630782498e+16,3099161240772893.0,3096812286276054.5,3120946843145261.0,3116583260588288.0,0,63,1.0077933547913647,0.9944098975195976
0x017b93259518cc28f53284ec81f7084575ba8699,4,4,34.028551,10.0,7.0,7.014621,10.01393,0,28,1.0020887142857142,0.9986089377497146
0x017b9472e9dd28e7c11822603b9d2eeb41037165,2,1,1.023975,1.023975,0.0,0.0,0.0,0,1,0.0,0.0
0x017c3ce152fd7d144cf74cc87e1d7c7cf15928c1,2,2,1.1,1.0,0.1,0.0,0.0,0,1,0.0,0.0
0x017c4d3aff4d726da43846579fe49c3646abd6a6,9,4,3136558689876.487,1568268803575.2588,1000.0,1000.1210619999999,1568289884301.1072,0,3,1.0001210619999998,0.999986558144601
0x017c536b11211d47ff4752c141f1e62ea16a4a5d,124,4,4.627658656884347e+16,9878421080345958.0,1.908469715147365e+16,8510323569993608.0,8803144767030258.0,0,111,0.4459239516586446,1.122146839768312
0x017d08868e2ddbf4d2b28171457c1ce6976fe212,62,5,3070968066486461.5,388907578589442.06,1150000000003902.0,1150361812212286.0,381698675680831.6,2,82,1.0003146193116372,1.0188863712868588
0x017d0b1933cc52fbb03bf16e5e1041f7179eda71,2,2,27300000000.0,22300000000.0,5000000000.0,0.0,0.0,0,1,0.0,0.0
0x017d0c0429922121cf25b4abe519d64b953b9b72,2,2,1095000000.0,1000000000.0,95000000.0,0.0,0.0,0,1,0.0,0.0
0x017d420ea23d57b49705e4d36bdfcb81ab4e82b5,1,1,1.1,1.1,0.0,0.0,0.0,0,1,0.0,0.0
0x017d8a64a8cfc0e15d20bb9aa7a86165b784a4d2,4,4,1.0900000000000002e+16,4950000000000001.0,500000000000000.0,500000000000000.0,4950000000000001.0,0,1,1.0,1.0
0x017d942c5f14069d512017568814bb4edb871729,1,1,6283928287.311403,6283928287.311403,0.0,0.0,0.0,0,1,0.0,0.0
0x017d9ed24bff6f17e12a70a952f778c7bdb6bfd5,1,1,1.107933,1.107933,0.0,0.0,0.0,0,1,0.0,0.0
0x017e019d6344b47854635ee87f728831260c87b5,40,4,630306685643.6118,313862899860.1816,292233483600.9823,489.829435,24210301692.61842,0,10,1.6761578069842832e-09,12.964022664611262
0x017e2a9de4d669a21084a6d2014b38a5e2863643,9,2,351928020328390.9,225792885386090.0,126135134942300.89,0.0,0.0,0,1,0.0,0.0
0x017f1e8b5ef8d86d279ba8ae5120694006a18001,6,4,16016.414843,4500.438035,3500.0,3508.162404,4507.814404,0,23,1.0023321154285714,0.9983636484693216
0x017f8a86bc732b517e04a8e6cbb5ad22b899e4ba,1,1,546.870684,0.0,0.0,0.0,546.870684,0,1,0.0,0.0
0x017f9dc0e2d0a123bf03a3c7ec27f898b70d8ded,141,4,2213133071326036.0,380955261343637.94,70000000002850.14,70035756904255.57,1692142053075293.0,0,99,1.0005108128771996,0.22513196256265317
0x017fe812df7bea272511a47955099a9e8d20282e,10,4,799550912010414.9,4000000000015.784,10000.0,6000.648593,795550911994398.4,0,4,0.6000648593,0.0050279623085190414
0x017fe9a4c15da854133d4fd220948ac084f8ae14,3,2,135600028589604.78,120000000000000.0,15600028589604.787,0.0,0.0,0,1,0.0,0.0
0x018037f8fa6a91dda30b919de140e1bab5b969a9,1,1,425541964109999.94,425541964109999.94,0.0,0.0,0.0,0,1,0.0,0.0
0x0180a2047666c6e8a99e6c9a8d001bbc47208df5,2,2,41600000000.0,36600000000.0,5000000000.0,0.0,0.0,0,1,0.0,0.0
0x0180af6a237c41c8a0b5297a0fdb8ad1d76e4c92,1,1,1260000000000.0,1260000000000.0,0.0,0.0,0.0,0,1,0.0,0.0
0x01812580ff18cdaa3e9b3cdaa81496cd98d3f56f,237,4,7996398417474066.0,2503609764989239.5,2862010700009941.5,2600799653665195.5,29978298809689.637,0,92,0.9087316318056258,83.51407065767249
0x01816f1a627dd1231b4d47c93362aec467aba32b,3,2,173545452168506.6,41291569868089.164,0.0,0.0,132253882300417.44,0,5,0.0,0.3122144253905115
0x0181fb8d39d57383731eb0482249e780de07abde,1,1,0.0118,0.0118,0.0,0.0,0.0,0,1,0.0,0.0
0x0183a86573f2daf8f5d1f31b9d3c82631345630f,2,2,37300000000.0,32300000000.0,5000000000.0,0.0,0.0,0,1,0.0,0.0
0x0183b5764427bc889109b2d2039690e1d90987f9,2,2,634000000604.7642,634000000000.0,604.76421,0.0,0.0,0,1,0.0,0.0
0x018423caf5f8ecafb391edf7c4540802981cd0fa,1,1,3846943871.53845,3846943871.53845,0.0,0.0,0.0,0,1,0.0,0.0
0x0184df2afb9845c27504419ac7d5efccae41b951,12,4,902240015929403.5,902240015921892.6,4000.0,1001.556048,2509.448054,0,82,0.250389012,359537235482.4176
0x0185080e4a3cc98dcd527719ca0dac91075725ae,6,2,2553788668444.475,1801331908953.1753,0.0,0.0,752456759491.2999,0,43,0.0,2.3939341181159297
0x0185326b75f0e915a7518b9f5dce248c09226935,2,1,4673936576.098938,4673936576.098938,0.0,0.0,0.0,0,8,0.0,0.0
0x0185c3dd9f48bfaea84a637c769840f5c3bdb658,14,1,7467407554728251.0,0.0,0.0,0.0,7467407554728251.0,0,52,0.0,0.0
0x0185e80948461135faabd6d01fe4afa8586fe6c4,1,1,1.835328,1.835328,0.0,0.0,0.0,0,1,0.0,0.0
0x018650dae189c5083dcbec8ae1edcf8b83e08380,19,4,9802433410561898.0,4201971702264848.5,700000000000500.0,700381763483776.4,4200079944812771.5,0,17,1.00054537640468,1.0004504098676534
0x0186d975cfe19772e58f4d314a52984b31a2cbeb,116,4,1.5684822084164138e+17,1.3200525565828078e+17,2.4591637386246536e+16,354238.0437240001,251327796759870.2,0,104,1.4404817302735451e-11,525.2314203207873
0x0187cd7fa0f5f10661e12be1538611de29bc6f77,12,4,370985295084686.75,110985295084340.33,260000000000003.0,3.001372,340.434403,0,3,1.1543738461538329e-14,326010808855.7088
0x0188470b85e116ba8a7a42a71a8d67229f44e7ad,11,2,457769147567074.6,457769147566934.75,139.825774,0.0,0.0,0,22,0.0,0.0
0x01884fdcd3a66259cfa65a20bebe3db9f24d97b2,2,2,19118.000105,9559.0,0.0,0.0,9559.000105,0,1,0.0,0.9999999890155876
0x0188946f1b60fa1af2e53bf2f4dc0a0670c631f0,1,1,94000000000.0,94000000000.0,0.0,0.0,0.0,0,1,0.0,0.0
0x0188e83acb7f9e765bdd3e5cf7937d3d9e1c2879,3,1,3.3000000000000003,3.3000000000000003,0.0,0.0,0.0,0,6,0.0,0.0
0x0188f8b6f58aec2e47c1ba1fc38b9978273de931,1,1,85000000000000.0,85000000000000.0,0.0,0.0,0.0,0,1,0.0,0.0
0x0188f96b20d00a3ab9d19b8aa91988b720294ce3,2,2,10000000000.002,10000000000.0,0.002,0.0,0.0,0,1,0.0,0.0
0x01894ddf668719ae49d364e6c77d21cfa3926ac6,6,3,129802434451.42589,129784434451.42574,18000000.00016,0.0,0.0,3,53,0.0,0.0
0x018a26884caafb6a420d3de9541cf924178783de,1,1,6016856603.539196,6016856603.539196,0.0,0.0,0.0,0,1,0.0,0.0
0x018a5329c9b24f31bff452166c73369354ae71a6,67,1,250000000.00042,250000000.00042,0.0,0.0,0.0,0,23,0.0,0.0
0x018a6ad6ef7642a5bfdc470a2e1cdebec1e41045,1,1,1399668071306.7112,1399668071306.7112,0.0,0.0,0.0,0,1,0.0,0.0
0x018aae0cbe0aff89e183a7f1f0b34b308561b049,1,1,36000000000.0,36000000000.0,0.0,0.0,0.0,0,1,0.0,0.0
0x018ba7d4c044254f4ae94652b09c790baf7db3ca,31,4,1.701734782433676e+16,7447728251950.742,1.1000000000020982e+16,6003505379868179.0,6394716195649.012,0,68,0.5457732163506116,1.164669083675395
0x018bde66f5b0a1a992a40d6f75dee3c5a29f25c9,2,2,53200000000.0,48200000000.0,5000000000.0,0.0,0.0,0,1,0.0,0.0
0x018bf5774c55789146bac375e052f826294ecb06,6,4,398042985049.44836,124000000000.0,75000000000.0,75027676940.90239,124015308108.54597,0,4,1.0003690258786986,0.9998765627503616
0x018d48fd560a59dab8b345917330a468f04cbc2b,2,1,100000000010.81802,100000000010.81802,0.0,0.0,0.0,0,7,0.0,0.0
0x018e1ba194311b98a6e92b6b2650ed2dd4a90cf9,4,4,1.18000000000014e+16,5900000000000000.0,700.0,700.0,5900000000000000.0,0,1,1.0,1.0
0x018e2339fe910022db81f0df861ff792d406cf3d,87,4,8635173377469074.0,4035026111620956.0,1060000000014273.8,11062.703867,3540147265822782.0,0,108,1.0436513081934936e-11,1.1397904687682976
0x018ed52cf0254857c3d2cd4ad06a673c56eca644,141,4,3388732673846596.0,1637654191621950.8,536461132915435.7,18194774433344.504,1196422574875865.0,0,70,0.03391629573323183,1.3687924534455276
0x018fe0518c0a46855801280950fe0cc98ac96a77,1,1,0.096406,0.096406,0.0,0.0,0.0,0,1,0.0,0.0
0x01905431efb225a63b873d8fa6f98b067df4a924,2,1,2.432779,2.432779,0.0,0.0,0.0,0,7,0.0,0.0
0x0191c087cbf29aa1103c1010c470743264a052b1,1,1,10000000000.0,10000000000.0,0.0,0.0,0.0,0,1,0.0,0.0
0x019218cb876c7e22a903ca74c0b62ec90344920d,28,4,8443128697106700.0,3660659755658195.0,2593781080223331.0,1094343930612586.8,1094343930612586.8,0,44,0.4219106766398192,3.345072470598021
0x019271b315e55cd40d409ef21ede9c3b61646736,25,4,485417655086228.0,170793046643556.94,123215643955823.06,72217056736937.62,119191907749910.34,0,4,0.5861029851276828,1.4329248509212271
0x019287e476e382e9b733e089cb205b4dd255902a,1,1,53.4339,53.4339,0.0,0.0,0.0,0,1,0.0,0.0
0x019315575492be540e0d56306948b3180fe39788,1,1,100000000000.0,100000000000.0,0.0,0.0,0.0,0,1,0.0,0.0
0x0193960db1204a3c0882225576c92b95af25092e,1,1,1000000000000.0,1000000000000.0,0.0,0.0,0.0,0,1,0.0,0.0
0x0193caf8a49dba421bca7d16eebd0e7dff9c559b,3,3,497060001441370.0,497000000000000.0,30000000000.0,30001441369.993355,0.0,0,5,1.0000480456664451,0.0
0x0193d4e60ad8eb4f9546ef607237277b82d5c5b0,2,2,266616709803759.56,133308351784724.92,0.0,0.0,133308358019034.62,0,1,0.0,0.9999999532339172
0x0194d076503771b976a062c4cde310b13d3e9960,42,4,3.1764043064031795e+17,3.176084306397962e+17,190000.0,174541.22909900002,32000000157212.19,0,99,0.9186380478894738,9925.263408731995
0x0194f6b2cd2061b50169ee2c81cd95f982cc0a05,12,4,155000000000300.12,155000000000055.0,80.0,80.05186900000001,85.054061,0,63,1.0006483625000002,1822370362774.9766
0x01952760a2f72cfa13b3557b6e015b40126961c0,53,4,195628055366177.88,192123223182228.06,4204.6005000000005,4211.897386000001,3504832175533.2314,0,17,1.0017354528688278,54.816668405242
0x01952b83f4fbb1fdd4bf11087638f0821175f7b4,21,4,197008656163832.9,196013656133706.8,210.0,210.092488,995000029706.033,0,80,1.000440419047619,196.99864349915438
0x019565863a1d126ace10976692665a0d5e3b57da,1,1,96.981617,0.0,0.0,0.0,96.981617,0,1,0.0,0.0
0x0196745e37b3e8ddb99be16b065bb482768ef3d2,10,2,23591865298325.258,18591865298325.258,5000000000000.0,0.0,0.0,0,67,0.0,0.0
0x019712e01e25a3dee2e11dc8a8de84afb0015401,131,4,516624380482406.0,240344526978626.62,4975000000302.234,302.689444,271304853503174.38,0,119,6.084209929278621e-11,0.8858836245471535
0x0197295055068f266f8654ef428a91239839c2d5,13,4,1.5314773841098792e+16,5156700697515508.0,2500000000000000.0,2500523483581517.0,5157549660001766.0,0,8,1.0002093934326068,0.9998353942196927
0x01974549c9b9a30d47c548a16b120b1caa7b586c,1,1,2000000000000.0,2000000000000.0,0.0,0.0,0.0,0,1,0.0,0.0
0x019761d78f2f14ef6a498d245fca15ef5ab121c8,9,2,11487229302.006733,11487229274.116693,27.890037999999997,0.0,0.0,0,3,0.0,0.0
0x01977c44632eefb5b2868e18c902584ccad574d7,112,2,7.043743681034758e+16,70500.0,0.0,0.0,7.043743681027709e+16,0,63,0.0,1.0008882093465641e-12
0x0197d7fafca118bc91f6854b9a2ceea94e676585,1,1,21900000000000.0,21900000000000.0,0.0,0.0,0.0,0,1,0.0,0.0
0x0198662302a3d7395714600e885d2ddf87c2f839,2,2,54600000000.0,49600000000.0,5000000000.0,0.0,0.0,0,1,0.0,0.0
0x019868709db6160b2db6276bdf163ac0d3b5324a,1,1,6280615215.895603,6280615215.895603,0.0,0.0,0.0,0,1,0.0,0.0
0x0198d8a7463819a22facc2b96a7402f1bbbd1a82,1,1,1.813291,1.813291,0.0,0.0,0.0,0,1,0.0,0.0
0x019978404a6cd72605ec0f2874e7f5ec854dbd9d,1,1,1.061967,1.061967,0.0,0.0,0.0,0,1,0.0,0.0
0x0199a54ad38f4d55b3819517d3fea232ae33f673,41,5,5.0218001047142445e+17,160827590324388.47,3.3966800000005e+17,8.723525484899798e+16,7.511592803205216e+16,2,110,0.25682506108607567,0.002141058421800539
0x019a0a45a1342050f732ccdf8aeb2ecf4b34c034,28,2,1.0414515284121784e+16,5207512111510664.0,0.0,0.0,5207003172611118.0,0,26,0.0,1.0000977412309298
0x019aa8f4062bde8e0b457aedf08d4bfbb44f3acd,1,1,1.103037,1.103037,0.0,0.0,0.0,0,1,0.0,0.0
0x019abd316838b1fb8dd49d66c13b01b5ea3cdbaf,7,2,1243300000003247.8,43300000001623.61,0.0,0.0,1200000000001624.0,0,19,0.0,0.03608333333463751
0x019b00a4c8bf5a4a75d7be5a498f2d41e6bf41f2,44,4,1.8525926501305544e+16,1.2474685766200868e+16,2220209635934771.2,1569227876060254.2,2261803223109649.0,0,81,0.7067926607748303,5.515371823128803
0x019b337f128fd5eb9f7e3fd36acaf6c334c7492b,3,2,102000000170042.14,101000000000000.0,0.0,0.0,1000000170042.1439,0,1,0.0,100.99998282574639
0x019b40948ae2c1dfc1751e76161b5a6ef90aee4b,1,1,1.680773,1.680773,0.0,0.0,0.0,0,1,0.0,0.0
0x019c429038894a1656ae2e9399769662bb4899d0,2,2,10000000000.002,10000000000.0,0.002,0.0,0.0,0,1,0.0,0.0
0x019c829ea5392cedae3c91027c171420798ff9cf,2,2,48400000000.0,43400000000.0,5000000000.0,0.0,0.0,0,1,0.0,0.0
0x019d10463c5c800b84d6527e112e131109611527,4,4,4.1687999e+16,2.0842e+16,2000000000000.0,2000000000000.0,2.0841999e+16,0,1,1.0,1.0000000479800426
0x019d239a36a4fd4828253e8eccadd1dd2d0dd147,10,4,1672371339225.628,1672371335877.248,2973.176232,373.20929,1.994322,0,78,0.1255254518663191,838566357828.4991
0x019dd1181011ab3207b948cf9d00c0a011d33c74,1,1,128576515690162.33,128576515690162.33,0.0,0.0,0.0,0,1,0.0,0.0
0x019e3d65ade821fded83b438cd1b8626208c48d3,10,2,12405789196947.996,12405789195777.996,1170.0,0.0,0.0,0,21,0.0,0.0
0x019ea1afabcbd84d922043c4261052a583315d2c,143,5,2.321167637618332e+17,2.3200967197474e+17,285831.28242599993,178430.25733,107091786628963.27,1,112,0.6242502773509213,2166.456264088439
0x019ed608dd806b80193942f2a960e7ac8abb2ee3,10,5,11160535769141.344,8794300000000.0,1877.754599,238.03773,2366235767025.553,3,66,0.12676721980964245,3.7165780868297684
0x019f4cb3cad6f0bf4d571edc99cf3cea815c0102,1,1,10638755.361279,10638755.361279,0.0,0.0,0.0,0,1,0.0,0.0
0x019fb2e4f3c3afc29a55fe4740ce87b3df981e23,2,1,5349870.73051,5349870.73051,0.0,0.0,0.0,0,7,0.0,0.0
0x01a0de8ff66f6c050bf45c36f46e74d359e7f85a,1,1,1500.0,1500.0,0.0,0.0,0.0,0,1,0.0,0.0
0x01a0e0f98539cab8593c45f849c75f65b27dcb50,1,1,1500000000000.0,1500000000000.0,0.0,0.0,0.0,0,1,0.0,0.0
0x01a0f8f364c2fec07cfcdebd2980da3f950d0410,106,4,1.3405029594730136e+16,7193290251444703.0,1725923521308209.0,1734482620548965.2,2751333201428255.5,0,74,1.00495914166247,2.6144744110639038
0x01a10e5ada8f1c1117f185493a0bb4f299f7b8c0,7,3,107326151561088.66,65000000000000.0,20150003557569.69,0.0,22176148003518.965,0,56,0.0,2.9310771189696987
0x01a11a6eef76d13a789bf944dbcfe7e2b27411ed,1,1,1.065949,1.065949,0.0,0.0,0.0,0,1,0.0,0.0
0x01a15c5109cb9935d9528c9348a2996559151c26,1,1,1.070356,1.070356,0.0,0.0,0.0,0,1,0.0,0.0
0x01a1c554806b5754fc768fb6037631e3842dab5d,2,2,105000000000.0,100000000000.0,5000000000.0,0.0,0.0,0,1,0.0,0.0
0x01a1c72bf9547d1e6abd8486ae3cad64e781cd7c,4,2,16178849414.350426,11000000000.001122,5178849414.349305,0.0,0.0,0,1,0.0,0.0
0x01a1ef4a64f8c25ac6e4913512dabac382fd2954,151,4,9516297202921328.0,2532467385271054.0,3580000000036530.0,3401253431411525.0,2576386202219.7974,0,86,0.9500707908873796,982.9533255103978
0x01a2c0cc3fc848d1cbfa4198822349c85905785b,3,2,1500.0366159999999,500.0,0.0,0.0,1000.036616,0,1,0.0,0.4999816926703412
0x01a2e7fe230a34bf74e7c850d1244c70ff928024,50,4,2392290620865290.5,910217735257172.9,665924081655041.2,299597824366552.2,516550979586524.7,0,41,0.44989786766976897,1.7621062997223629
0x01a3049804d40609f2edc1b5d73610bcd8796ae1,1,1,97300000000.0,97300000000.0,0.0,0.0,0.0,0,1,0.0,0.0
0x01a3a71580b17d1c567d577a66b28c48e42a43c3,7,4,4.808695634492405e+16,1.4e+16,1e+16,1.0043245478678294e+16,1.4043710866245756e+16,0,33,1.0043245478678293,0.99688751308952
0x01a4615315104084dcaaec9a847e90ce5cfbf8ea,4,3,76682300755929.55,60897781127000.0,7892259814464.773,7892259814464.773,0.0,0,1,1.0,0.0
0x01a4f75344f665629c714f6623b784509159d4bc,13,4,1200000076419033.8,600000000001123.4,230.168583,230.168945,600000076417450.0,0,1,1.000001572760258,0.9999998726394719
0x01a580e1370e798c48abda6b2f605035f2127d5c,253,4,7.598297811848245e+16,3.3771892136403164e+16,9800000000039870.0,3800295932756419.5,2.8610790049282984e+16,0,81,0.38778529925928146,1.1803900583741316
0x01a71e7b07cbe684439eb0570a93055af7c15b57,2,2,32200000000.0,27200000000.0,5000000000.0,0.0,0.0,0,1,0.0,0.0
0x01a762e99a74132ff61cebd92262fc54463320e5,124,4,224184834025244.25,224184833986392.12,3698.0,2260.558399,32893.549132,0,47,0.6112921576527853,6815465035.005822
0x01a7749f10af218e842eaa97ef66b06870f9002a,4,1,8635404130637368.0,0.0,0.0,0.0,8635404130637368.0,0,77,0.0,0.0
0x01a7e44c9c8495f1fdac72298a3c0ebac9f58a55,1,1,1.015478,1.015478,0.0,0.0,0.0,0,1,0.0,0.0
0x01a8b987d4350c58a3a16456d5f7cc3255c425b0,1,1,883.573184,0.0,0.0,0.0,883.573184,0,1,0.0,0.0
0x01a94e74ec7264b4be34d9a68f8cd1decc9bcdb6,2,2,10000000001333.65,10000000000000.0,0.0,0.0,1333.649729,0,30,0.0,7498220696.597915
0x01a97118d81e6ccd319a27dbfad2b601774399d2,2,2,840000000000.0,580000000000.0,260000000000.0,0.0,0.0,0,1,0.0,0.0
0x01a9766c63c57694307eb20b75796a252d549819,2,1,1.0284060000000002,1.0284060000000002,0.0,0.0,0.0,0,12,0.0,0.0
0x01aa226e0895cfc97fee2121222dd005160ea9c2,1,1,4113116595.938464,4113116595.938464,0.0,0.0,0.0,0,1,0.0,0.0
0x01aa66f23e42842d771cf46e6293af4ed04c90bd,120,4,6.313162772312219e+16,4.990661600821556e+16,1.3087769726422362e+16,209963.34243999998,137241988274301.0,0,107,1.604271368070555e-11,363.6395583869629
0x01aa8359ab1b28af8f7a11d3457f775b540efad3,1,1,103.433967,103.433967,0.0,0.0,0.0,0,1,0.0,0.0
0x01aafa85d27eda7cc530132827ba834c269a7cbd,1,1,14815.59399,0.0,0.0,0.0,14815.59399,0,1,0.0,0.0
0x01ab50c379aa098a199feda4c5a51d623ffcd764,1,1,98886.904505,0.0,0.0,0.0,98886.904505,0,1,0.0,0.0
0x01ac60352b386d551222c877925f524d43725149,5,1,93184869208.50954,0.0,0.0,0.0,93184869208.50954,0,1,0.0,0.0
0x01accec19e099cc37d9fa9f7027dd89c8a9831d5,2,2,2104.0416459999997,1052.019975,0.0,0.0,1052.021671,0,1,0.0,0.9999983878659092
0x01adf60f3a3455f78cd196763c1203c8fde2c039,1,1,6358478883.961646,6358478883.961646,0.0,0.0,0.0,0,1,0.0,0.0
0x01af1eb57b3489cea12ea3d8ebbae1c3eeb0658e,18,4,1.8535577891959242e+17,2.110810612733507e+16,6.108069759737374e+16,1.0105347205498774e+17,2113503139895864.0,0,30,1.6544256373937138,9.987260358825445
0x01af4808da010aad7b2c977f51508a1402c8cbbc,114,4,4.1637916218918445e+17,1.1512564244541963e+17,1.0535000000013813e+17,9.5463445533747e+16,1.0044007420987968e+17,0,17,0.9061551545668898,1.146212239995492
0x01af60b03e2b9cbf947568552462f9182b959db0,24,4,148383.526666,74079.20597099999,58904.32069500001,7700.0,7700.0,0,24,0.13072046174455929,9.620676100129868
0x01af86cd3fa63f8b04b8ba7df0494a77c01c473f,1,1,3.0,3.0,0.0,0.0,0.0,0,1,0.0,0.0
0x01b037084eba7e4519dbfc9ba026ae696746e033,2,1,112249432763187.47,112249432763187.47,0.0,0.0,0.0,0,23,0.0,0.0
0x01b05f41b22b8ab004b064cd6404e90ca46840fd,1,1,3796413743.788625,3796413743.788625,0.0,0.0,0.0,0,1,0.0,0.0
0x01b06d543b68067f7d78427d651b1190c10e0456,4,4,8002599999999999.0,4000999999999999.5,300000000000.0,300000000000.0,4000999999999999.5,0,1,1.0,1.0
0x01b0b2d9991112703bb96ba7b603f89788d2c6d6,1,1,8.578612,8.578612,0.0,0.0,0.0,0,1,0.0,0.0
0x01b0ea8755979c2030d642b74c5dcbde220351df,1,1,1.01553,1.01553,0.0,0.0,0.0,0,1,0.0,0.0
0x01b15b58df43cd3a72b4edd9b6150fc7b9b1f412,1,1,1.107826,1.107826,0.0,0.0,0.0,0,1,0.0,0.0
0x01b19a62cba8bbc553b0137257f72371c826c403,12,4,760000060867687.0,234500000000000.0,146000000000000.0,146000052448111.44,233500008419575.5,0,63,1.00000035923364,1.0042826190336902
0x01b27aeaa3b67577609538155d637b08f0779069,23,4,1504198654267886.0,9861.068949999999,1503400000003002.5,399327124144.6093,399327130877.7323,0,8,0.0002656160197843633,2.469421230740093e-08
0x01b2e0fc91754fa2daa9a69fe4ef69c03cb50bc0,2,1,2.2,2.2,0.0,0.0,0.0,0,6,0.0,0.0
0x01b344118ff55134f042bb19ca4a77cd3212dc19,1,1,0.013275,0.013275,0.0,0.0,0.0,0,1,0.0,0.0
0x01b3b5ae37f70e6540abc2667fec68c19b2e7a1d,77,4,1.0158746145558624e+17,8.12715747741206e+16,1.000000000046524e+16,1.0011653785702988e+16,304232895297439.1,0,59,1.0011653785237207,267.13605277517377
0x01b3bd82da83c842d8220c8fef9358abeffd537e,4,4,9622000000000000.0,4111000000000000.5,700000000000000.0,700000000000000.0,4111000000000000.5,0,1,1.0,1.0
0x01b3f02ff86fca973084faa9e4e24014c1dfcb8f,87,4,2895718000427976.5,2395718000106724.0,500000000087080.25,87285.79481400001,146886.441609,0,102,1.7457158959759653e-10,16310000935.851753
0x01b44fd30ad33b88d0ebe0e22faa52cfe0f8ae7e,2,2,10000000000.002,10000000000.0,0.002,0.0,0.0,0,1,0.0,0.0
0x01b45138c79d97335df9fef8c3a325eaa764d29c,2,1,1.0596860000000001,1.0596860000000001,0.0,0.0,0.0,0,11,0.0,0.0
0x01b457774fee6105593031a3eb023a873c450c4a,1,1,1000000000000.0,1000000000000.0,0.0,0.0,0.0,0,1,0.0,0.0
0x01b572c14af90297b04955659cf86aec87dad0b2,4,4,2905999940000000.0,1153000000000000.0,300000000000000.0,300000000000000.0,1152999940000000.0,0,1,1.0,1.000000052038164
0x01b590b256dcb6300fe43fa2c629dd9fd2838ed4,4,1,143200000000000.66,143200000000000.66,0.0,0.0,0.0,0,3,0.0,0.0
0x01b5b2eec95743ff4401a55b06db72bdf6afa0e1,163,4,1.8952318425425804e+16,4130980624715765.0,8366405000012926.0,3503456228593193.5,2951476572103920.0,0,82,0.4187528847321855,1.3996318533441896
0x01b630e4c8c64c9abfd843c2c7ec3b0fcd1cf609,2,1,10794.503828,0.0,0.0,0.0,10794.503828,0,11,0.0,0.0
0x01b700a7f8797609c8e86b21d3e5a765d608b9a2,1,1,1.109076,1.109076,0.0,0.0,0.0,0,1,0.0,0.0
0x01b7b1df70e1b455e1086aef7488f1131183107b,7,2,1001.3015869999999,500.635159,0.0,0.0,500.666428,0,4,0.0,0.9999375452431973
0x01b7baa7baa864fef3cd1c7bc118cc97cedcb33f,2,2,130000000000000.0,100000000000000.0,30000000000000.0,0.0,0.0,0,1,0.0,0.0
0x01b84c86f45b3961296286d8ef8ec49709606b36,1,1,1.022974,1.022974,0.0,0.0,0.0,0,1,0.0,0.0
0x01b8674543a3480a6a4c44014d226b27db2d65db,2,2,5014784929341.901,14784929341.901005,5000000000000.0,0.0,0.0,0,1,0.0,0.0
0x01b8884b83882069d08c86b053bb1027d04dce96,4,4,1.18000000000014e+16,5900000000000000.0,700.0,700.0,5900000000000000.0,0,1,1.0,1.0
0x01b89af143b8f2bb80f9ac13d60e7e9e01d85798,4,4,348840000000000.0,103420000000000.0,71000000000000.0,71000000000000.0,103420000000000.0,0,1,1.0,1.0
0x01b8a5c4f22ca9707d1865ff2c4712829b6175f6,5,2,4392181871966.0596,4392181871451.5137,0.0,0.0,514.545669,0,21,0.0,8536038948.666214
0x01b8f7ef9c12841ca94ee6652f0d5e9646a1168f,180,4,1.0445209183772032e+16,1.0445209183757486e+16,8000.0,4213.526980000001,2332.478323,0,99,0.5266908725,4478159166908.359
0x01b92f893b1c302bcf1945fd4edf10df99b4f181,8,4,436949998144570.5,2507270139492.374,681.669084,1368.079477,434442728003028.44,0,44,2.0069554408602164,0.005771232841247825
0x01b94f94cbf9fe4509b0beaa8dd6fb510dad01e5,2,1,100000000000.2,100000000000.2,0.0,0.0,0.0,0,1,0.0,0.0
0x01bb074c844b1129c8e26ed5d27186cf53198f6c,2,2,3.704002237909184e+16,1.852e+16,0.0,0.0,1.8520022379091836e+16,0,1,0.0,0.999998791627171
0x01bb8b57808786461b7db3dd5975280f189307a3,2,2,10000000000.002,10000000000.0,0.002,0.0,0.0,0,1,0.0,0.0
0x01bbec9408cf03e8188f44f12636b63e8faba019,11,2,13354671798645.662,13354671798244.232,401.429314,0.0,0.0,0,72,0.0,0.0
0x01bbfe5ce152b22eccde7698a24e86012a5f75e3,95,4,3.4752306092999256e+16,1.8604675148228932e+16,1.6141164158945962e+16,23224.582438999998,6466785801132.917,0,106,1.4388418462449112e-12,2876.9586190669215
0x01bcfd7986c68df30f8b3d3f92a44e5664657ab9,9,1,4787.260278,0.0,0.0,0.0,4787.260278,0,49,0.0,0.0
0x01bd177d908a1ec1f5e965434930056210bf64b1,1,1,1300000000000.0,1300000000000.0,0.0,0.0,0.0,0,1,0.0,0.0
0x01bd2bdb16eb1e61d368b60efb988adcb433a7ec,1,1,100000000000.0,100000000000.0,0.0,0.0,0.0,0,1,0.0,0.0
0x01bd8aac958c6e728557bcac756273ddd65bf19c,3,1,2340517970668766.0,0.0,0.0,0.0,2340517970668766.0,0,5,0.0,0.0
0x01bdeac39c807252d9dc00d1d69987234d376ec6,2,1,33753689064.521324,33753689064.521324,0.0,0.0,0.0,0,8,0.0,0.0
0x01be938672471bbb0fa1dfd223dd2aad2e389559,7,4,5137.652928999999,1778.418034,790.40803,790.40837,1778.418495,0,1,1.0000004301575731,0.9999997407809236
0x01bfb07fe3dcdfe459de2fb627a96a11f33cab57,10,2,5619.006058,2809.225375,0.0,0.0,2809.780683,0,44,0.0,0.9998023660695798
0x01bfc30251bfb5b68e7e7a69fec81d8adcebc4f1,1,1,1.10827,1.10827,0.0,0.0,0.0,0,1,0.0,0.0
0x01bfda329ad313306320b11c6845f24294286f26,3,2,1477185935364.604,738544304748.6537,0.0,0.0,738641630615.9502,0,27,0.0,0.9998682366884529
0x01c08ae3a3a5595440144639d1bd16e8fc94f297,2,1,0.011761,0.011761,0.0,0.0,0.0,0,7,0.0,0.0
0x01c20f8119a4243dfbde6ef19968bf1a7ac8f2ec,2,2,19970.000109,9985.0,0.0,0.0,9985.000109,0,1,0.0,0.9999999890836255
0x01c38875ab789cb12efcd791db91217a00fd01fa,7,1,175710910455697.88,175710910455697.88,0.0,0.0,0.0,0,88,0.0,0.0
0x01c3dd0607e189d8ec94c740cf5926db4f38bf3f,3,1,75030000000000.0,75030000000000.0,0.0,0.0,0.0,0,2,0.0,0.0
0x01c4905e81eb6ebb919a802215b465137d1ba3a6,1,1,3988599286.49923,3988599286.49923,0.0,0.0,0.0,0,1,0.0,0.0
0x01c4fbfa5cd0515cb51a75a92480583db1d018c2,3,1,104723.790473,0.0,0.0,0.0,104723.790473,0,1,0.0,0.0
0x01c5668541751d62e3d36a7f8af12ceed452f312,1,1,4144016280.877026,4144016280.877026,0.0,0.0,0.0,0,1,0.0,0.0
0x01c5c4ca74a665e40e96ed8ff221500b6366b8a6,350,4,7030890447991412.0,5897698053016615.0,105904.0,62529.135800000004,1133192394806364.2,0,92,0.5904322386312132,5.204498441788776
0x01c5c9f1b50986663d545b474b3acbf9e1b25c51,21,3,1685809075354308.8,851742958624776.8,834066116728260.8,0.0,1271.215522,0,3,0.0,670022465808.7339
0x01c60af7f7193370a9447a12c885427cb94f21e6,24,3,1.35180879645152e+16,8855930845634533.0,4657298215294441.0,0.0,4858903586227.054,0,54,0.0,1822.619174979592
0x01c6e66c0dcadda3f6bee43af37c51fad41c3955,1,1,1.820262,1.820262,0.0,0.0,0.0,0,1,0.0,0.0
0x01c717a8e3558ca44d473a5882e938572f1f7d93,20,4,2.9599933029652036e+16,2.2640404311584864e+16,6209.357789000001,3485.053931,6959528718057476.0,0,47,0.561258353830704,3.253151934389056
0x01c7602892dda14261fdd4ae9c6b590ae65d3256,9,2,120636215058519.42,120636215058519.0,0.446132,0.0,0.0,0,39,0.0,0.0
0x01c7b3b2be439441e3cc8644b64b664d5e4e997f,1,1,2000000000000.0,2000000000000.0,0.0,0.0,0.0,0,1,0.0,0.0
0x01c7ce0a635c1fa6f18f4bb5b8ae4b86cc3e68af,1,1,1631097488954.8015,1631097488954.8015,0.0,0.0,0.0,0,1,0.0,0.0
0x01c83e2a373ba4bf2cbe51087d97483e9f88c415,1,1,509311789458153.94,509311789458153.94,0.0,0.0,0.0,0,1,0.0,0.0
0x01c96c01e8169279e9a7348474c46a8861fc01b8,1,1,1.107817,1.107817,0.0,0.0,0.0,0,1,0.0,0.0
0x01cb1826cd50f7f15626a1283ae812ad0a273388,188,4,466722047075219.4,446542591392372.06,95000.0,5615.690333,20179455582231.67,0,64,0.059112529821052626,22.12857475627637
0x01cbb47731aa829baa27ece1e69efb8fa29d1cba,1,1,1.733297,1.733297,0.0,0.0,0.0,0,1,0.0,0.0
0x01cc1a92aafe7e49a0f18c3fafd3684ea829d9a4,4,2,198434.490402,49607.599235,0.0,0.0,148826.891167,0,1,0.0,0.33332416504847145
0x01cc4ec22fd137f9a33f188fcf3078b5755368b5,1,1,3000000000000.0,3000000000000.0,0.0,0.0,0.0,0,1,0.0,0.0
0x01cc647103f4ce8a8f7985df8101d24aab029bf3,1,1,72900.648248,0.0,0.0,0.0,72900.648248,0,1,0.0,0.0
0x01cd8b637e1e131827260aaf777a587b4aed1c54,1,1,1.190006,1.190006,0.0,0.0,0.0,0,1,0.0,0.0
0x01cdcc99a4f9a68be18504750b219caa881841eb,2,1,6532407440.283571,0.0,0.0,0.0,6532407440.283571,0,38,0.0,0.0
0x01ce064bf433bb179791260c080630fe63684eac,23,4,543094686734076.9,280000000000092.6,170000000000150.0,60002485833513.13,33092200900321.1,0,8,0.35295579902035407,8.461208151234683
0x01ce5973ebf4f7043d61cb48a7e25501afbafad7,1,1,1.139946,1.139946,0.0,0.0,0.0,0,1,0.0,0.0
0x01ce6e8e667d8a40d05cfdfac97194198069fdd8,4,1,6551016625.798305,6551016625.798305,0.0,0.0,0.0,0,1,0.0,0.0
0x01cf15d50e91ea8731572a07afbf782233339ad7,100,4,3816074687752752.0,1827033749207730.8,467000000001103.0,425049234102337.06,1096991704441581.1,0,78,0.9101696661698783,1.6654945901690061
0x01cf5fff6ee551a7d3fdbb32c6a8ad9ef31c4829,5,4,113493769296513.34,113493769296176.58,117.376372,117.854133,101.534801,0,20,1.0040703336784,1117781964197.4438
0x01cf7991cf4d37a762bffa9d74bd9b46d124d371,33,4,1231805.947472,256051.49568200004,408066.053405,361332.398385,206356.0,0,73,0.8854752689422625,1.2408240888658437
0x01d04f947cf6e5e4ffb9d76b40ed83daafa76e5a,1,1,2.0,2.0,0.0,0.0,0.0,0,1,0.0,0.0
0x01d05838b47fe9608cf58d9688e9b5b46816ae91,2,1,1.034514,1.034514,0.0,0.0,0.0,0,6,0.0,0.0
0x01d176f95b77ca6dcbadda21f6b8c7bf8ec3c3ee,2,1,12351796632.338669,12351796632.338669,0.0,0.0,0.0,0,2,0.0,0.0
0x01d17d9fdf660f9c79d9feefa2b9a4b71a32a9b6,19,4,1038729778148612.4,502542585928671.3,333090000000000.0,90023035361.77036,203007169184579.3,0,63,0.0002702664005577182,2.475491816112892
0x01d2e7a456071dff8dbc273c1f6812d3c5f6ac10,1,1,1500000000000.0,1500000000000.0,0.0,0.0,0.0,0,1,0.0,0.0
0x01d2f11ad6668e28ce07da387d08bedd57f4a85a,4,2,186768866154.9646,186768865822.9228,332.041791,0.0,0.0,0,1,0.0,0.0
0x01d36303366ee9e94c3cfed0c9dd41857d6f644d,1,1,1.442072,1.442072,0.0,0.0,0.0,0,1,0.0,0.0
0x01d37cdae14bc9e2e10b6a71a0c72998f44e225c,4,4,8800000000000000.0,4000000000000000.0,400000000000000.0,400000000000000.0,4000000000000000.0,0,1,1.0,1.0
0x01d3c79e4d3b314e43afa00e111dc07e2073e349,21,4,43500000000225.08,43500000000147.94,71.5,3.501203,2.1367659999999997,0,26,0.048967874125874125,20357867918222.184
0x01d43fcfb3a9e93be5344d1011162d548db936c3,64,4,6.5141109021584536e+16,1.6352352216109116e+16,1.3164517110421558e+16,1.3231066196867478e+16,2.2393173498186396e+16,0,20,1.005055186292647,0.7302382673645377
0x01d48c3d1feaecce1256f98f80162103d588e830,72,1,260000000.00045997,260000000.00045997,0.0,0.0,0.0,0,23,0.0,0.0
0x01d4bd1ce999e641430deed48f715c2113da3187,2,1,7798195607.575624,7798195607.575624,0.0,0.0,0.0,0,9,0.0,0.0
0x01d4de1128e47b400187cd81a5cfae97a6e55bf1,12,4,95866259307.69115,95866258003.87752,650.0,649.938261,3.8753400000000005,0,6,0.999905016923077,24737508967.955715
0x01d56c115f9afd657dd4eeb9ece38d6cf73975d6,28,4,1236589897114470.8,359147201481035.8,259147201481035.8,259147736356578.72,359147757795820.25,0,1,1.0000020639834806,0.9999984510141791
0x01d5c613f8bd10e5e312a34a60fbdeae0add19e3,2,1,7744787369.270278,7744787369.270278,0.0,0.0,0.0,0,5,0.0,0.0
0x01d616e83175a410b31253ffa1f78ccb3884fddd,57,4,5.708015471334098e+16,4.884800000000148e+16,8232154713334734.0,3288.907091,1475.087223,0,51,3.99519591835721e-13,33115329885818.883
0x01d659a033bcfb4241fdfbfb95932a4e218805a3,3,1,4400000000000.0,4400000000000.0,0.0,0.0,0.0,0,3,0.0,0.0
0x01d6b75a2b5048b5e528550e84e74ce08df912a4,1,1,94800000000.0,94800000000.0,0.0,0.0,0.0,0,1,0.0,0.0
0x01d754f2a403bf165aa04aff1940176581263ba3,2,1,23098108185.40294,23098108185.40294,0.0,0.0,0.0,0,5,0.0,0.0
0x01d77b358a5e2b12d60e7bfec4cff8ad54b63fd7,2,2,18718.000153,9359.0,0.0,0.0,9359.000153,0,1,0.0,0.9999999836520997
0x01d7fe53ca0c7558c7a410ef969677a7e9ec53a7,4,2,1830000019048.0002,1830000009524.0,0.0,0.0,9524.000174,0,30,0.0,192146154.5664184
0x01d8390b924427ace5dd259f5d0541ab9585a3e8,2,2,347155929419972.6,173577958303355.97,0.0,0.0,173577971116616.7,0,1,0.0,0.9999999261815273
0x01d83a95e445a001194ab79a4d7cda5acfcf6dc1,4,4,9802000000000000.0,4900000000000000.0,1000000000000.0,1000000000000.0,4900000000000000.0,0,1,1.0,1.0
0x01d852b6949f38b027571b5baa713da88e5b4db3,1,1,8.808103,8.808103,0.0,0.0,0.0,0,1,0.0,0.0
0x01d91f7c1cbd33ac7d40842569789cc043890712,3,2,603.14426,300.92902300000003,0.0,0.0,302.215237,0,46,0.0,0.995744046485651
0x01d971f8b52ac1d3667e00407e48254380512e0c,1,1,1.113094,1.113094,0.0,0.0,0.0,0,1,0.0,0.0
0x01d9816465ee701cb650edf27de69b02fa272454,8,4,59582619526437.12,18290000000000.0,11500000000000.0,11502619526437.117,18290000000000.0,0,2,1.0002277849075754,1.0
0x01d9c396e5eeb80380af396b758f10c01100bbb7,27,2,505605536049934.0,492101579407066.6,0.0,0.0,13503956642867.408,0,84,0.0,36.44128846244389
0x01daab3d40bdda5b8125c4aecbaef6ee2f262efa,180,4,2.3675278208556237e+17,2.3671119686828147e+17,181425.255268,181908.419295,41585216917564.32,0,76,1.0026631574875629,5692.195794902826
0x01dd25a6619a9953e83668c98594f2d3035946d4,5,2,265159408606800.0,265032357858680.44,0.0,0.0,127050748119.53859,0,11,0.0,2086.0353975194125
0x01dd5d5d0b0bb5bf8dbf7e6d6d8a711578534a58,6,3,1465000000000417.5,1465000000000000.0,208.791237,208.794239,0.0,0,1,1.0000143779980575,0.0
0x01dd69ba92d5217d7d089bd2481151cdff43cb80,2,2,8000000333082264.0,4000000000000000.0,0.0,0.0,4000000333082264.0,0,1,0.0,0.9999999167294409
0x01dda15bf1757e1e8542685c0c8b3362594541fe,5,2,2314394197.668591,2256284537.844125,0.0,0.0,58109659.824466,0,14,0.0,38.8280458818683
0x01ddafdf69ca8f68849792a529e9876eca5b7c60,1,1,1128901657754.773,1128901657754.773,0.0,0.0,0.0,0,1,0.0,0.0
0x01de22e803cd36ef6a998bff17354ac530311e08,9,2,1.2369389025240316e+16,8475000000000000.0,3894389025240316.5,0.0,0.0,0,13,0.0,0.0
0x01df05ac0537407f6806fe2b043cc90cff0309ef,2,2,1998790553833.2666,999395244228.9589,0.0,0.0,999395309604.3076,0,1,0.0,0.9999999345850955
0x01df1820734306731510aa06ac7903b349f112d4,7,2,105114782124433.97,100040000000000.0,0.0,0.0,5074782124433.964,0,19,0.0,19.71316157955419
0x01df5786b43e513ba91d24082cbe82046199c03b,3,1,18560172621.27089,18560172621.27089,0.0,0.0,0.0,0,2,0.0,0.0
0x01dfc8d38640393a0a4d5f6f3b1f6cec158abf21,7,3,327562087801805.56,239548118110096.44,87233969235820.0,0.0,780000455889.1111,0,16,0.0,307.11279243681855
0x01e05c9e290cc8954ea88d811244139d6bacd66b,1,1,1.105669,1.105669,0.0,0.0,0.0,0,1,0.0,0.0
0x01e0647f46e0122dbab82dda67af432614b50f6c,1,1,44300000000.0,44300000000.0,0.0,0.0,0.0,0,1,0.0,0.0
0x01e0991d5803659f581a670f955b3079e419be3b,4,3,100000000000080.0,100000000000000.0,40.0,40.00003,0.0,0,1,1.00000075,0.0
0x01e0c7b70e0e05a06c7cc8deeb97fa03d6a77c9c,1,1,0.097801,0.097801,0.0,0.0,0.0,0,1,0.0,0.0
0x01e156b9378aaaf9215cc50f0e6b1ead24fff6b0,10,2,1576060833293206.0,1007450833293206.1,568610000000000.0,0.0,0.0,0,2,0.0,0.0
0x01e198818a895f01562e0a087595e5b1c7bb8d5c,51,4,2.8970268509484484e+16,772970000100504.0,274821217355824.8,0.0,2.792247729202815e+16,1,104,0.0,0.027682715685158295
0x01e1e6302187f122cbeee03913c80efbe4c049f4,2,2,618316494167.4983,309000000000.0,0.0,0.0,309316494167.4983,0,27,0.0,0.9989767950514565
0x01e21477fc4a6395ca9b6873c014a1c7181158e1,16,4,2000888373999645.0,500131834938882.25,500000000000500.0,500372235974071.06,500384303086191.6,0,5,1.0007444719471414,0.9994954515044692
0x01e39d91be30aaa753a7ff3256cd371abcc17d62,1,1,101700000000.0,101700000000.0,0.0,0.0,0.0,0,1,0.0,0.0
0x01e47909e37b86e1eed4b8bad33e4750b1f20ec7,1,1,1.174038,1.174038,0.0,0.0,0.0,0,1,0.0,0.0
0x01e49a2483d3337c0c4ba9dba68f28f6a36398ff,1,1,172696365474050.1,172696365474050.1,0.0,0.0,0.0,0,1,0.0,0.0
0x01e4ac55758ba9f93d28aeb4f3922b6a7905aaed,4,3,20806857083554.008,0.0,31616.902428,63233.825603000005,20806856988703.28,0,1,2.0000006561996404,0.0
0x01e5a509402cd50fa2bf506a4ac58ac5fd2ad4f9,1,1,93000000000.0,93000000000.0,0.0,0.0,0.0,0,1,0.0,0.0
0x01e62987e05a45c8c304afa015d4fc3cdfcb944b,19,3,3615811921300227.5,2452000000000000.0,1163811921259257.8,0.0,40969.677087000004,0,15,0.0,59849141470.974365
0x01e6f806b2d34a64bbd982731f49fe6babbed7b7,4,4,3.0000000000003e+16,1.5e+16,1500.0,1500.0,1.5e+16,0,1,1.0,1.0
0x01e6fd0ae73d9194b19f9b376065577927a0d5f5,19,3,29418729026761.39,28718729023415.848,1950.0,0.0,700000001395.5338,0,51,0.0,41.026755665945174
0x01e7ad3b646b58a1e976230f9bf0215235132a76,1,1,4078835616.598918,4078835616.598918,0.0,0.0,0.0,0,1,0.0,0.0
0x01e859c314e9ae31bbd455affaa2a54ce3f3019e,83,4,2613030030515351.0,1710870778293500.5,531523622147506.9,19.994513,370635630074323.6,0,33,3.7617355404105035e-14,4.6160450843606675
0x01e8a979e7c5a1bb5c7af02a5f11263d0af4c19e,2,1,3247.731847,0.0,0.0,0.0,3247.731847,0,3,0.0,0.0
0x01e91f9f5612d156f617474a8c231fa3eda78f56,23,4,1.2110549331529416e+16,4274385257953740.0,2600000000000000.0,2618084073575551.5,2618080000000124.5,0,112,1.0069554129136737,1.6326411942925871
0x01e9bdde9367a41dbb7883042d524720b207fc2c,1,1,1.0,1.0,0.0,0.0,0.0,0,1,0.0,0.0
0x01eacf1d1ccf7f656fda1b95beafdb3c7fc396a7,63,4,350852643051794.7,532625286311.796,350160000008497.0,160017746489.54953,10496.325885,0,71,0.0004569846541171651,50743973.857838735
0x01eb9de460ba2c8058094398528eb63cb426e1ad,2,1,2.2,2.2,0.0,0.0,0.0,0,6,0.0,0.0
0x01ebce016681d076667bdb823ebe1f76830da6fa,279,4,1.339210218705826e+17,5.7318606551808504e+16,5.788663000003725e+16,147665187225986.28,1.8568120131510836e+16,0,128,0.002550937707479106,3.086936434374773
0x01ec73e85387403880b4e3bec129011d705597a5,8,4,8449.950021,1987.001152,1491.882017,1492.298169,3478.7686830000002,0,2,1.0002789443101117,0.5711794410792677
0x01eccdb2d737b7a41f7aa4ee4358be8304b15588,49,4,5719232494852279.0,3638173248212910.5,5132.731786,4132.7878040000005,2081059246630103.0,0,38,0.8051828882375192,1.7482314615041694
0x01ef754f461fd19d4a7ed320c83967daabf3d303,1,1,5997899000000000.0,5997899000000000.0,0.0,0.0,0.0,0,1,0.0,0.0
0x01efa99a5c0b22ea6e5bfd65755c21291f3975b2,1,1,0.013559,0.013559,0.0,0.0,0.0,0,1,0.0,0.0
0x01efd269b5c99b2b64344f1785a47e25521bff14,8,2,284478316949188.2,269722446426716.06,0.0,0.0,14755870522472.176,0,58,0.0,18.278992487494882
0x01f0445e1b716a459c6ebe591396fd39a7bcf0ef,2,2,110000000000.0,100000000000.0,10000000000.0,0.0,0.0,0,1,0.0,0.0
0x01f0592d70220b0bc1802d27d90c22ff40dd7161,74,4,4337587690184055.0,4337587689857783.5,600.0,600.231082,325071.41241799993,0,31,1.0003851366666667,13343491688.774542
0x01f0d5ddaeeb6a72adfe7317c29e74fa27a7586a,1,1,33000000000.0,33000000000.0,0.0,0.0,0.0,0,1,0.0,0.0
0x01f0e6c7770fb8b2f5cc4192ac01fed4169939a2,21,4,105174666191.50514,105174665991.4988,100.0,50.003172,50.003172,0,12,0.50003172,2103359882.6790187
0x01f0ff5cdd43d82a60f6a34728b71aa7e6f634c4,1,1,45000000000000.0,45000000000000.0,0.0,0.0,0.0,0,1,0.0,0.0
0x01f1653767650005337f99854cc99b5ee12229c5,2,1,175516.780375,0.0,0.0,0.0,175516.780375,0,87,0.0,0.0
0x01f19cf8a76594dcd6ad72d6968d3fe2267e63bd,1,1,99866243056.31256,99866243056.31256,0.0,0.0,0.0,0,1,0.0,0.0
0x01f1ae8f24996231dec702d1456eaa3b8f4d9efc,2,1,1077501976.254522,1077501976.254522,0.0,0.0,0.0,0,6,0.0,0.0
0x01f2f5cede4da7765dca5bcc7784d57951b39258,8,2,7253.496593,3626.6522509999995,0.0,0.0,3626.8443420000003,0,19,0.0,0.9999470363263798
0x01f39cba6f6ca1cbe205655f397db9abc6cb05ef,3,3,10000000000800.0,10000000000000.0,400.000046,400.000046,0.0,0,1,1.0,0.0
0x01f3f3f49de0fc38bdf70e8c941d972cdf870a82,5,2,1311000027731500.5,1156000000000000.0,155000027731500.56,0.0,0.0,0,7,0.0,0.0
0x01f4ab6cd1d55e15c361faf58d8f278df3213822,1,1,7000000000000000.0,7000000000000000.0,0.0,0.0,0.0,0,1,0.0,0.0
0x01f4f43ed2f3f9c5761851a5ec025035c5181430,1,1,1.01985,1.01985,0.0,0.0,0.0,0,1,0.0,0.0
0x01f53288c7cc98c053efeef23ba660ef2493f646,27,2,6656503305757.697,4531643440182.984,2124859865574.712,0.0,0.0,0,4,0.0,0.0
0x01f548245a230862b0344c2b01ee2c0c3295360e,22,2,3676023764186929.0,3676023764126794.5,0.0,0.0,60133.927392,0,33,0.0,61130611678.88794
0x01f55b5372ecaf891d1af44f9197361362e9e2f8,6,2,168155061384395.62,168113061384395.62,0.0,0.0,42000000000.0,0,27,0.0,4002.6919377237055
0x01f562afdd11c353a9b56028b2a34d2bbbde4b14,91,4,5637339057628625.0,4133339057541330.0,1500000000050635.0,35277.457687999995,4000000001381.9673,0,79,2.351830512453943e-11,1033.334764028324
0x01f62341f6eb0b03584fca08c165aee0312b1084,106,4,617726228737976.5,160465294608239.12,148551396616111.47,149028814447701.62,159680723065924.12,0,38,1.0032138225722906,1.0049133766885003
0x01f653058536d36bac0b16b90075f1f2acd83f4f,2,2,30000000000.0,20000000000.0,10000000000.0,0.0,0.0,0,1,0.0,0.0
0x01f73f5a9da9f2989d9c3933a4b99d080324a91e,10,4,140353255478490.39,92702786313534.38,33000000000004.0,13650326005093.182,1000143159858.8308,0,7,0.4136462425785311,92.68951689538054
0x01f8739eeafd143dc5ba952c2731aeb98c309b05,7,2,3440424526.6125093,2278232840.285199,0.0,0.0,1162191686.32731,0,5,0.0,1.9602900856094891
0x01f890b15fc99eccfb75b97c6fa0da97deef966e,60,5,4.650373261369244e+16,1.9467754361993256e+16,5495394786525741.0,5495984467386185.0,1.6044598997787258e+16,1,6,1.0001073045492364,1.213352503523341
0x01f9605611b8490c0c70f40979c61b21dc1b6f3e,4,4,1838.0683239999998,524.679543,400.0,400.0,513.388781,0,1,1.0,1.0219926153781689
0x01f9df3cdb1bef9e545192e05bde30c9baea4ae7,1,1,15334641323.029108,15334641323.029108,0.0,0.0,0.0,0,1,0.0,0.0
0x01fafce84d64cb19cbee9c511f7569432e333962,1,1,103543413485.04326,103543413485.04326,0.0,0.0,0.0,0,1,0.0,0.0
0x01fb51f8a664f0f2b7cf8f6eee89f7c1b7e05ba1,7,3,1.07800000000032e+17,1.078e+17,32000.0,0.0,0.0,1,37,0.0,0.0
0x01fe10d03ae408b8af5b19b3b70c67980cf1bdcd,2,2,0.43612,0.21806,0.0,0.0,0.21806,0,1,0.0,1.0
0x01ff3a6ae27f59ac1a706568749aac2632520008,6,3,250000001823.3724,250000000628.33298,575.0,0.0,620.039447,0,48,0.0,403200154.1804049
0x01ff5a365d6cdaa587779491837ad55d4862e906,2,1,2.701729,2.701729,0.0,0.0,0.0,0,4,0.0,0.0
0x01ff899667efd1331384da95697dd2e6fc17c188,7,3,4280000000043437.5,4280000000026954.0,6000.0,0.0,10483.595684,0,33,0.0,408256873789.88336
0x02011525ccae23e3593bfe8ecc18f716c9e67438,12,3,2535684490528884.5,2535684490527631.5,752.914258,500.558025,0.0,0,20,0.6648273952596605,0.0
0x02018c095778c82015bc7e48df4154519d62605a,2,1,2600000000000.0,2600000000000.0,0.0,0.0,0.0,0,7,0.0,0.0
0x0201c8796114f0896085dccb8231db824bf0e1d1,4,1,5750000000000.0,5750000000000.0,0.0,0.0,0.0,0,5,0.0,0.0
0x020245ea7a029bcfc193b0819cbfca6e96675e95,109,4,9015518745332634.0,5399256470845231.0,3315258438969816.5,3948.443808,301003835513636.3,0,99,1.1909912547351632e-12,17.93750056916012
0x020265bc7ecc8b018c496f8bc4c6aa3ed1784e5a,29,4,9991359715093404.0,9959495185636112.0,32000.0,25062.753461999997,31864529400229.68,0,82,0.7832110456874999,312.5574227235982
0x0202ef0ff22c58039de970c4460c9ebd2ed6b309,63,4,221874711711385.5,146809638710989.38,20000000000132.0,20000000000091.09,35065073000173.02,0,85,0.9999999999979545,4.186776930715786
0x02030f00b8c816895f3ee4e341f381df245c8ba4,71,1,260000000.00045004,260000000.00045004,0.0,0.0,0.0,0,23,0.0,0.0
0x020382149c54575b9215b536e9b39aa57a6f6426,2,1,3554169420.64426,3554169420.64426,0.0,0.0,0.0,0,10,0.0,0.0
0x020421af918192bb67d35e9ff8caeb692bf4d196,5,4,5385283776369.1045,27.223684,5.9e-05,5.9e-05,5385283776341.881,0,2,1.0,5.055199527199757e-12
0x02046acacadb33eb1f56bc4c898ef0a54318c971,2,2,18870786432.120747,9435294894.642006,0.0,0.0,9435491537.47874,0,4,0.0,0.9999791592376557
0x020549fe67d28f6fda4b7fc404f8195866110927,1,1,4.54980511087192e+16,0.0,0.0,0.0,4.54980511087192e+16,0,1,0.0,0.0
0x020636327a0ea3a6ab57751a51564aca8a266683,1,1,1.108761,1.108761,0.0,0.0,0.0,0,1,0.0,0.0
0x0206539c19b2791dfa12ef09a64f37bf81c7bdbc,15,1,1430807695751524.0,0.0,0.0,0.0,1430807695751524.0,0,48,0.0,0.0
0x0206bc8fc7c1e8635d14f73c0fdb035493f2fd84,1,1,500000000000000.0,500000000000000.0,0.0,0.0,0.0,0,1,0.0,0.0
0x020793b7db7551b1d70877579370096b3db0db07,242,4,2.856586545723289e+17,1.5570202421945472e+17,495376328461800.25,495378742136884.2,1.289658752822755e+17,0,76,1.000004872406987,1.207311809256985
0x0208a135fa0a8236d2ff8b220037e75922971bb7,1,1,6289364958.153112,6289364958.153112,0.0,0.0,0.0,0,1,0.0,0.0
0x02090a54a4be0b3515a673b720381086a5fd59e4,3,1,19113022230.637592,19113022230.637592,0.0,0.0,0.0,0,7,0.0,0.0
0x0209707c0d22fdf56004f99d141df2e4a93ff21a,27,3,1.6942471269045466e+16,8461907301678000.0,8100000000449710.0,0.0,380563966917753.0,0,5,0.0,22.235177361147215
0x020989d06ab6d1900d1152ea3fb4a756e3ec096e,23,4,1561024205636610.2,1556012102815000.2,2000.0,2003.204735,5012102817606.417,0,10,1.0016023675,310.45095430785483
0x020aa5bec1a613a41519421058cab6196db88cdb,3,2,4575190006694.687,4000000000000.0,575190006694.6865,0.0,0.0,0,1,0.0,0.0
0x020b1d7007c0d7c42fdb22ed5c31590ccab0c402,4,4,9200000000000000.0,4000000000000000.0,600000000000000.0,600000000000000.0,4000000000000000.0,0,1,1.0,1.0
0x020b932b9ba829010d54fb9c397955523b47e363,1,1,337606.755906,337606.755906,0.0,0.0,0.0,0,1,0.0,0.0
0x020be4338b750b85c73e598bf468e505a8eb76ea,9,3,177999000000032.0,177999000000000.0,16.0,16.000014999999998,0.0,0,24,1.0000009374999999,0.0
0x020d26d3389a999835b7f666e8b3c5efb44f12e8,2,1,1.308688,1.308688,0.0,0.0,0.0,0,7,0.0,0.0
0x020d51824fd9968c7620a703120f6fcdec8cc33e,2,1,25544537687.841545,25544537687.841545,0.0,0.0,0.0,0,20,0.0,0.0
0x020d56e549db2ca35fac74118b28f159500701c0,30,4,6810003063049889.0,891621924968954.2,1979057477812391.0,2581162235497150.0,1358161424771393.2,0,61,1.3042381357970023,0.656491863711291
0x020d8c51dcfc958099b4bdd433492c0aa7dbedcd,18,2,38744733760513.53,37758886503896.695,0.0,0.0,985847256616.8292,0,92,0.0,38.30095002087377
0x020fdc5da72fc36e81a5cbbee9baa451cacc9f8c,10,3,1001308746469707.0,0.0,150000000000190.16,150038427845018.16,701270318624498.5,0,9,1.0002561856321863,0.0
0x020fe455d61d20f1f7eab9c3f9540a3ab8a35482,29,4,420342709232710.5,249051761772230.88,72019755696070.03,84.974665,99271191764324.64,0,83,1.1798799395904768e-12,2.5088019731191875
0x021028695eafdde60e139d87000a8bd6cb65645e,1,1,8668629047510.276,8668629047510.276,0.0,0.0,0.0,0,1,0.0,0.0
0x02108bb399fe187b5efa1174a94c9a5944f9d7b9,2,2,2000.000432,1000.0,0.0,0.0,1000.000432,0,1,0.0,0.9999995680001865
0x02109c4e00d7a22a9e00ff429a42ff8f14ca090b,2,1,9417000027.61,9417000027.61,0.0,0.0,0.0,0,11,0.0,0.0
0x021174b0d7d6040b503d7a967e9b56c0ad40da5c,3,1,954360660.5006909,954360660.5006909,0.0,0.0,0.0,0,8,0.0,0.0
0x0211cc3e0a76e7638b6d2f540b444d313448eb91,2,2,2500000000000.0,2000000000000.0,500000000000.0,0.0,0.0,0,1,0.0,0.0
0x02129dacaf309e51cc4f6f0635876f03789ae77b,1,1,478016014.81094,478016014.81094,0.0,0.0,0.0,0,1,0.0,0.0
0x0214917734b5d8ea94239b31df6cb2762e7b9dfa,2,1,1.024651,1.024651,0.0,0.0,0.0,0,11,0.0,0.0
0x0214b549ba0b87c4e614e0c986036cf6c1a9979e,1,1,4000000000.0,4000000000.0,0.0,0.0,0.0,0,1,0.0,0.0
0x0214c5c41f5249166aab9a12213ac0e2119d2cc8,42,4,6.880741692787728e+16,6.880741692786528e+16,4098.0,4098.002351,3801.470416,0,135,1.000000573694485,18100211075762.133
0x0215c2f6db85805f14b1336a9fbb776f3f4e761c,3,1,300000000000.0,300000000000.0,0.0,0.0,0.0,0,1,0.0,0.0
0x021629275e3b9846e1c274270858923561738de4,1,1,0.011726,0.011726,0.0,0.0,0.0,0,1,0.0,0.0
0x02164c173b2043edc72d4a72e88f661a4da3c779,1,1,267686257578506.1,267686257578506.1,0.0,0.0,0.0,0,1,0.0,0.0
0x021690c899ae56dbcf851ba0305659d39b557622,57,4,4395306407791688.0,1634789384006154.5,745341257351281.6,745402008230529.2,1269773758203722.5,0,78,1.0000815074687581,1.2874650885200203
0x021692861cf66465a67474eee95d3aeb60ee6171,3,1,1007238917.2979839,1007238917.2979839,0.0,0.0,0.0,0,1,0.0,0.0
0x021699aaf005dabd166bf803c65fc90529fcff4a,6,4,22000088985.166996,10000000023.865864,1000000000.0,1000010250.300385,10000078711.000748,0,23,1.000010250300385,0.9999921313484466
0x0216bebed0b277842b010943d820e00993127859,2,1,2.0692820000000003,2.0692820000000003,0.0,0.0,0.0,0,5,0.0,0.0
0x0217a24fcd55d5efb5e3805c8c2cb317098c71a9,1,1,1148984078367.615,1148984078367.615,0.0,0.0,0.0,0,1,0.0,0.0
0x0218326332b562c795c8c014e441fb8816bc64f6,1,1,1.107837,1.107837,0.0,0.0,0.0,0,1,0.0,0.0
0x021925c5be94b49d67576ab377b8e3073745b035,3,1,1.035468,1.035468,0.0,0.0,0.0,0,6,0.0,0.0
0x0219a224a191ac58ae6ca71dd2edcbdb5c7423a2,2,2,110000000000.0,100000000000.0,10000000000.0,0.0,0.0,0,1,0.0,0.0
0x021a17e276d22dbda6b262c1c67ab256b9b06857,5,4,810571116415014.2,304000000000000.0,100990000000000.0,101288910194845.11,304292206220169.1,0,17,1.0029597999291524,0.9990397183555937
0x021a8b9be65c2c5f0509c2350ff119b2b5027d50,1,1,94100000000.0,94100000000.0,0.0,0.0,0.0,0,1,0.0,0.0
0x021a919bb0a2e9ec115f58b6347edc8f63bc3056,1,1,106206737810390.12,106206737810390.12,0.0,0.0,0.0,0,1,0.0,0.0
0x021ac46670e1c00e1151bb6dd05b4d1bb10aa4ca,21,4,58.270776,16.299723,12.8,12.847756,16.323297,0,34,1.0037309374999999,0.9985558064648337
0x021b267501e4946dc87ff450efd326377c47240f,1,1,1.107931,1.107931,0.0,0.0,0.0,0,1,0.0,0.0
0x021b65231f1b70a5bc05e3f6099339494b72275c,4,4,3.3953999000008e+16,1.6977e+16,4000.0,4000.0,1.6976999e+16,0,1,1.0,1.0000000589032254
0x021c6758d5c8f2dc1317a9a6c155dad02cf85b98,1,1,1237755889723.8835,1237755889723.8835,0.0,0.0,0.0,0,1,0.0,0.0
0x021c7886dee93cabe5960f193fad895441597fe2,5,2,594.220406,233.085426,0.0,0.0,361.13498,0,14,0.0,0.645424671960606
0x021d5abea6efbcd5dba2c8ae9237471448ea0856,12,3,313500000662719.25,244000000001307.78,69500000660103.73,0.0,1307.779148,0,98,0.0,186575845298.08374
0x021d8505c6526352848beab51d87f89ea75446a4,4,4,1.8662e+16,8131000000000000.0,1200000000000000.0,1200000000000000.0,8131000000000000.0,0,1,1.0,1.0
0x021d8fff35bf18608ad5e5e979bd59b21721f9c4,2,2,20248.000111,10124.0,0.0,0.0,10124.000111,0,1,0.0,0.9999999890359543
0x021e14e26f9589af38507e5f9a05cbf83ab732b7,1,1,44800000000.0,44800000000.0,0.0,0.0,0.0,0,1,0.0,0.0
0x021e25bf7703ddc1b03a6000696ffc34d3c53711,3,2,14200000000.0,13200000000.0,0.0,0.0,1000000000.0,0,1,0.0,13.2
0x021f017127a021040b0ee4f3ee0c8bc1bfbad505,2,2,2096.001327,1048.000653,0.0,0.0,1048.000674,0,1,0.0,0.9999999799618451
0x021f38631f346fd5b05f6e73414881b29f959b88,1,1,106459758167.24216,106459758167.24216,0.0,0.0,0.0,0,1,0.0,0.0
0x021fe7301b7e40ef740ba6bc4957864967aaa2f1,18,4,32106063007006.176,32106063002870.04,2097.927407,1038.185268,1000.02556,0,61,0.49486234105906785,32105242392.874477
0x022064c9f712b52d7afff7263527eabebf59a71c,4,4,4.0195,0.01,2.0,2.0,0.0095,0,1,1.0,1.0526315789473684
0x02206509a713e003bd099fd12a2edfef9af84665,4,2,500080296256837.2,500080296251835.6,0.0,0.0,5001.584931,0,80,0.0,99984365586.26051
0x0220848dbcb1403f3faae97e30dd2adef05cf91d,4,4,8000000000000800.0,4000000000000000.0,400.0,400.0,4000000000000000.0,0,1,1.0,1.0
0x0221049b11fc262500edcef74c4b84e9454b681f,60,4,2043162721448254.5,1186767106689811.5,504713037304469.1,139554455565840.81,212128121888132.94,0,73,0.2765025772093426,5.594576976058178
0x022131eacc4208eaf3e3b7cda7f17b267f529127,1,1,3797860716.839849,3797860716.839849,0.0,0.0,0.0,0,1,0.0,0.0
0x022170e70f0332cd8bf0d1578694c5d29eb9d79d,12,4,67994069323491.266,18982007169401.617,15000000000000.0,15021508672766.584,18990553481323.07,0,24,1.0014339115177722,0.9995499703613242
0x02228784b938b4463de83d66bbfcde22682569d9,4,2,300221125.70438397,1.507455,0.0,0.0,300221124.196929,0,5,0.0,5.021149008193008e-09
0x02238e3ff83f90c8299663119271d24a105158fa,43,4,42619544484124.55,11860780019949.475,8933500000060.0,8954205315581.611,12871059148533.465,0,21,1.0023177159591954,0.9215076928071532
0x0224b2311d5968fa00a42103788b2f4ccd0651ad,146,4,5521739599849550.0,2288105373029113.5,550000000003197.06,451561516759453.06,2232072710057785.5,0,94,0.8210209395578695,1.0251034219086337
0x0224c4b1947b01be8f3c0629a65a05a59174905a,3,2,300674204122769.4,2.013484,300674204122767.3,0.0,0.0,0,1,0.0,0.0
0x0224c5a4e8bb58fcbe9e537ee8b9ac2f874a6ad9,2,2,110000000000.0,100000000000.0,10000000000.0,0.0,0.0,0,1,0.0,0.0
0x0225949faef9a120994a5501e30a161b418b6371,22,4,99587566470620.69,99000000021016.11,18428.963609,18432.2137,587566412743.383,0,8,1.000176357774043,168.49159154414414
0x0225c9cc9a6413812b15ad1c706c3c8b90c0459f,68,4,102410882118172.73,100097738391470.39,33987.463557,33991.276717,2313143658723.5913,0,64,1.0001121931324355,43.273463804969644
0x0225da6feb71826cf6982af99cbc86fced60dad0,2,1,10541650049.954643,10541650049.954643,0.0,0.0,0.0,0,14,0.0,0.0
0x0226650b3c0931feaa9330611c1afdfc3ae02aec,4,1,1177.247373,1177.247373,0.0,0.0,0.0,0,32,0.0,0.0
0x022701fa58cdb70211a1d7c7f54880ecb0a6696a,2,1,15113843.844358,15113843.844358,0.0,0.0,0.0,0,1,0.0,0.0
0x022706bf59a56d4eaa13c079e233bb39389148c0,2,2,1000000000000450.0,1000000000000000.0,450.0,0.0,0.0,0,2,0.0,0.0
0x022721a2c92011474105b443c3f4b00cc17e9b04,5,1,4819895217483630.0,0.0,0.0,0.0,4819895217483630.0,0,1,0.0,0.0
0x0227bca5020404a04e76eb3b2c4162a4ef9f0ec0,4,1,1.0218280000000002,1.0218280000000002,0.0,0.0,0.0,0,12,0.0,0.0
0x0228213c43f6c2634a1bdad2fcab7316256cdff6,210,4,7.068263324214773e+16,2.7628233651094936e+16,2.0070229035053236e+16,5003701715261670.0,1.7980468840737878e+16,0,87,0.24930964696628824,1.5365691459890283
0x02284b35e4d03658aa5f6e63320c1185ed916258,10,3,281560113354410.44,654169109529.2924,600.0,0.0,280905944244281.2,0,53,0.0,0.002328783434217449
0x022860885b57964e4daa35e0838a9427a861ef65,18,4,1.4010103336286892e+16,4000000000005000.0,3000000000003500.0,3005248064136839.0,4004855272141554.0,0,69,1.001749354711111,0.9987876535338672
0x0228c4032162fc5485f00f2638822c15f32ca561,38,4,8.688050741958288e+16,8.687526152287808e+16,6800.0,5332.577865,5245896692672.143,0,123,0.7842026272058824,16560.612343783265
0x0228d303473dba1d64a1ebdf22ffa011408bf93c,4,1,2368833475583519.5,0.0,0.0,0.0,2368833475583519.5,0,4,0.0,0.0
0x022912e31d168930df41a7d0860a588a53a2fdd6,3,1,3.3000000000000003,3.3000000000000003,0.0,0.0,0.0,0,6,0.0,0.0
0x022953327bdc06b41b8888e6cc8b0b3eaf8f9500,1,1,1.107702,1.107702,0.0,0.0,0.0,0,1,0.0,0.0
0x0229a3d4fab214ac8ae4fe6a5bb1b7279592ac9d,4,4,5091089255.756744,2545544627.37956,0.498812,0.498812,2545544627.37956,0,1,1.0,1.0
0x022a09f4cb866d4d70853c9f8d50ce33f1fa0db7,58,4,57249454642062.53,56888192612330.766,338.0,323.35481799999997,361262029070.41504,0,61,0.9566710591715976,157.47072217557206
0x022a109627e1f304eb65977c61b99b0b894868e5,15,3,976563592635351.6,976563592634416.6,467.466118,467.527866,0.0,0,15,1.0001320908566897,0.0
0x022a4e92b9a9b3334d61c6bdfeb6dfe9bf7bcc7d,2,2,150000000180.53284,100000000000.0,50000000180.53282,0.0,0.0,0,1,0.0,0.0
0x022a5be21c7b835e1f44700c8845d97d6d045a73,2,1,2.2,2.2,0.0,0.0,0.0,0,6,0.0,0.0
0x022ac4cd6291b77ba01ad70f61f5fff60198ed82,2,2,20.000003,10.0,0.0,0.0,10.000003,0,1,0.0,0.9999997000000901
0x022b36e7d24e441b4d5e8293b94552773fdef176,5,4,460786.361223,125346.071167,105000.0,105054.540056,125385.75,0,7,1.0005194291047619,0.9996835459133115
0x022b3fa410364e1e28054b704b0da3b67aa6dc90,47,4,4.1781935466838264e+16,1.2047403194819682e+16,8817403194819682.0,8854286983059950.0,1.2062842094138948e+16,0,55,1.0041830669898295,0.9987201275455004
0x022b4cb0486ddba599ea38a28134ce571883dc5e,1,1,104700000000.0,104700000000.0,0.0,0.0,0.0,0,1,0.0,0.0
0x022b755d4b5db88a2c32499fa667904fbe24c928,100,4,3.1696463133799476e+16,1.050783628852544e+16,2817102909821814.5,2818398459222743.0,1.5553125476229474e+16,0,87,1.0004598871402288,0.6756093046754511
0x022b8932c3ca883592e054a6ea2977fe4f4dbe7b,2,2,0.199963,0.1,0.0,0.0,0.099963,0,1,0.0,1.000370136950672
0x022b9608392711481a768f61a7305747d33c2649,1,1,1.10812,1.10812,0.0,0.0,0.0,0,1,0.0,0.0
0x022ca32d31da3ef85922aafd9ad29c5b2418172c,62,4,4.832246876658233e+16,1.788071991856099e+16,7845810592696844.0,6281143123636256.0,1.6314795131688234e+16,0,82,0.8005728725446118,1.095981884800457
0x022ce4715b44ef6f0ead8561b29da676928d16f3,7,3,5000000003567.467,5000000000000.0,3500.0,67.46723800000001,0.0,0,70,0.019276353714285717,0.0
0x022cf8fcf32a0af972cb723d82e0120b43c79af0,5,2,230197002205.92343,230120000000.00067,77002205.922738,0.0,0.0,0,1,0.0,0.0
0x022d41d3071853f439b0d861a93ff9834b822d36,12,3,921836710700135.5,921836710699035.6,1100.0,0.0,0.0,1,17,0.0,0.0
0x022d9d334a2ff3ccd372fa345c87106e3428b0f4,16,4,137101706720944.6,37817121325279.3,44.280412,44.281962,99284585395576.73,0,46,1.000035004191018,0.38089620029741394
0x022db3d2cb668693ea15009057076a7f5e973ab7,5,4,20913.66335,4747.96119,3796.874124,3810.024177,8558.803859,0,23,1.0034633892435039,0.55474588134267
0x022e790edabe6999a2b81dd92f685093f4371b70,1,1,17428621300000.0,17428621300000.0,0.0,0.0,0.0,0,1,0.0,0.0
0x0230b6df83cc33bcf9c7c29ace1ae5078fe36b74,92,5,5225499398024340.0,4132999325432022.0,1092500072559200.1,15244.968992,17873.400177,3,9,1.3954204100223443e-11,231237441365.54852
0x0230bc307520081725023ab397785a35a96f233c,22,4,30577332516854.438,30577332508057.617,1550.0,1551.446324,5695.373460000001,0,29,1.0009331122580645,5368802014.970518
0x0230d420819b2654845fb9c570ac53c969b6c386,57,4,1.1863986344745318e+16,1.1848176344676894e+16,39000.0,26722.993945000002,15810000002700.518,0,91,0.685204972948718,749.4102683525047
0x0230ddd091c49400b810ba8cc3953de9d803a75b,1,1,4701936632.264797,4701936632.264797,0.0,0.0,0.0,0,1,0.0,0.0
0x0231941abbc3dd9ced1f3279dcf862ff5c233c4b,1,1,1.0469,1.0469,0.0,0.0,0.0,0,1,0.0,0.0
0x023199a96a6e1ff70f46d6c6f4b3045ffe41d2dd,2,2,424.70000000000005,274.85,149.85,0.0,0.0,0,1,0.0,0.0
0x0231ef83f09887b434cbf714c3e2c1a53447f2d0,1,1,115678480222068.06,115678480222068.06,0.0,0.0,0.0,0,1,0.0,0.0
0x0231ffe3d56064d3e480fbc47742d6bfb59a9101,2,1,1.567215,1.567215,0.0,0.0,0.0,0,1,0.0,0.0
0x023234656d0c392c955965ed34e5b4862ffd1574,3,3,500000000996.964,500000000000.0,496.178204,500.785776,0.0,0,31,1.009286123338058,0.0
0x023361359d0b6214e3810116f6e4edd51c24edaf,2,2,12804636146414.363,6401107403835.622,0.0,0.0,6403528742578.741,0,6,0.0,0.999621874307049
0x0233760ac2ae6fa40dc3864ea95f7721cae8ed2d,14,2,1.5705642754009156e+16,7377786851291182.0,0.0,0.0,8327855902717976.0,0,6,0.0,0.8859167278438718
0x023430b58f86aa69730c8ab59fad2d2f4eea37cd,1,1,178.674737,178.674737,0.0,0.0,0.0,0,1,0.0,0.0
0x02347ae1abf2e0cd763a592842aa5d6548ca0b3d,1,1,5923122336015.577,0.0,0.0,0.0,5923122336015.577,0,1,0.0,0.0
0x02349bc43d584a0f18fef86627d22eb4f362454b,32,4,1279260208141.598,1279260207938.5554,174.0,23.850088999999997,5.192558,0,75,0.13706947701149425,246364163469.8265
0x023768fbb4dcef5ce609f8d262cebc33860e9c30,4,4,8600599900000000.0,4300000000000000.0,300000000000.0,300000000000.0,4299999900000000.0,0,1,1.0,1.0000000232558144
0x0237998acdc4cf790faeddbae7d2c6b223d4e938,4,1,4916211109448664.0,4916211109448664.0,0.0,0.0,0.0,0,5,0.0,0.0
0x023876998090f4a06ad08b13fd942e44d3168d2e,38,3,2.1373583161994944e+16,1.463447419622918e+16,6739108965763514.0,0.0,2251.317302,0,28,0.0,6500404977667.24
0x0238d0aa37457dc99a0e9a41d109b861f0aa0b96,12,4,1168665925278204.5,382900000000000.0,201400000000000.0,201465925278204.6,382900000000000.0,0,3,1.0003273350457031,1.0
0x02392917c57206903ef11d936c65d3c454fde057,2,1,3.139165,3.139165,0.0,0.0,0.0,0,11,0.0,0.0
0x023ac6a83885a2fcab7d5302534e5b3879e744c0,1,1,1.108722,1.108722,0.0,0.0,0.0,0,1,0.0,0.0
0x023bbf778d8f5dd2e8e469f6e627f57d3b97faad,1,1,1290000000000.0,1290000000000.0,0.0,0.0,0.0,0,1,0.0,0.0
0x023c3e0bc65999c66d0711bcb2e2d30152895fd1,2,1,3468879141.677288,3468879141.677288,0.0,0.0,0.0,0,11,0.0,0.0
0x023c43727bec8aeb89a47d828af31b99e97308b4,5,2,1.1848011336271416e+16,5924005600000000.0,0.0,0.0,5924005736271416.0,0,1,0.0,0.9999999769967448
0x023c95f5975ee83991047a4019a8fe7e4f8c56ea,1,1,1.063727,1.063727,0.0,0.0,0.0,0,1,0.0,0.0
0x023cdc94241a89099f4be29f13c02121744451f1,1,1,3800140356.843883,3800140356.843883,0.0,0.0,0.0,0,1,0.0,0.0
0x023cf85b4b860caa294d518e7e1f50b45361f3db,19,3,1925274980562592.8,1823000000000000.0,102274980562591.31,0.0,1.682251,0,57,0.0,1083667062762929.0
0x023d1b3fb8c5159dc8c3d216cfca0ba8937a074f,7,2,196605516706629.7,196605516705260.8,0.0,0.0,1368.864171,0,50,0.0,143626753384.62112
0x023d208c4ded862fc9c4b77f6f751b781019ae9c,2,1,2.2000919999999997,2.2000919999999997,0.0,0.0,0.0,0,10,0.0,0.0
0x023dae0fc6722a75972b277d5ec54885177ad68b,14,4,212520450693696.56,182518979174057.56,30001471519542.785,38.605086,57.595504,0,17,1.2867730829420441e-12,3168979633793.2485
0x023dc0303836189bf3f921476a51ce6898f180ad,14,4,1240000000023096.8,1240000000009500.2,2048.134554,2048.254625,9500.164295999999,0,17,1.0000586245663232,130524058466.18849
0x023dd37773b7aaf99ef979f3b3e0e89f1e838bcb,1,1,0.01305,0.01305,0.0,0.0,0.0,0,1,0.0,0.0
0x023dd591110dea6c9414787180e9c7a0c779c0d1,1,1,1300000000000.0,1300000000000.0,0.0,0.0,0.0,0,1,0.0,0.0
0x023df098661175cddda47704d6cfef8fe5cd9c83,2,2,2300.000023,1150.0,0.0,0.0,1150.000023,0,1,0.0,0.9999999800000003
0x023e358a8ed5782c72ed6ada3b71b41fa234e74b,5,2,11049177703784.121,5000000000000.0,0.0,0.0,6049177703784.122,0,36,0.0,0.8265586241369965
0x023e73aa5dc6a1feadad4410abb65a010a710fdf,1,1,105500000000.0,105500000000.0,0.0,0.0,0.0,0,1,0.0,0.0
0x023ebb99d4b85e6470c6e45a3f2e70ab446d3e7c,3,3,3800000000000.0,2000000000000.0,1000000000000.0,800000000000.0,0.0,0,1,0.8,0.0
0x023f57cc43fb63b4d6d5a18f8f656d828c40e489,51,4,1.0667332847553392e+16,2105711131383209.5,2760412223928835.0,2965007880367988.0,2836201611873359.0,0,43,1.0741177910551187,0.7424405664843945
0x0240099b8b2b9a5b408e8de96131e93ed7fed9de,4,2,20018906207001.297,10015000000000.0,10003906207001.295,0.0,0.0,0,1,0.0,0.0
0x024053954b25e537a1eec0473d59e9d5e0b54200,29,4,3.7102182049463315e+17,1.2992529629846162e+17,5.557970000262e+16,5.55871568819653e+16,1.2992966731158626e+17,0,45,1.000134165519874,0.9999663586214367
0x0240a0bc68d5a23dcb87ff51960bd67d01f6e247,1,1,0.015614,0.015614,0.0,0.0,0.0,0,1,0.0,0.0
0x0242b6cc997fc1c438d01421bef7839932d9de26,1,1,10.44513,10.44513,0.0,0.0,0.0,0,1,0.0,0.0
0x0243c7769ed199491b84409f3e70dcc28a94acf5,2,2,10000000000.002,10000000000.0,0.002,0.0,0.0,0,1,0.0,0.0
0x02446a7eda8401db1e3ad37060042b14910350f0,2,1,1000000001.182613,1000000001.182613,0.0,0.0,0.0,0,37,0.0,0.0
0x02447847989945cf88041ee712d9cd8dcc8ecc36,1,1,1000000000000.0,1000000000000.0,0.0,0.0,0.0,0,1,0.0,0.0
0x0245126a00cc1d2030adc172e8940daac4cbaf18,1,1,21000000000.0,21000000000.0,0.0,0.0,0.0,0,1,0.0,0.0
0x0245f104b40838219ccb47ca912b957848072e5b,1,1,91600000000.0,91600000000.0,0.0,0.0,0.0,0,1,0.0,0.0
0x024606f945ea417907f07bfd1965b8e41260748d,1,1,94000000000.0,94000000000.0,0.0,0.0,0.0,0,1,0.0,0.0
0x0246b0a279dd8466ecba9b3b0af5f51076763e09,26,3,9616617860807098.0,51160022243303.01,2564.280082,0.0,9565457838561230.0,0,126,0.0,0.005348413333344235
0x024703e2966869ebf5a522a2796ec53e31bcf9e1,71,1,260000000.00045004,260000000.00045004,0.0,0.0,0.0,0,23,0.0,0.0
0x024713784f675dd28b5ce07db91a4d47213c2394,3,1,4551586897552.198,0.0,0.0,0.0,4551586897552.198,0,1,0.0,0.0
0x0247461af9aa7b6c38901ecc1ba56ec07b4481a7,1,1,1.62912,1.62912,0.0,0.0,0.0,0,1,0.0,0.0
0x02474c6133b2e0de0e50811779436aaa300e49f8,1,1,4146439863.845776,4146439863.845776,0.0,0.0,0.0,0,1,0.0,0.0
0x0247542b512035f5d1373358e86683a04b1c1769,10,4,194885.366992,61442.644746000005,36000.0,36000.039605,61442.682641,0,1,1.0000011001388889,0.9999993832463303
0x0248d827e45291b75c60cd9c66cf4d5b8ed4223b,4,4,3.6000000000004e+16,1.8e+16,2000.0,2000.0,1.8e+16,0,1,1.0,1.0
0x02491d37984764d39b99e4077649dcd349221a62,279,4,3.258911146667708e+19,1.5116098973000995e+19,1.4504260554718648e+19,1.4128985798513628e+18,1.5558533591060787e+18,0,104,0.09741265847514761,9.715632186368776
0x02499b7b592820c7889e9dbe15a15d314c811ce7,5,2,19123.073686,9613.073686,0.0,0.0,9510.0,0,13,0.0,1.0108384527865404
0x0249bea8bd7820ce8c8f122dc48ca1a2adda1ca6,24,4,3.2581793632704136e+16,2.0578240785222388e+16,59122.582622,568.99889,1.2003552847422056e+16,0,80,0.009624053361097097,1.7143458313379172
0x0249e53c098646467fd551a8e16b1afc1c40ae7d,2,1,100000000000.01,100000000000.01,0.0,0.0,0.0,0,1,0.0,0.0
0x024a9d082eb98a353c3583bfd0050e2410f330c7,2,2,20004466798278.89,9999423187681.562,0.0,0.0,10005043610597.328,0,38,0.0,0.9994382410377689
0x024b52ddd4a3562768ecd61b1c2cdf35d0613e0a,4,3,26963.176281,0.0,5554.670744,11109.357539,10299.147998,0,1,2.0000028896402218,0.0
0x024c33affbf5499b02d97ccc3358dcbc7640d1d0,26,4,417221738071349.7,23450.866332,16901.340015,16902.788693,417221738014094.7,0,41,1.000085713795398,5.620720157972157e-11
0x024c74f59e3c377510243e305573f393ee48e9fb,2,1,2.2,2.2,0.0,0.0,0.0,0,6,0.0,0.0
0x024c96a25f56b855e2b50338ee6c0540205fb3ee,1,1,52327949.481222,0.0,0.0,0.0,52327949.481222,0,1,0.0,0.0
0x024d37ae44d299b9cef36d348232a66801c3a25a,6,4,2297237611616407.5,707822951818895.1,440545354582034.25,440782933179092.2,708086372036386.0,0,6,1.0005392829468907,0.9996279829299167
0x024e14fa72c351f132475f297f64521a7fae286a,45,4,683498661386202.8,678086670959421.4,210000028565.98962,200006053508.03845,5001984344707.534,0,97,0.9524096490548299,135.563533235942
0x024e1c249abaa8f5369b3f4c4ae2b42fe4a42a1b,1,1,1.108135,1.108135,0.0,0.0,0.0,0,1,0.0,0.0
0x024e3c5dce2044ccf6b28179b88e9db503ee5c11,19,4,80.700603,24.711919999999996,15.635911,15.639164,24.713608,0,2,1.000208046720143,0.9999316975489777
0x024f9b9537996ff27e6d57469418b14b77d91ce6,2,2,1660543677759.0068,830000000000.0,0.0,0.0,830543677759.0068,0,17,0.0,0.9993453953433565
0x024fa9444a644ca26705a48486b05d74292412aa,30,4,657111382190186.5,435080980947695.1,56000000000350.0,56030401241976.195,110000000000165.22,0,51,1.0005428793147502,3.955281644973106
0x024fc1c9a1e23106bcaeda73744f4acd742e378a,1,1,0.003567,0.003567,0.0,0.0,0.0,0,1,0.0,0.0
0x024ff3388331e62d6f9503057d211d74650b1998,9,3,498184463759589.1,498184463759098.75,482.685674,7.694912,0.0,0,28,0.015941869449392444,0.0
0x0250d8bb140926f8ddc259c9387fe34ce0c8c57d,1,1,120.0,0.0,0.0,0.0,120.0,0,1,0.0,0.0
0x025123f35f34993e0ac581f118271e6170e2aed4,4,4,3.6224e+16,1.6547999999999998e+16,1564000000000000.0,1564000000000000.0,1.6547999999999998e+16,0,1,1.0,1.0
0x025145e68a91730eb521d9969da9dacbc73962b6,1,1,3339463.178746,3339463.178746,0.0,0.0,0.0,0,1,0.0,0.0
0x025173dbf24729ca136788bfc953c52d68f76c0b,1,1,0.009773,0.009773,0.0,0.0,0.0,0,1,0.0,0.0
0x025199bf0c349f6cdc3935d708d08646e3960ba3,2,2,10000000000.002,10000000000.0,0.002,0.0,0.0,0,1,0.0,0.0
0x0251a94286c3a2cfebefd2558b916b7a6c180476,2,1,3.0,3.0,0.0,0.0,0.0,0,8,0.0,0.0
0x025240adb2807492533b854de7764e85223c43e6,5,2,129400000000020.3,129400000000000.0,20.305166,0.0,0.0,0,2,0.0,0.0
0x025297ca7459dd67dbfd8443d9b5f321e89fad83,13,4,1.815851954926295e+16,317246243675845.44,3742455052290059.5,7491335141764777.0,6607483111532270.0,0,22,2.0017167974217154,0.0480131751108292
0x0252e3524f4d28702b6b3ab7aa7c8eacaa9caf4d,16,4,9.014964439809496e+16,74806274098535.89,9.000000000010515e+16,105158.899255,74838123786122.5,0,45,1.1684322139430793e-12,0.9995744189461827
0x02535f81854b731a185a765286f7196c6c2b63a4,12,4,1.9945801059786966e+17,5000000000000332.0,40000.0,40015.872828,1.944580105977893e+17,0,23,1.0003968207,0.025712491784882913
0x0253a60208a4b7e121489955e1c4c53c5e22eb24,1,1,92100000000.0,92100000000.0,0.0,0.0,0.0,0,1,0.0,0.0
0x025414a2fee2c30ac83ce3a4ae7e38e6162178b7,1,1,1004207348184899.1,0.0,0.0,0.0,1004207348184899.1,0,1,0.0,0.0
0x02541c321cf0f1bbbdec7325d816acbd2aafb882,1,1,50.0,50.0,0.0,0.0,0.0,0,1,0.0,0.0
0x0254569fb995558c568b0ba40f93cf5789f3eaec,9,1,4466000000000000.0,4466000000000000.0,0.0,0.0,0.0,0,9,0.0,0.0
0x025466fb7e5351313939f54399fae325b62e53bf,67,1,240000000.00043,240000000.00043,0.0,0.0,0.0,0,23,0.0,0.0
0x0255c9d3850caca1152aeb20425c264787661692,167,4,5006798351922788.0,3475856830445996.0,240150000001378.97,240019542281134.06,1050771979194278.1,0,94,0.999456765687095,3.3079078042328933
0x02561edb032a795fa02e46d1ec922ef0fbca14a5,9,4,12007462832721.121,9999669164861.9,2005000000000.0,1793667849.219873,1000000010.0,0,1,0.0008945974310323555,9999.66906486521
0x0256b3d533b384fd24bfef8f61491ceea5426b5e,75,5,3.831304977654566e+16,2.7420311188407652e+16,9666308494802768.0,1224328695426994.8,2101397908244.9307,8,78,0.12665938564709298,13048.604969493312
0x0256ba1f18ca0f91a93bdb2f218d91dd20ee428a,36,4,1.6899198997963396e+16,5555460344383867.0,4543983084171920.0,1243990031504076.5,5555765537903535.0,0,88,0.27376643100571246,0.9999450672427435
0x0256d43f6af4a9c14096c4d188a8d25380cc1e95,5,2,74001725449689.34,58001725449689.35,16000000000000.0,0.0,0.0,0,74,0.0,0.0
0x0257272644deb3c685ec485700b7ff8f375d8879,5,2,1202649300444785.0,1002500204963158.5,200149095481626.38,0.0,0.0,0,38,0.0,0.0
0x02577874b50993e03070e7c7eefa78eac31cadd5,83,4,2.7050877276211656e+16,5017470116353925.0,8510000000189625.0,8512833681173522.0,5010573478494583.0,0,90,1.0003329824892873,1.0013764168690356
0x025792a600b4844383a838f9ca9d97394ad23369,22,4,2641585732496760.0,2213646290729351.8,142646290729651.56,142646636570369.03,142646514467388.03,0,61,1.0000024244634451,15.518404350745195
0x0257bc0be8a81893f201dd679e561e98b155c264,1,1,51200000000000.0,51200000000000.0,0.0,0.0,0.0,0,1,0.0,0.0
0x0257c9642f615dea26ba140f1f6e2875eed04031,1,1,9.8e-05,9.8e-05,0.0,0.0,0.0,0,1,0.0,0.0
0x0257fc2aa74432212668a587a6e3ff0c0df2e317,2,1,2500000000000.0,2500000000000.0,0.0,0.0,0.0,0,11,0.0,0.0
0x0257ffe501e6d7670c5510b6d8a558eddea79475,9,3,3501000000003202.0,3500999999999999.5,1600.0,1602.931899,0.0,0,20,1.001832436875,0.0
0x025817be5fbbe7db8bbac15f20c3c81852cef12b,1,1,1.108072,1.108072,0.0,0.0,0.0,0,1,0.0,0.0
0x0258527810d6b6317e2a8426c765f88dd4064cd2,1,1,1123.040035,0.0,0.0,0.0,1123.040035,0,1,0.0,0.0
0x0258aa61198204d52dbed666326bed75b3a09126,27,4,3533381218734302.0,3333381157769402.0,100000000010950.0,100000060953942.75,7.229158,0,61,1.0000006094299274,461102269139698.1
0x0258fefede90decf71000c32412f33726b27d5c0,11,2,5002791207075.027,5001395603537.514,1395603537.5131168,0.0,0.0,0,1,0.0,0.0
0x0259575795db48a8dbc036ca387762c95ceee9b5,25,4,1.814597550690045e+17,4.939264980846279e+16,4.1201000000000904e+16,4.134352536064342e+16,4.952257989989741e+16,0,50,1.0034592694508027,0.9973763464727151
0x0259dd342c7cb02ed24445342620a1a502770d48,2,1,102000000000030.0,102000000000030.0,0.0,0.0,0.0,0,6,0.0,0.0
0x0259fa6d53ab21b16d8d3e95b81c99b5b74cff8b,1,1,1.065188,1.065188,0.0,0.0,0.0,0,1,0.0,0.0
0x025a17b52b74fe913eb751ec001ed71bb188aaa3,1,1,1.843504,1.843504,0.0,0.0,0.0,0,1,0.0,0.0
0x025acefa3cf20e71f44ccd3b81e2c1924602c48b,130,4,1.471229932410356e+17,9.7166995342529e+16,4.7112179340177336e+16,491403399.101014,2843818066925884.0,0,52,1.0430496019995077e-08,34.167795919365815
0x025b6d0137e847ba5df51e8af8508e4874d2ddbd,86,5,1.0462000000020402e+17,8.322000000003e+16,2.1400000000072e+16,30997.360533,71025.299275,1,93,1.4484747912568089e-12,1171695168475.304
0x025bbb8ef2d8ade3ae7b2ed26765be344d94296f,3,2,54154000085.542336,54154000034.678314,50.864023,0.0,0.0,0,8,0.0,0.0
0x025bc6b46c828a9cf89f036a447c269888207985,1,1,99200000000.0,99200000000.0,0.0,0.0,0.0,0,1,0.0,0.0
0x025cbfcaf636265ea78a5ca1bf1b688a84a3afc2,1,1,48626658.149479,48626658.149479,0.0,0.0,0.0,0,1,0.0,0.0
0x025e5b9df86443eb28827645c3db2a9a36c3d670,1,1,25000000000.0,25000000000.0,0.0,0.0,0.0,0,1,0.0,0.0
0x025fedc5cf1f0a2317f991a0d43322f763d1c245,1,1,142000000000000.0,142000000000000.0,0.0,0.0,0.0,0,1,0.0,0.0
0x02608d35121db289427f6fd4fa53e93b5cae0bdf,25,5,21524416458570.22,12007265347410.584,500000014165.8531,47.183819,9017151096946.594,2,64,9.436763532640388e-11,1.3316029883847138
0x02615eb2838102011972e092add331d9e723448f,4,4,1.18000000000014e+16,5900000000000000.0,700.0,700.0,5900000000000000.0,0,1,1.0,1.0
0x0262af8dff0aca22f8484e83b92d55328701ecfe,4,1,1582167727600690.0,1582167727600690.0,0.0,0.0,0.0,0,42,0.0,0.0
0x0263c0db809c695ddb08c0fbd4b0c5a2e41e9b1d,1,1,1.108647,1.108647,0.0,0.0,0.0,0,1,0.0,0.0
0x0263c51c0e9812f7702960c62678311867cf869f,1,1,100000000000.0,100000000000.0,0.0,0.0,0.0,0,1,0.0,0.0
0x026439f5f63c64472aa2a6c639003e1f5e8c8058,2,2,246.60625800000003,6.313069,0.0,0.0,240.293189,0,43,0.0,0.026272359305198615
0x0264ac5bc4626a76eb59a761b1075a36c7b2b860,4,4,9100000000000000.0,4000000000000000.0,550000000000000.0,550000000000000.0,4000000000000000.0,0,1,1.0,1.0
0x02662348a0c536e9444d8bc3cb6f9a5af39e3d18,1,1,100000000000.0,100000000000.0,0.0,0.0,0.0,0,1,0.0,0.0
0x0266e5afc61b51f53d3aa70dc6f2438656909d94,14,4,624718047514659.4,303821349635000.0,140000000000000.0,90413463530010.16,90483234349649.31,0,59,0.6458104537857868,3.3577640301954736
0x0267640eefc2a0c4ed2c3b7fc4cf7f920a215b4e,35,2,4618416767745555.0,295000000029948.44,0.0,0.0,4323416767715606.0,0,31,0.0,0.06823307024962566
0x0267c58c62587e65e816d39570769fb34c9b4ab5,6,4,103.983751,29.957901,22.0,22.044965,29.980885,0,14,1.0020438636363638,0.9992333782008103
0x0267c774380db18ed0c9ca3e41ed086e53750480,53,4,4.254779959926757e+16,1.2716701076573268e+16,1.9800000000134276e+16,1.0030098522560024e+16,1000000000000.0,0,128,0.5065706324490911,12716.701076573268
0x0267e55f02fcf8a26a2f5674321e02ff1971e6d3,1,1,1.130415,1.130415,0.0,0.0,0.0,0,1,0.0,0.0
0x02682dcf41d8edbb797dba7a1b8f761b52cc6e0b,9,3,556680278584609.9,35346640377.66557,343322465972116.1,213322465972116.1,0.0,0,77,0.6213472379912408,0.0
0x02688d5a7262c765ab251eedc673364e2a223f9c,3,2,964787124951.2604,482343349272.84937,0.0,0.0,482443775678.411,0,28,0.0,0.999791838115394
0x0268c472991073c5b959236d916b6801e5f0ac52,2,1,1064418472958.4253,1064418472958.4253,0.0,0.0,0.0,0,7,0.0,0.0
0x0268f26c311fee1e2652b78e0f4b186239bb30e3,54,4,254791435875958.2,144553128850938.3,89.28572199999999,89.467702,110238307024841.1,0,39,1.0020381758239016,1.3112785632526516
0x02692deba5e6310b82cf8169058dda036cec8299,13,2,91000000000030.0,91000000000015.0,0.0,0.0,15.001305,0,40,0.0,6066138912582.271
0x0269ae21dbae267fb041ee16ba8500dd0fde2f2d,29,4,2.096069625134723e+16,1.4072806225208852e+16,2500000000000000.0,2510890026127620.0,1877000000010755.0,0,66,1.004356010451048,7.49749932079287
0x026a45e4ee23f6777ef668cc21ce816e791926fa,10,4,23150122813001.7,23150122812983.66,6.0,6.025337,6.016024,0,35,1.0042228333333334,3848076871532.371
0x026a55d367905cc892280e5ba04d64e9d745b86c,127,4,5.810327143752641e+17,2.3929886170260192e+17,8.219848582636158e+16,8.125129507828826e+16,1.7828407176801232e+17,0,121,0.9884767859340596,1.342233545204103
0x026a70d0c086a56cc9118ebd416e69cc15a0ad7b,1,1,14414.864387,0.0,0.0,0.0,14414.864387,0,1,0.0,0.0
0x026a94e94cc11b082cd663b9d92fd07a6d708887,43,4,487538557002.95404,487538554497.6953,765.8014480000002,768.309865,971.147415,0,73,1.0032755448642083,502023222.187844
0x026ad6ecd5124809d5f3b393f6a94ac195ca55b9,6,4,402000000000008.0,398000000000004.06,2000000000000.0,2000000000000.0,3.949695,0,114,1.0,100767274435115.64
0x026ad881fc19964d8d184b4a691d049cc59a45a6,1,1,0.013501,0.013501,0.0,0.0,0.0,0,1,0.0,0.0
0x026b3b45e33986244fbbb060d1387bc896b0da8a,1,1,109600000000.0,109600000000.0,0.0,0.0,0.0,0,1,0.0,0.0
0x026bdccdd3a4327905c1075ae4b90908ec027add,1,1,102602354510.59093,102602354510.59093,0.0,0.0,0.0,0,1,0.0,0.0
0x026c2da77a4584478550de459a6abb848519ffe4,176,5,7.517579872573869e+16,7.51430853032193e+16,234239.77185999998,146710.589754,32713422138422.887,5,118,0.626326556711666,2297.010841154448
0x026cfe8238076c5500416ce21c6c3b3e00484494,1,1,1.099867,1.099867,0.0,0.0,0.0,0,1,0.0,0.0
0x026d639c41b00c686ad758543cf569dfcf2e3d4a,33,4,8901542664154404.0,4447414611529328.0,2169243701158.5718,2169802288495.5542,4449789006635423.0,0,10,1.000257503265624,0.9994664027659391
0x026d91ed039c1c67623df86c399c13deee6a9365,2,1,2.2857209999999997,2.2857209999999997,0.0,0.0,0.0,0,2,0.0,0.0
0x026dabd6be7ad158b76eb7a2a3d4f421f52902b6,2,1,112.781511,112.781511,0.0,0.0,0.0,0,7,0.0,0.0
0x026de7b3d021dd600438f69e49c0e34495bf0edc,14,4,2857628125104224.0,2843601802159608.0,1348.10828,1349.130169,14026322941918.797,0,23,1.0007580170043908,202.73323335949115
0x026e0a569b23b6afac6520a977fcb83192f370f1,15,4,4993476743240258.0,996629345556469.4,1500000000000014.0,1500142746547378.5,996704651136395.8,0,81,1.0000951643649096,0.999924445441445
0x026f1313e8e40682321b7c819223575a18e537a6,3,2,2839842552147.427,1419872819435.836,0.0,0.0,1419969732711.591,0,27,0.0,0.9999317497595036
0x026f60f1b29eea84a8c02ec14f2edcb3369a8c7a,2,1,10000000001.1,10000000001.1,0.0,0.0,0.0,0,6,0.0,0.0
0x027011c0fd7e86ab7fcab831b204fddfb6af2ed7,14,4,3500391951255883.0,3499056451254882.0,1115500001000.5,200000000000.5,20000000000.0,0,7,0.17929179723990907,174952.8225627441
0x02703abfdc84e7614bdc52f9e65952a8c0ac4a2a,2,2,110000000000.0,100000000000.0,10000000000.0,0.0,0.0,0,1,0.0,0.0
0x02704afeed85438de25e9c73ca719b6940e2ae02,1,1,993395147687.8341,993395147687.8341,0.0,0.0,0.0,0,1,0.0,0.0
0x02706710a0bd191361d1935d74e812a9c588cd05,72,4,2067456987284571.0,2067456987278344.0,1588.2444249999999,1489.1777769999999,3149.5854339999996,0,24,0.9376250617092518,656421942062.596
0x02708e817ac0bf55c3be213a59fbf133f1ef741e,1,1,1.585443,1.585443,0.0,0.0,0.0,0,1,0.0,0.0
0x0272af7b463992f2ede10d8f67da310ee493caec,2,2,220.08553799999999,110.007372,0.0,0.0,110.078166,0,6,0.0,0.9993568751863109
0x0272c4b2d9fff2b858a0cae4ddbf162b7871bd20,1,1,0.012737,0.012737,0.0,0.0,0.0,0,1,0.0,0.0
0x0272ee737cde66c1b4d41fe77eaed028d209a477,1,1,20000000000.0,20000000000.0,0.0,0.0,0.0,0,1,0.0,0.0
0x027342b26e74ff005755d532f4035ec78822621b,2,2,27200000000.0,22200000000.0,5000000000.0,0.0,0.0,0,1,0.0,0.0
0x02736d5c8dcea65539993d143a3de90cebca9c3c,111,4,5.069258830313263e+16,5.064249820717192e+16,800000052721.4923,800000568834.9435,48490095339169.18,0,83,1.0000006451417713,1044.3885055895958
0x02744561ef8292feec44b87d08e8961bb4e29bd8,43,4,3.598796875192754e+16,1.0083612448135688e+16,5000156245246600.0,5007655187387650.0,1.5896544871157604e+16,0,70,1.001499741562712,0.6343273038175237
0x02747fbebef61554592e17ef33d645a3780890b4,1,1,1300000000000.0,1300000000000.0,0.0,0.0,0.0,0,1,0.0,0.0
0x02752126b20e1ac22e068e29a12bc03d206711f4,2,1,7793776409.023967,7793776409.023967,0.0,0.0,0.0,0,9,0.0,0.0
0x027747771ce20e60d24344e2a62a1377960cced0,28,3,2.0945307395955484e+16,1.3944147864216836e+16,7000000000000000.0,0.0,1159531738648.6572,0,52,0.0,12025.6715702044
0x027763281d2088f8e23a42be830c244631e344ce,1,1,1.894605,1.894605,0.0,0.0,0.0,0,1,0.0,0.0
0x0277c418ad9186e3de965d28da09ca265314e6ae,1,1,1.297128,1.297128,0.0,0.0,0.0,0,1,0.0,0.0
0x027937f64f35377f87e8a8318c0370d74b456cc8,4,2,3264999196855193.0,3064999196855193.0,200000000000000.0,0.0,0.0,0,9,0.0,0.0
0x0279431a5e11d234dcf1d4493494db9f06ea42cd,1,1,1000000000000000.0,1000000000000000.0,0.0,0.0,0.0,0,1,0.0,0.0
0x0279a66c8fc0e8437c4c3fbd428da735c830ef16,1,1,6546836684.251631,6546836684.251631,0.0,0.0,0.0,0,1,0.0,0.0
0x0279ef39c3029af541cbabcf8e83afa0c96e8782,2,2,1.6,0.8,0.0,0.0,0.8,0,1,0.0,1.0
0x0279fec16f8d9195ac8345eebd1b6786e3336519,4,2,99191851545287.61,99191851545239.92,0.0,0.0,47.686251,0,67,0.0,2080093307088.4504
0x027a12b07a0b4f8199fea7e1b09ee9907a995390,1,1,16.741473,16.741473,0.0,0.0,0.0,0,1,0.0,0.0
0x027aa5f566399e167351f745a3bd80d8bacaa755,1,1,1400000000000.0,1400000000000.0,0.0,0.0,0.0,0,1,0.0,0.0
0x027af3fec91de9714ad0540be7b03487f332238d,15,3,7.118972949714549e+16,0.0,8000000000037027.0,8037436132863167.0,5.5152293364245304e+16,0,59,1.0046795166032458,0.0
0x027b2fdf7b0793679acde003a5e22e17a4803fed,2,2,300000000000.0,200000000000.0,100000000000.0,0.0,0.0,0,1,0.0,0.0
0x027b6146248b3a7648e7c7e243bd01e1704bc3ca,8,4,2.4845126420338016e+16,27875496783819.703,30450.0,30490.15466,2.4817250923493256e+16,0,14,1.0013187080459771,0.001123230645882351
0x027be761f83937636dc3bf635e2868f8c60d4e99,1,1,5000000000000.0,5000000000000.0,0.0,0.0,0.0,0,1,0.0,0.0
0x027c04aae42b4143f5718ab191ef5668c268c09b,35,3,252977016761137.88,252977016761011.66,123.0,3.2233,0.0,0,72,0.02620569105691057,0.0
0x027c50af86f3e7e4663f9933e48be032720fa8ff,1,1,1120000000000.0,1120000000000.0,0.0,0.0,0.0,0,1,0.0,0.0
0x027cb2d88746942364a7f8af881f3b69e9d08662,4,2,63475303398499.875,36302612136859.77,27172691261640.1,0.0,0.0,0,1,0.0,0.0
0x027cedb5d69afdd68ce27cf58dd6d05a72edc4f6,147,4,1.6103937120934416e+16,9914231012137270.0,6040000000524449.0,459798.670207,149706107812897.47,0,145,7.612560764355563e-11,66.22462608224419
0x027e5ccac847d32be8ed742741d83a02fd9569b3,1,1,93700000000.0,93700000000.0,0.0,0.0,0.0,0,1,0.0,0.0
0x027e9fac2d42f779d2232b76e31a3b7cbd955d70,4,3,10000000000006.0,10000000000000.0,3.0,3.0,0.0,0,1,1.0,0.0
0x027ec37fe00524dbeeae9c6ba96164f84eca09bb,4,4,1.169814e+16,4950000000000001.0,899000000000000.0,899000000000000.0,4950140000000000.0,0,1,1.0,0.9999717179716131
0x027f08f671c30de73da57a5e17c9a052e6fff567,1,1,3.991927433362034e+16,0.0,0.0,0.0,3.991927433362034e+16,0,1,0.0,0.0
0x027f4228e1c3080b77547885ca9297c2a410ce75,1,1,1120000000000.0,1120000000000.0,0.0,0.0,0.0,0,1,0.0,0.0
0x027f8eb5a7e2607c679b797dcd10193f03238ae0,1,1,10000000000000.0,10000000000000.0,0.0,0.0,0.0,0,1,0.0,0.0
0x027fca5dce8baa10e93ca93d0f2150e7ca4d4107,2,2,5878.000357,2939.0,0.0,0.0,2939.000357,0,1,0.0,0.9999998785301271
0x027fcbfa8ac860652c516b16a2f02080917489d2,21,4,1.5354405645641043e+17,4.272300000007655e+16,3.400000000006585e+16,3.4053056456191468e+16,4.276800000007655e+16,0,35,1.0015604840036916,0.9989478114478133
0x027ffd3c119567e85998f4e6b9c3d83d5702660c,1,1,2.5140722956719526e+17,2.5140722956719526e+17,0.0,0.0,0.0,0,1,0.0,0.0
0x02803ab2f41603f75d57ab98871baf84b0c80e90,28,3,1.0836500000005006e+16,1.08365e+16,2500.0,2505.95901,0.0,0,27,1.002383604,0.0
0x02803b28b29a24d895e523fbfa561700e01b09de,1,1,1.109537,1.109537,0.0,0.0,0.0,0,1,0.0,0.0
0x028062ffc2a94ca94e464240142c956d10fa449d,4,3,572635.339226,0.0,133187.272877,266528.066349,172920.0,0,15,2.0011526671556803,0.0
0x0280ce4e1add2b66e6fb0588976dec050c141135,1,1,209.749046,209.749046,0.0,0.0,0.0,0,1,0.0,0.0
0x0281531ebed0d369e29f29bb4295be46113e422b,105,4,2.2287988681947092e+18,5.748365568235513e+17,5.405575428088301e+17,5.446982314338424e+17,5.6870653712848544e+17,0,87,1.0076600330160905,1.0107788803097246
0x028179cc3d6dd3e3f98086134062eb1f7236ae1b,1,1,1.901664,1.901664,0.0,0.0,0.0,0,1,0.0,0.0
0x0281817134298991d74fb31dcb3efa1e936a4c25,53,4,1089841733537341.0,366431531582581.9,88000000000569.47,20000207914739.195,615409994039450.5,0,14,0.22727508993874737,0.5954266832382511
0x02820c1f9427f1c82e1901f1e7cadfb150560dac,13,4,744652877882905.1,341798496495482.94,113000000000000.0,83021536704422.72,206832844682999.56,0,71,0.734703864640909,1.6525349105909035
0x028216b8e4ddc7b4272eea40afbaecca24f30b46,25,4,1199212401316377.2,463748259966599.0,145758235082400.0,145891543102259.88,443814363165118.44,0,9,1.0009145831093833,1.044914942948938
0x0282887135e0d365f4e4875870f86bbdaf1e39c9,4,4,1.18000000000014e+16,5900000000000000.0,700.0,700.0,5900000000000000.0,0,1,1.0,1.0
0x0282dab7d9ba8b1f48d053dbadc4f3ba1c9cde59,1,1,462820000000000.0,462820000000000.0,0.0,0.0,0.0,0,1,0.0,0.0
0x02835133eb28375ad3e326843cf7c60ae4ee2634,1,1,1.0,1.0,0.0,0.0,0.0,0,1,0.0,0.0
0x02837591442503df088054033a4b4df8f2761267,1,1,1.108368,1.108368,0.0,0.0,0.0,0,1,0.0,0.0
0x028376711aef541bf1424ac8ac0aba60ec91df46,1,1,980000000000000.0,980000000000000.0,0.0,0.0,0.0,0,1,0.0,0.0
0x0283b39a24e3c67e48fcb05dbcff44b31a0e41c2,1,1,1143037312867.067,1143037312867.067,0.0,0.0,0.0,0,1,0.0,0.0
0x0283de3def25719ec46cb4db3bb1693f5af5cf6a,6,4,2415.601263,7.73799,1200.0,1200.124639,7.738634,0,6,1.0001038658333332,0.9999167811786938
0x0284481639f1c8e0cf1e071d644181d7ad876293,2,2,27200000000.0,22200000000.0,5000000000.0,0.0,0.0,0,1,0.0,0.0
0x028560d6943435b7e129c1872b67f36d65ce3b41,7,4,2009084387881028.5,755662300000000.0,350000000000000.0,350164190466720.75,553257897414307.9,0,52,1.000469115619202,1.3658409640994629
0x0285b14e8ccc8c4bcb7cf0bcafaf6965f573343e,2,2,50200000000.0,45200000000.0,5000000000.0,0.0,0.0,0,1,0.0,0.0
0x028641d71b87eb53da604565ed4fca4f7585f663,6,4,735000001440.8796,370000000000.0,720.0,720.8795729999999,365000000000.0,0,13,1.0012216291666667,1.0136986301369864
0x0287445f647c448c92129fbb2ef816f43b0c0bf6,18,4,4026579857021795.5,1938807115908108.5,700000000000800.0,300216100673363.25,1087556640439523.9,0,8,0.42888014381860023,1.7827182914579613
0x028a9d6c53b9388260474435e6781c8237adf1fe,4,2,952949898907.8965,950000000000.0,2949898907.896442,0.0,0.0,0,1,0.0,0.0
0x028b43ead0c73b7099360e8d1a97d8daeed5b3bc,1,1,1.153131,1.153131,0.0,0.0,0.0,0,1,0.0,0.0
0x028b71522a2f1e60270bc545827045a6d88bb2a5,1,1,109600000000.0,109600000000.0,0.0,0.0,0.0,0,1,0.0,0.0
0x028b834fe5fc19bd8e5c5393c70b630268833d7f,1,1,17.06,0.0,0.0,0.0,17.06,0,1,0.0,0.0
0x028baf20c23e74a7cce3b3120bb95ab8d1e35278,35,4,3986942562572987.0,1521294842677957.2,630356306268272.8,486284250546723.8,1349007163080034.0,0,11,0.7714434609618493,1.1277144290357648
0x028bb67ffc951c70e17826a916a9364f54e11e0d,1,1,6332699088.901104,6332699088.901104,0.0,0.0,0.0,0,1,0.0,0.0
0x028c0a2384ee76c564023f477b5d318a89161c16,21,2,444102883506536.75,444051441195491.7,0.0,0.0,51442311045.08231,0,33,0.0,8632.027453166711
0x028c68b65e6c87ede62b33c62824cd65c80e2b2d,40,3,1.0308556776852898e+16,5800056776810115.0,4500000000001000.0,0.0,8500000041784.386,0,88,0.0,682.3596174468397
0x028c6ca71aee61d84266c8ebd639e2db5800018c,1,1,1.108324,1.108324,0.0,0.0,0.0,0,1,0.0,0.0
0x028d10812993bf789c9c8789316f03e1985f07f2,13,4,2.0000000000140844e+16,2.0000000000041996e+16,12000.0,12033.000667,74818.590018,0,73,1.0027500555833333,267313243877.362
0x028d51a69dd481428f5f1f3b222fd7328f155403,1,1,1002491666535.5289,1002491666535.5289,0.0,0.0,0.0,0,1,0.0,0.0
0x028da245d4add9bb4dd4a6ba2c0be7b683f0ab69,2,1,1.197703,1.197703,0.0,0.0,0.0,0,12,0.0,0.0
0x028db8e94e0836bdaeba5b743e0d400a3f9e90df,24,3,4.442393692388142e+17,3.3256083308606746e+17,6.0821232598495736e+16,5.0857303554251e+16,0.0,0,14,0.8361767984871262,0.0
0x028e086f46912e677b909e30500c535aa10766b9,17,4,3320139379613.4727,1660000004061.8394,3656.441445,3663.9704650000003,1660139368231.2214,0,22,1.0020591113281183,0.9999160527290365
0x028e7eefc575b3113dc5aca8ff3177e330e0219d,3,2,30000000000.050568,30000000000.00057,0.05,0.0,0.0,0,1,0.0,0.0
0x028edad1e233e1d094925ee54d71368bce668f36,65,4,5731807378692080.0,620787445824804.6,4598522675005530.0,511908841850083.4,588416011662.279,0,36,0.11132028219246907,1055.0145365199633
0x028f328c1e4ca62717b830db377ee1582bc1ece2,30,4,1.4896119154202042e+16,6888121683670657.0,3950.0,3981.329001,8007997470523453.0,0,113,1.0079313926582278,0.8601553270995734
0x028ff776949531aada1fe98372b0f596cf170563,17,4,10798.347974999999,3453.2141149999998,1942.7047029999999,1946.000113,3456.4290440000004,0,30,1.0016963000063321,0.9990698698109884
0x029006c55f810a12a7e2e4d2ab756417e8e511e2,2,1,12637726451.014824,12637726451.014824,0.0,0.0,0.0,0,2,0.0,0.0
0x029083b69bbba772dafec650c4e23f6490d93125,8,5,1.74e+16,4500000000000000.0,4200000000000000.0,4200000000000000.0,4500000000000000.0,4,44,1.0,1.0
0x0290db8c9e32507d9ff1dd5a5bdcff32ac88ba09,2,2,204.550916,102.191812,0.0,0.0,102.359104,0,14,0.0,0.9983656363385126
0x0291f3886409579b55806283a1e3865b82d2ff74,16,2,5026602643085234.0,5019300519200686.0,0.0,0.0,7302123884546.885,0,75,0.0,687.3754264595233
0x02924ba1974a33fe4563a1f2b762847a2233d496,14,4,1.6488763041613548e+16,8246355858833801.0,13000.0,13000.130157000001,8242407182753748.0,0,9,1.000010012076923,1.0004790683100824
0x0292c117e0fc26212b22c5843b9755e7b676c6c0,5,3,813077383933043.1,0.0,270442002692955.72,541750858351892.4,884522888195.1577,0,26,2.00320531928232,0.0
0x0293fafe77e87627af48a55ec2129f769a9cb270,55,4,3660293717212693.5,2016580435471844.2,2694.732672,2695.014932,1643713281735459.2,0,27,1.000104745083968,1.2268444003462122
0x02940d1967e4e8d67d47ae49dbaa5f596e471475,1,1,10884750357089.63,0.0,0.0,0.0,10884750357089.63,0,1,0.0,0.0
0x02946828dba18fcb7cd09e9ebf891ceaa1bd7aa6,13,4,11628560720107.516,11500446169521.97,42556770838.67241,42557777746.79625,43000002000.0762,0,32,1.0000236603507267,267.45222406039863
0x02948cbed87c7ac0beb2488396a3886b9f656634,3,2,55000000000.0,40000000000.0,15000000000.0,0.0,0.0,0,1,0.0,0.0
0x029540b12432897be480e69f38001b8e29ebd295,1,1,7986972984.319666,7986972984.319666,0.0,0.0,0.0,0,1,0.0,0.0
0x029571abceddd08d74c97010eba66f0a7d13c087,2,2,38200000000.0,33200000000.0,5000000000.0,0.0,0.0,0,1,0.0,0.0
0x0295cb6cd98aa3f2a8ae832a1b9c6f2b8a7160df,27,5,1.0406835810941452e+16,1.0393300000040612e+16,94000.0,40822.660887,13535810766017.762,2,106,0.4342836264574468,767.8372710509104
0x02961914072c1aaa8e0a3c8477874b311079b800,16,5,108358750796.72563,108358750200.9411,181.136245,40.56976,374.078519,1,10,0.22397372762143766,289668464.49940395
0x029832df0ace2538cdfbbd4fa198667ef84e7f68,1,1,1.108442,1.108442,0.0,0.0,0.0,0,1,0.0,0.0
0x0298b2ecdef68bc139b098461217a5b3161b69c8,1227,1,1617672893238270.0,0.0,0.0,0.0,1617672893238270.0,0,16,0.0,0.0
0x02996c1eaf1ea3de391ed7c748ca6c0762cd5f04,56,4,1556903536735496.5,358310429473793.5,807487150000000.0,174764429760114.03,216341527501588.94,0,104,0.2164299825206061,1.6562258462890898
0x0299cb22804ccda6eb64b5c891de04d9f526cccb,8,4,63474219816527.24,24737078441155.953,7000000000000.0,7000002773304.426,24737138602066.863,0,23,1.0000003961863466,0.9999975679923261
0x029a3d224e8c5daf8d5126f35502d7aecd23fb02,1,1,4070270990.188512,4070270990.188512,0.0,0.0,0.0,0,1,0.0,0.0
0x029ac3b28fff4be7c9b8853210a15c45e733a0b3,2,1,6022211561298.547,6022211561298.547,0.0,0.0,0.0,0,1,0.0,0.0
0x029b56845268708b6b05a90f761ebfe15151c738,42,5,758242785756895.8,556097595822269.3,103992875849888.58,24561381144.696583,98127752703593.16,1,49,0.0002361833052886276,5.667077666621286
0x029b8b56a2b189b9485d32f60884ca1fa1cc3d6e,1,1,98176261.821569,98176261.821569,0.0,0.0,0.0,0,1,0.0,0.0
0x029bc12540dc84ed8282d36ebc268b5762a64346,1,1,264.910181,264.910181,0.0,0.0,0.0,0,1,0.0,0.0
0x029bcb2e9d1e503e747dea7d0a55ebc055f9b03b,16,4,6747174522528.918,3373520837985.758,6412.936113,6424.1329129999995,3373653671706.091,0,14,1.0017459709254397,0.999960626153939
0x029c7afb648193e67014467bf18beb4cf395c879,1,1,80000000000000.0,80000000000000.0,0.0,0.0,0.0,0,1,0.0,0.0
0x029ce20ee686f00a1200b116086f90a682e30092,17,4,100000939593285.0,50000939586327.234,50000000001300.0,1300.420174,4357.3357160000005,0,14,2.6008403479323782e-11,11475117559.27489
0x029d4f3c7a8f23ad7316731f271d4e194538d88e,2,2,1200936177557.9468,1000000000000.0,200936177557.94666,0.0,0.0,0,1,0.0,0.0
0x029d81af39e6969033906aa51ba0a2e5f055fd43,27,4,773566849289112.0,385771595093305.7,531.532151,533.139804,387795254194741.6,0,58,1.0030245639835247,0.994781630049501
0x029de7a8c9511978c4795beccf60553d36318cfd,20,4,1462824052021749.0,580015331193533.6,37289.039711,37366.896487,882808720753559.8,0,60,1.0020879265490186,0.6570113293607208
0x029f19fc5a2425a4f04c3e1f6855af0afbcc3c93,160,4,662336172696664.2,461138181132079.5,759.0,760.688132,201197991563064.84,0,88,1.0022241528326745,2.2919621490731297
0x02a06a60b8b437bf6cf79d0a5933908525a139e5,1,1,1.108759,1.108759,0.0,0.0,0.0,0,1,0.0,0.0
0x02a0788f463bf8fa2754fa49cd89cb1e079ca046,1,1,1.108192,1.108192,0.0,0.0,0.0,0,1,0.0,0.0
0x02a0f1a59940dddb35a38327e93d7abb49e285b1,115,4,8488614720667490.0,3715372126633827.0,2549488782165381.0,400110869049146.4,1823642942819135.0,0,118,0.15693768564430258,2.0373352915731977
0x02a15e66e82fbf790b363a7c2786dc3b8d053425,1,1,1684926351.168397,1684926351.168397,0.0,0.0,0.0,0,1,0.0,0.0
0x02a16e93539e8043766befc1d941835ef18a77d9,16,4,2094657073208577.0,1687227073185548.0,11763.935419,11263.166255999999,407430000000001.6,0,10,0.9574318333819475,4.141145897910172
0x02a16f8df2b11b3a0c9f47cc5d705830792e3e6f,366,5,3702986366331125.0,254071434061793.72,1751633283789454.8,1392093316088183.2,305188332391693.4,26,52,0.794740159924657,0.8325070361330401
0x02a1da62dca18761b1e0f8a7bb5d0a596f58a815,2,1,377603561349483.56,377603561349483.56,0.0,0.0,0.0,0,1,0.0,0.0
0x02a298c6b33b6505e15faacf4f52ffcf1c43d4b7,18,4,5883524295418611.0,2062721511365635.0,1003508241365560.0,907323616950992.5,1909970925736423.8,0,97,0.9041516347851007,1.079975345996597
0x02a4ac561a49bd3f4a51f97b8f5d697a4eeea26c,70,1,260000000.00044003,260000000.00044003,0.0,0.0,0.0,0,23,0.0,0.0
0x02a4b730674d63f39160a55a73f2d3557a230c1f,5,2,131000000001714.83,131000000000000.0,0.0,0.0,1714.826757,0,10,0.0,76392556545.58229
0x02a5948adf2f74c62c6feb8282786e4303e5275d,1,1,1500000000000.0,1500000000000.0,0.0,0.0,0.0,0,1,0.0,0.0
0x02a5c129419ffe445e6c07357715994a513741f6,79,5,4027294510205122.5,3488427526621730.5,268911702835720.7,268955280744875.75,1000000002795.9432,2,88,1.0001620528548796,3488.4275168682852
0x02a5f4b01a1e60c1c1e96b7e5ccff7b083af88b1,9,4,39953881425503.66,39953881420000.0,4500.0,502.40000000000003,501.255959,0,59,0.11164444444444445,79707544025.42674
0x02a73cd5c9135b68798838407a136b41ddea3c5e,87,4,1.3551298139499894e+16,4949370168626206.0,3880407432904006.0,2396520537969682.0,2325000000000000.0,0,57,0.6175950797455777,2.128761362849981
0x02a73d22bd486381e61eca664377a06c446d5316,2,1,2.048916,2.048916,0.0,0.0,0.0,0,5,0.0,0.0
0x02a7c650e9a1a2d66deab637c07e1d627587c083,89,3,2.994779246326224e+17,2.42715099e+17,5.676282563262245e+16,0.0,0.0,4,93,0.0,0.0
0x02a7d44b26eb2d8db454dbf7b9411ca9346cb1fb,1,1,1.003248,1.003248,0.0,0.0,0.0,0,1,0.0,0.0
0x02a7d80d21a3ab1719dd16ab66d716e588d79595,6,2,1392536582631681.0,1392163291315840.5,373291315840.6226,0.0,0.0,0,52,0.0,0.0
0x02a804c44c2ea1f8668904b3f52db0b41cd3782b,1,1,4091265917.969648,4091265917.969648,0.0,0.0,0.0,0,1,0.0,0.0
0x02a83b64466333f227303407d37c7e8e8fefd5b6,53,2,4.833925019205222e+17,2.4800694876718784e+17,0.0,0.0,2.3538555315333437e+17,0,43,0.0,1.0536200945417906
0x02a84f912d51ca31f8505789c648b842c576cf45,2,1,12636658428.730375,12636658428.730375,0.0,0.0,0.0,0,2,0.0,0.0
0x02a8f422e4623cf409b2a1a64a603b16357ea9da,52,4,296258903625248.8,259091497022232.4,37142296291735.39,37.673589,25110311243.375698,0,67,1.0143042504451408e-12,10318.13164365228
0x02a904869e43d0be61a71f2e6e7af45f9dd27988,22,4,181546915775665.5,64983397262566.02,59014847003049.72,26029695003049.72,31518976507000.0,0,73,0.44107027849626684,2.0617229511920847
0x02a9cc149af402d3be54456c16da64f5004d467d,2,1,3000000000000.0,3000000000000.0,0.0,0.0,0.0,0,3,0.0,0.0
0x02aa6d3779d28383d69cd4221cd7dc2685011337,28,4,2005771812212953.2,594360873883498.9,701000000002418.4,703476687252664.4,6934251074371.016,0,48,1.0035330773897824,85.71378040813319
0x02ab1b3a8ac8e1aa17756058e67ef68be0508a2d,2,1,1201.231287,0.0,0.0,0.0,1201.231287,0,18,0.0,0.0
0x02ab74c629a0cb6e86e3cddaabfe05ca79a73bb1,2,1,2.234817,2.234817,0.0,0.0,0.0,0,7,0.0,0.0
0x02abe3cc8093daacee107e802ee44cb5f1379e1a,3,1,65321370810773.98,0.0,0.0,0.0,65321370810773.98,0,1,0.0,0.0
0x02ac4c9dca975e634793849092d2d5eac8d088c2,7,3,228598658183060.94,208598658182530.03,20000000000000.0,0.0,530.911765,0,64,0.0,392906452511.0496
0x02ac7fe137f02f295382a5b9d298ceac978c96ad,2,1,4210867399.325418,4210867399.325418,0.0,0.0,0.0,0,9,0.0,0.0
0x02acfb247839cf5215aec318227dda400011e2ef,1,1,1.020796,1.020796,0.0,0.0,0.0,0,1,0.0,0.0
0x02ad56758fef56099cf57531d0c97bb1aa1f076e,95,4,7.907672001597586e+16,6.404272191602899e+16,42237.092275999996,35931.151251999996,1.5033998099868688e+16,0,127,0.8507013460397895,4.2598596521432555
0x02ada5d70b06b6db17011ed129b9b1738de45538,2,1,7000109013132884.0,0.0,0.0,0.0,7000109013132884.0,0,1,0.0,0.0
0x02aee0ce756fa0157294ff3ff48c1dd02adccf04,116,4,2.124776323740635e+17,1.0626903175632309e+17,4.124140674980532e+16,4.126899656032054e+16,2.369819730761454e+16,0,142,1.0006689832546838,4.4842664771880125
0x02aef62867532fbddf4521b3889a5af09b5333d8,14,4,1.0233971525618818e+16,3916481502275795.0,1200000000001350.0,1200123308846284.2,3917366714495389.0,0,10,1.0001027573707784,0.9997740287585744
0x02af03e62f2b267f460455f60f87842fe2807b7b,1,1,91736811177.09291,91736811177.09291,0.0,0.0,0.0,0,1,0.0,0.0
0x02af6f4620c185ba1aab781282a67f21106a2d61,2,2,1025000000.0,1000000000.0,25000000.0,0.0,0.0,0,1,0.0,0.0
0x02af867ab593ffb436e9102eec9b1ca5a693620a,2,2,10000000000.000671,10000000000.0,0.000671,0.0,0.0,0,1,0.0,0.0
0x02afca5527ecb2ffe3ed6ee9ae776c7d5da88923,141,4,5528368659584152.0,2938768277882943.0,2325000000000317.0,317.002346,264600381700574.94,0,75,1.3634509505374485e-13,11.106440054982572
0x02b04b832848dc70f98cc792cb005819df0959eb,4,1,6431892494.793705,6431892494.793705,0.0,0.0,0.0,0,6,0.0,0.0
0x02b04fd27fb898e6face6df1888f72906b5ba11c,2,1,1500000000000.0,1500000000000.0,0.0,0.0,0.0,0,1,0.0,0.0
0x02b05a37642df584a9586ffd1008b1898f470835,35,4,5028950117540438.0,4722353617376138.0,715590133858.6754,715604319112.5042,305165305711328.06,0,70,1.0000198231545652,15.47473952312017
0x02b0f2fdd791d194a5d941579a696894d67c38b2,21,4,507577359915639.1,507577359914083.25,99.120917,99.145204,1357.648095,0,60,1.0002450239640135,373865187734.1479
0x02b13fd8e0557ca41834df8fc2922eeadf4af6a7,18,4,8947475.517713,3161817.9076570002,700000.0,700000.767826,4385656.84223,0,13,1.0000010968942856,0.7209451221106695
0x02b202a0389ac791190121c2508e3532ad2cd297,1,1,103700000000.0,103700000000.0,0.0,0.0,0.0,0,1,0.0,0.0
0x02b21ae22bda250e3cbeb563aa9b4192ac41faa9,1,1,1.094712,1.094712,0.0,0.0,0.0,0,1,0.0,0.0
0x02b265d2ce756e835b1bff29e9a07e77d02488f3,5,4,17563377544060.71,1923306349908.5308,13000.0,13002.436094,15640071168149.744,0,2,1.000187391846154,0.12297299220896463
0x02b2922c1163d06facf7c62d98a35e687e2741dd,1,1,98036265101.45734,98036265101.45734,0.0,0.0,0.0,0,1,0.0,0.0
0x02b2b3835e863da7c7aec928586cee0b04a261da,4,4,1.18000000000014e+16,5900000000000000.0,700.0,700.0,5900000000000000.0,0,1,1.0,1.0
0x02b32bf15b786bced6a40e1834b91986cc30531d,1,1,107100000000.0,107100000000.0,0.0,0.0,0.0,0,1,0.0,0.0
0x02b3f9bfdf978bbe7434467761a706d44311a065,8,3,154007582372639.7,154007582372339.44,200.0,0.0,100.272685,0,46,0.0,1535887688380.3345
0x02b40f2f6b29db95866775e732352f6686885fa3,49,4,255001991618320.47,101542602236807.16,35322692016630.11,10656447753045.45,107480249611837.77,0,74,0.3016884372241033,0.9447559212369316
0x02b42cadcb1d54d586d7b19c4b40ccb858d61640,54,4,1.8411408004403344e+16,1.052885025194692e+16,1703804969712500.2,1703807450708128.8,4474945332035794.5,0,58,1.0000014561500128,2.3528444418240553
0x02b4d35435f702921a56b5c993c999b6b8eab1df,9,5,59814361876.07123,9814361117.681988,344.328199,414.061038,50000000000.0,2,50,1.2025185250656745,0.19628722235363977
0x02b537c80038f273820b51deda8d904b8f2748ef,8,4,500211966147.2442,1356.694557,250000000000.0,250211963431.15625,1359.393409,0,27,1.000847853724625,0.9980146644951109
0x02b56b480fd9350fc83dbe2918a76c60232b4001,38,4,3030314940425.9375,855175709415.5165,659657203669.5958,660109349905.6354,855372677435.1895,0,7,1.0006854260569342,0.9997697284179528
0x02b6073eec33b4c9fa95ec2d59bf433d389cb55d,10,2,1813687858183035.8,909323994486579.4,0.0,0.0,904363863696456.2,0,17,0.0,1.0054846627438754
0x02b654a6fa9f1b4ce089af16a04401faf035a2c6,1,1,1534700000000.0,1534700000000.0,0.0,0.0,0.0,0,1,0.0,0.0
0x02b664da23a3b5480f710785fd5926ee1d055788,22,4,1371209817828.2734,376758691216.7144,308700000000.0,308913062757.4671,376838063854.0923,0,44,1.0006901935778008,0.9997893720274271
0x02b6e3488b382c93f3f80abb237eb9fef16283be,3,1,2000000000004419.8,0.0,0.0,0.0,2000000000004419.8,0,3,0.0,0.0
0x02b72485ecdaabd5f9af68d9a5d2b2ca54d5339b,95,4,3.099948793331454e+16,1.2898380751015566e+16,1.1277906390430596e+16,220037815065.3383,6822980754053307.0,0,99,1.9510519723061572e-05,1.8904319411062482
0x02b87eca370a3af303d5dd2d4c1b76c517930cf3,1,1,1.412545,1.412545,0.0,0.0,0.0,0,1,0.0,0.0
0x02b8db8f6d8fdfc914096ec6b20c9e6712781982,1,1,39935533177.9135,39935533177.9135,0.0,0.0,0.0,0,1,0.0,0.0
0x02b933d8e2a4dd4a4abf60908e81c7b6a7e39273,4,2,1830000020108.0,1830000010054.0,0.0,0.0,10054.00011,0,30,0.0,182017106.62742373
0x02b936ff5f54ef91b7e9e6fcd8aaed1160ee01c2,148,4,7.849544190978432e+17,1.9224591640641708e+16,3.434100000005476e+17,2.8123775248117222e+17,1.4108207497548142e+17,0,75,0.8189562111782528,0.13626530261893824
0x02b9dee806bc6e1093e348336d35b0866908712b,17,4,1.0519177574393075e+17,1.0054000000053854e+16,6.000000000002501e+16,3.5083725723291188e+16,54050020560703.766,0,49,0.5847287620546094,186.01288021273132
0x02babb5826d85c6a6354b923e94e7e9bb2643507,1,1,1.09546,1.09546,0.0,0.0,0.0,0,1,0.0,0.0
0x02baeeb92d7dac6dafe75d5f46fd045517c8f2e4,2,2,2080.001213,1040.000594,0.0,0.0,1040.000619,0,1,0.0,0.999999975961553
0x02bc46b19b1ea69c3e70918c899526e5adad7435,1,1,0.01,0.01,0.0,0.0,0.0,0,1,0.0,0.0
0x02bcb5d5a59ec3350ec2bed6c7ffcd5d566d9574,14,3,153229729491.22864,153229729151.18176,340.046883,0.0,0.0,4,46,0.0,0.0
0x02bd126623a52f35c2df74208e73c5c7ded740d3,16,5,809151572682446.4,7662.664801,2048.039356,1082.454681,809151572671653.4,1,57,0.5285321680117165,9.469999268121602e-12
0x02bd653274feaa6e43618310400c5d1337758d1d,6,3,131153941864039.88,131142336000000.0,5802671680.0,5803192359.87303,0.0,0,4,1.0000897310586818,0.0
0x02be55b9045cfa9195e851c35896b33da3693764,24,4,225464347999667.9,122481657925000.0,100500000006720.0,6730.812243,2482690061217.0728,0,53,6.697325614477552e-11,49.3342523250593
0x02bee0a17903cc1f2f48b4514ec23aae547fe4a3,71,4,3757680048075386.0,1742860753886032.0,2320.5,2323.8902700000003,2014819294184709.5,0,108,1.0014610084033615,0.8650208775131247
0x02bf4268c84ce1306d1e2af3c2f54d2b3214658e,2,2,1010000000000.0,1000000000000.0,10000000000.0,0.0,0.0,0,1,0.0,0.0
0x02bf9d9885ab40a40835e137449db9600f366e6e,13,2,5.623863221938593e+16,2.811931509109664e+16,0.0,0.0,2.8119317128289284e+16,0,66,0.0,0.9999999275518451
0x02c140cd842739c324846893adb64de09026b3f2,3,2,2100000000000.0,2000000000000.0,100000000000.0,0.0,0.0,0,1,0.0,0.0
0x02c255ff1abb3242d5b2f325b7fecd1322cc40e7,4,1,4000000000000.0,4000000000000.0,0.0,0.0,0.0,0,11,0.0,0.0
0x02c2a7e2fdc63ced0c3c2534148b5f71a20eaa23,1,1,100000000000.0,100000000000.0,0.0,0.0,0.0,0,1,0.0,0.0
0x02c36a54388cddeaaeeb79f351b7e00b882c41d8,8,2,1947465365515150.0,1947465365514500.0,650.0,0.0,0.0,0,32,0.0,0.0
0x02c3b69b7588c4d117ea0eb4d7ba809f9613f470,216,4,5050096545981622.0,921201575763247.2,1233483123919455.8,1233541143679522.2,1661870702619396.5,0,37,1.0000470373359323,0.5543160333179192
0x02c3df430a4125a05feeb5fee31c0ee911f952e1,19,4,649870348051088.0,469323882655534.4,45000000000314.06,314.11778100000004,135546465394925.61,0,6,6.980395133284617e-12,3.4624575512767612
0x02c4a7b6f3e7743ceae95a2d7e6caa58ac0d4c66,2,2,2004.4414040000001,1002.220694,0.0,0.0,1002.22071,0,1,0.0,0.9999999840354525
0x02c4a98ccdfca694807554bec1cff46152b6d3d8,5,1,25000000000086.066,25000000000086.066,0.0,0.0,0.0,0,57,0.0,0.0
0x02c4bc6b7dda908bf89bda10cf8dbb8649823284,4,2,1000020009.498496,1000010002.828413,0.0,0.0,10006.670083,0,38,0.0,99934.34324644087
0x02c4ee6974bf68b002ea221fac8203f182d8a0bb,1,1,1.105858,1.105858,0.0,0.0,0.0,0,1,0.0,0.0
0x02c4f4a127e285550a192ac77c715b6f2e641e99,1,1,3.906862,3.906862,0.0,0.0,0.0,0,1,0.0,0.0
0x02c54f73a52ebac634c7365d9e4136370e18a7ad,1,1,10000000000.0,10000000000.0,0.0,0.0,0.0,0,1,0.0,0.0
0x02c58ac2ac1029aaf986a9be4adb656c813005a0,2,2,10000000000.002,10000000000.0,0.002,0.0,0.0,0,1,0.0,0.0
0x02c5c964a7e7a4daed55efdce3859e433d739ef1,1,1,2000000000000.0,2000000000000.0,0.0,0.0,0.0,0,1,0.0,0.0
0x02c6e7836e1a500ea2bf6cbc3c50c1adf742b670,1,1,7580890982.228481,7580890982.228481,0.0,0.0,0.0,0,1,0.0,0.0
0x02c74609ad8db018a47aca47b3d5f500025955e2,2,1,4433333561.792873,4433333561.792873,0.0,0.0,0.0,0,1,0.0,0.0
0x02c88ed34fb04d51b3cad4cd7823f998440dd762,2,1,1016547736483.6532,1016547736483.6532,0.0,0.0,0.0,0,1,0.0,0.0
0x02c98fe643a484a9a6b1bbb656c13bc281c624ca,2,1,2.090875,2.090875,0.0,0.0,0.0,0,6,0.0,0.0
0x02ca089c541a1e8d8cec24e066d7ffe2085cc528,16,4,305791499606343.8,305747503815593.56,256.972868,256.974447,43995790236.30743,0,8,1.000006144617571,6949.471805674629
0x02ca884e10a36b822c996a3339bdd21417a4d092,27,3,6031467712271.28,370000000047.8669,5661467712212.752,0.0,10.661218,0,49,0.0,34705227868.6982
0x02cb1f7dca91c6987bd4f889b6ae03f18420082c,1,1,1.135544,0.0,0.0,0.0,1.135544,0,1,0.0,0.0
0x02cb44df23e2a5840eef59dbed570aad6401d3fa,2,2,10010017237.766829,10000000000.0,10017237.766828,0.0,0.0,0,1,0.0,0.0
0x02cb8ddf0e9fd20bedcdf13d765996870928864f,45,4,7149671576262714.0,2339578326103258.5,1236958078901849.0,1237589566960927.8,2335545604296679.0,0,61,1.000510516944632,1.001726672259861
0x02cc8d6b7f7d73358ff67589691532ccd8f43fd9,1,1,95000000000.0,95000000000.0,0.0,0.0,0.0,0,1,0.0,0.0
0x02ccbf14d05af1bba1c85c0e4ebe34450b4bc3a1,8,4,106146166205.41249,92146166205.3814,0.031094,0.0,14000000000.0,2,7,0.0,6.581869014670099
0x02cd2b4bf11e6de846447526202b5f69760e7efb,1,1,1495708370341.1824,1495708370341.1824,0.0,0.0,0.0,0,1,0.0,0.0
0x02ce4a17f3cb0f68fa99d7b275c28c4cc318add8,1,1,1.060406,1.060406,0.0,0.0,0.0,0,1,0.0,0.0
0x02cee1b0ef2c8a7d31025b35b0cc271f59815035,85,4,3133653207863491.5,2833632089017838.0,300010557885427.0,10560952703.62065,7523.050419000001,0,22,3.520193681868303e-05,376659989126.39185
0x02d0a54ce6f8ef3114c57247598ab66394da9af2,8,2,42163676901.4892,42163670224.244225,0.0,0.0,6677.244971,0,2,0.0,6314530.979073798
0x02d0e2b7b3af01c1a4e9c7e0bbe6bb58c09e44a4,2,1,12787124758.331322,12787124758.331322,0.0,0.0,0.0,0,2,0.0,0.0
0x02d1470908285f35efeb65b00162134ec721118d,7,2,87749251255263.81,60300000000000.0,27449251255263.805,0.0,0.0,0,1,0.0,0.0
0x02d14eafbf2724a0bc5e7c6fb21a799c7e1eb2b5,150,4,1192909801284988.0,694190401001326.0,9386.0,5791.349796,498719400268484.56,0,80,0.6170200080971661,1.3919458529738566
0x02d1a8ba9899069170eeb5339b300ec46ae0c8fb,1,1,1.121121,1.121121,0.0,0.0,0.0,0,1,0.0,0.0
0x02d1ef1d65fff7ad234b7e0d11c853cade2f513b,2,1,238691691811.50165,238691691811.50165,0.0,0.0,0.0,0,2,0.0,0.0
0x02d2324ed8cbaa5405ca0e76c01dfa7c51b328db,1,1,1.75233,1.75233,0.0,0.0,0.0,0,1,0.0,0.0
0x02d27262a78932e692eb9330646987559670bbda,40,4,2178230718246237.5,2077615237626754.8,100000000002300.0,2301.3591,615480614881.3293,0,82,2.301359099947069e-11,3375.598170589563
0x02d27fa03e3443a5aa5db3bbec4c9e7fa2695115,1,1,1.066781,1.066781,0.0,0.0,0.0,0,1,0.0,0.0
0x02d2c85be49875baf06525167bb4797746b77f61,25,2,53580009036029.5,51790004518013.5,0.0,0.0,1790004518015.9868,0,109,0.0,28.932890390364342
0x02d326f3af9a097816a145dbea25100059a5cdc5,1,1,109200000000.0,109200000000.0,0.0,0.0,0.0,0,1,0.0,0.0
0x02d37ff31824b401ef5c19579032dad4d98a8d67,1,1,1.04859,1.04859,0.0,0.0,0.0,0,1,0.0,0.0
0x02d5333d35b155ec5876f3a355b845ce37d2fd04,5,3,175156904016695.72,156904014823.4858,175000000000000.0,0.0,1872.247487,0,58,0.0,83805167.80658165
0x02d6190c22293e010846b439787d304668783885,6,1,8301308641941.553,8301308641941.553,0.0,0.0,0.0,0,2,0.0,0.0
0x02d6f83cdaaa281a48c8e2627eac84a6c843cc08,1,1,16000000000.0,16000000000.0,0.0,0.0,0.0,0,1,0.0,0.0
0x02d77fc7307cd7ec962eda62d25936156a7a6492,78,4,3999700278488325.0,1262688887990538.0,1407513672919645.2,657397717577916.5,672100000000225.0,0,79,0.4670631129389016,1.878721749724915
0x02d7da92ffbe43fc603bb8b5c5ccc032dc616d51,11,4,20000296997282.676,10000000000187.559,38440.469313,38444.564836,10000296920210.078,0,2,1.0001065419614585,0.9999703088793375
0x02d82a2663905f3ab3a880e257b9e8239949483a,1,1,104400000000.0,104400000000.0,0.0,0.0,0.0,0,1,0.0,0.0
0x02d86f9846faff28378cbfb438e2f9a87b5e7682,58,4,15291980834897.24,7645178451840.357,70700.0,70704.819239,7646802241652.0625,0,8,1.0000681646251768,0.9997876511304477
0x02d93e0bdcb28c88add70252d7a70168c269d6cb,1,1,0.013536,0.013536,0.0,0.0,0.0,0,1,0.0,0.0
0x02d9468f3794ad392949d3ef68750580046d7b79,12,3,3016000126014115.0,1515000000002051.5,1500000000000000.0,0.0,1000126012063.1503,0,45,0.0,1514.8091157800932
0x02d9cd8f4b86421bfef64deaac6afe246eefaa0b,4,3,341754257367482.9,341754257366230.44,1030.703093,221.764582,0.0,0,104,0.21515854905851142,0.0
0x02da3599bfcda5a872b1b7158210369579f795ab,1,1,1.040765,1.040765,0.0,0.0,0.0,0,1,0.0,0.0
0x02da983db0d963407f2e95ae60df3bd648c8a92a,2,1,2.2,2.2,0.0,0.0,0.0,0,6,0.0,0.0
0x02dabc929961b484b6e41edbe3c25b97f870f507,1,1,1004448835575.7915,1004448835575.7915,0.0,0.0,0.0,0,1,0.0,0.0
0x02db6d1adc9e057240ec42dc7bb952a254534ebf,1,1,1.950274,1.950274,0.0,0.0,0.0,0,1,0.0,0.0
0x02db807be71c8ffcaf8c69aa313292d382d69dd9,1,1,100267251379.53307,100267251379.53307,0.0,0.0,0.0,0,1,0.0,0.0
0x02dbd1aa375c7d00ecf1de198158ffa332110d47,4,2,131027213298210.84,114994536448198.97,0.0,0.0,16032676850011.867,0,27,0.0,7.172510088239809
0x02dbd660e8ee9d7b7fa41bb28434e6f9ceb66989,2,1,2.2,2.2,0.0,0.0,0.0,0,6,0.0,0.0
0x02ddab581f06982cafddb23502714e485aa96df2,3,2,362.49479899999994,117.221847,0.0,0.0,245.27295199999998,0,13,0.0,0.4779240680399199
0x02debfb86afb43492c458869bd7904a897f08237,256,4,1572333865215336.2,75135814906202.66,831000000004444.5,651496617638764.1,14701432665924.982,0,56,0.7839911162879418,5.110781827430508
0x02e030f6975cc1cbda531b11ae4fd7ec698600c7,1,1,249616680763431.53,249616680763431.53,0.0,0.0,0.0,0,1,0.0,0.0
0x02e052679578006663d478fae910081209b4026c,2,1,20000000000.0,20000000000.0,0.0,0.0,0.0,0,1,0.0,0.0
0x02e07cc7e01b1ca69c0a6de55bfd9b99a8f0af3a,49,4,216983042675423.28,177830585613003.78,29000.0,29165.090015,39152457004254.4,0,86,1.005692759137931,4.5420032156265515
0x02e11fa8415aa760fff68f184fc1dd5f95aefb88,1,1,1.111606,1.111606,0.0,0.0,0.0,0,1,0.0,0.0
0x02e14b3e880efd1cb8a504540d31d91ca311280c,166,4,9.889505410742744e+16,4.7203567331655096e+16,1.0458548255711582e+16,3189183994323407.5,3.804375452573734e+16,0,101,0.3049356293385884,1.2407704738952872
0x02e27435247f11adf8c7544af31dd6098677ea3f,2,2,2500.0000259999997,1250.0,0.0,0.0,1250.000026,0,1,0.0,0.9999999792000005
0x02e29372ef6a6f563cc7fcdd78c1b6064b502eb6,2,2,3264010492061.3438,1631970000000.0,0.0,0.0,1632040492061.3435,0,12,0.0,0.999956807406626
0x02e29a42993eb150ccf30ec2bb3dca160d763c89,1,1,6621999098.14186,6621999098.14186,0.0,0.0,0.0,0,1,0.0,0.0
0x02e2b3f9e177e918e67e25b1a1b6a739049f9e22,4,1,2.1552189999999998,2.1552189999999998,0.0,0.0,0.0,0,7,0.0,0.0
0x02e2e0296a3caee924b900b69f7b3ebd16729ecc,43,4,9216511869454458.0,9215665409677988.0,90431009048.83205,90445574922.79459,665583192500.4249,0,44,1.0001610716734861,13846.00079076081
0x02e35b8e24f99002f568f5916de89874197f7a06,90,4,1.2567168812556755e+17,3.3162626669878084e+16,2.96495e+16,2.967834332427508e+16,3.318121813141442e+16,0,79,1.0009728098037094,0.9994396992460401
0x02e4ac7c366cf7320bc78b816b162b26d605a4bd,10,4,1.030583581836929e+16,61673049238341.84,2546662312084263.5,5122080457046384.0,2575420000000300.0,0,78,2.0112915767204025,0.023946792848675034
0x02e51d6ce16201a28eaa7de9c8c4bfed25b4b081,112,4,2.019960810218461e+16,554124469731757.6,8741419032683784.0,7742268057437050.0,3161796542332016.5,0,47,0.8856992244038465,0.17525620713186602
0x02e60b50d9788a17055afec468b5d17a38b6bd9d,104,4,3097016719961291.0,1427098340184118.2,250307827224758.78,2170.577603,1419610552550243.5,0,19,8.67163295317559e-12,1.0052745364708817
0x02e6277d21ba364845200b883a7a230f173122a8,102,4,1.9819824374673587e+17,7.893587001924021e+16,1.6014725614636598e+16,14735079364344.621,1.0323291303349469e+17,0,56,0.0009200956493989227,0.7646385992578634
0x02e662fc8e76fe69ef0bea015f0913590d2769c0,1,1,1.009782,1.009782,0.0,0.0,0.0,0,1,0.0,0.0
0x02e6cec9cf4d077956d9b2b2ed8175aad46fc809,1,1,1.059202,1.059202,0.0,0.0,0.0,0,1,0.0,0.0
0x02e75b9654e0d0711b877120c7e1a86b2592e380,2,1,542697000.0,542697000.0,0.0,0.0,0.0,0,2,0.0,0.0
0x02e7f65e93b4730c3092412e3db85648797316f9,3,2,14035454719180.0,10000000000000.0,4035454719179.9995,0.0,0.0,0,5,0.0,0.0
0x02e883c27f8fd486e8d17049c58fc0469716c04e,1,1,1.110052,1.110052,0.0,0.0,0.0,0,1,0.0,0.0
0x02e96833fa23f6d8676c5f55ecdf46444bcce438,4,2,17904080922504.32,17900000000000.0,0.0,0.0,4080922504.3207393,0,43,0.0,4386.26315031665
0x02e9d2239578bd27634659f59fae4df9bac4076d,3,2,258950411734949.56,128824318831517.81,0.0,0.0,130126092903431.77,0,103,0.0,0.9899960565719896
0x02ea60c42a1ed137b04eb4206977a8504b4c16d5,1,1,0.008015,0.008015,0.0,0.0,0.0,0,1,0.0,0.0
0x02ead283625fb1016a8d50d3f94205f7f90dba20,1,1,1.066374,1.066374,0.0,0.0,0.0,0,1,0.0,0.0
0x02eb1a315972d427f890b81fe062aa7aae9bc6bb,14,4,239668052001804.78,101120000000252.53,18714000000000.0,18714000001299.74,101120052000252.5,0,57,1.0000000000694527,0.9999994857597584
0x02eb1d753bea18fd83562467a321dcd88d9773f1,32,4,4271087620319006.5,1025505310345970.8,1000000000004720.0,1000692400156796.4,1244889909811519.5,0,78,1.0006924001520732,0.8237718871873865
0x02eb2ee0867dc3dfaa3862d0cc86984b6aada907,37,5,4676026443037402.0,2043431044069597.8,1235000000001330.0,549114003751966.75,848481395214508.0,10,31,0.4446267236853242,2.408339246558246
0x02ebc38f9ddaebc16f4a2f4e9c90cee0b9eac910,32,4,4710448577658518.0,2707117261944633.0,17005.0,17018.986485,2003331315679861.0,0,78,1.0008224925022053,1.351307814516907
0x02ebdd4d10b91e3018c0706a39a02c5fe1c893ef,4,4,1.002e+16,4111000000000000.5,899000000000000.0,899000000000000.0,4111000000000000.5,0,1,1.0,1.0
0x02eca8cc78b7d30c1ac5e16988ed2c8a9da658d6,167,4,2.7576169450897383e+19,1.2125723033923584e+19,9.008065000022918e+18,2.013960877596733e+18,4.428420539354148e+18,0,139,0.22357308451832986,2.7381597854507356
0x02ed7efb3115fcbc0dd488a03eba6218857a2a75,4,2,17159686698762.957,8550000000001.902,0.0,0.0,8609686698761.056,0,62,0.0,0.9930674946897031
0x02eda208efc7d92efeaf7418833c3081a42dd3a1,6,4,6000000000400.002,3000000000000.0,200.0,200.001734,3000000000000.0,0,1,1.00000867,1.0
0x02ee19a0a14b494ba9411c5bbba18931195fd51b,1,1,25000000000.0,25000000000.0,0.0,0.0,0.0,0,1,0.0,0.0
0x02ee663daf3bd6ab80be2e8b0f54abc8721b7d68,1,1,1100000000000.0,1100000000000.0,0.0,0.0,0.0,0,1,0.0,0.0
0x02ef87478ec4a04f0dacc721f254084ed3772600,1,1,32000000000.0,32000000000.0,0.0,0.0,0.0,0,1,0.0,0.0
0x02efac30f1619d817d6ffb28f54ed3647404235e,5,2,9423.162596,1885.178004,0.0,0.0,7537.984592,0,65,0.0,0.250090456008722
0x02efc83a645d9db930e3d4db3824f831faecd82b,2,2,800.009317,400.0,0.0,0.0,400.009317,0,1,0.0,0.9999767080425279
0x02efeda00025e73209ea07c51a2277de0f71ed53,2,2,18000280684.846912,9000000000.0,0.0,0.0,9000280684.846912,0,11,0.0,0.999968813767399
0x02f01b3f6166ba12150e4d1d8df5ccc9cb524f07,2,2,991.6576230000001,495.828785,0.0,0.0,495.828838,0,1,0.0,0.9999998931082745
0x02f0e7c42da6ae4eea04c1df5f83f8178d33cc0b,10,4,2638973022011918.0,2638973022004588.0,6.0,6.000664,7318.358549,0,70,1.0001106666666668,360596300978.6101
0x02f11fe7a88805f3afbe76f28d0ee7b090d4e99b,130,4,3.510260752414345e+17,3.0050396232268864e+17,4899185502116051.0,4901763492948738.0,4.072116392368103e+16,0,67,1.0005262080465362,7.379552384256217
0x02f176449675d72dbf1d33a1078e631743fe048e,1,1,190000000000000.0,190000000000000.0,0.0,0.0,0.0,0,1,0.0,0.0
0x02f17bf76592833beb2418f8246d433f7e4d6fed,2,2,2190000000000.0,1500000000000.0,690000000000.0,0.0,0.0,0,1,0.0,0.0
0x02f202fe714eadef1a33dc3d85de9b367d77426a,1,1,91083721.320456,91083721.320456,0.0,0.0,0.0,0,1,0.0,0.0
0x02f21b7c148d5fc587a285d2f538f29c36176e52,11,2,1.0305913534253242e+16,1.030591353423174e+16,21500.0,0.0,0.0,0,19,0.0,0.0
0x02f277795b12cf2010b7e77298ce29370d392409,19,2,8494848214449488.0,3363771250534558.5,0.0,0.0,5131076963914929.0,0,59,0.0,0.655568270402254
0x02f384dc0539ff16b820239004d25dae1e3adf96,2,2,422532221502.87805,211265982141.66425,0.0,0.0,211266239361.21384,0,1,0.0,0.9999987824862583
0x02f494a93a9e172722849643ce2f070e92a7baea,1,1,100084140373.57045,100084140373.57045,0.0,0.0,0.0,0,1,0.0,0.0
0x02f4a8a87c4458ee03e65a539a13d52d2925335f,1,1,106400000000.0,106400000000.0,0.0,0.0,0.0,0,1,0.0,0.0
0x02f4e1f34fcfe2f52139f3e5920fcfad5a1a8b94,1,1,1.030089,1.030089,0.0,0.0,0.0,0,1,0.0,0.0
0x02f4f3130d02314a16dc81e040a2aa32c8a2b16a,32,4,1.3214265785718956e+16,129403971787087.88,3000000000047500.0,46929.073007,1.0084861813837438e+16,0,38,1.5643024335418987e-11,0.012831506685548501
0x02f5203e90d85ed83700e43dbe2b42d842b33d83,2,2,8000000202249380.0,4000000000000000.0,0.0,0.0,4000000202249380.0,0,1,0.0,0.9999999494376576
0x02f60da35d5759299b1c4e3b22c7152b318f5664,4,2,60500000165.906784,57000000005.0,3500000160.906785,0.0,0.0,0,33,0.0,0.0
0x02f6129b12fbf83b4457c57050b51de97ce8276b,2,1,3267251217629.749,3267251217629.749,0.0,0.0,0.0,0,5,0.0,0.0
0x02f70f05c3a430d0da5e1a5bf45e8dddfaf8b0a8,13,4,450265539162973.44,450265539161625.25,731.934473,351.95327399999996,264.265135,0,21,0.48085352853710983,1703840119362.0388
0x02f7467aecaae0863706f954c7adfe47b5e5f538,15,4,92408471420893.22,92320001420205.61,302.139709,271.2452,88470000114.233,0,32,0.8977476045692492,1043.517591285198
0x02f84f7c168cfda125318a1405f747bcf7eacf44,1,1,1.554127,1.554127,0.0,0.0,0.0,0,1,0.0,0.0
0x02fa46ca85874d0e24d6fbfa776f3195240ec6d5,3,1,1001191469000.0,1001191469000.0,0.0,0.0,0.0,0,4,0.0,0.0
0x02fa9380115eeefccd18f91ff806d3d8e3725b32,23,4,1646716402846722.5,12211355526417.975,544532820264352.1,544889649966630.94,545082577089321.6,0,25,1.000655295124554,0.02240276251650752
0x02faf4316dcb9330751f3677436aa849aa93851b,248,4,1.8807056352762573e+17,4.659430125965589e+16,4.5302525229793224e+16,4.951782998000475e+16,4.665590705817187e+16,0,118,1.093047898076978,0.998679571304033
0x02fafec4c577431e5229f01df088cb699a7cc691,22,4,23242407602922.863,22210280321329.004,1001183605727.0,1183609836.5132709,29760066030.34121,0,23,0.001182210565317641,746.3115269530991
0x02fbe024637327931e70262658854cfdebefec92,1,1,1.045237,1.045237,0.0,0.0,0.0,0,1,0.0,0.0
0x02fc557009ff92edbac5bc4c94a989b24008a21f,5,3,411152064395178.3,239282101103424.7,21437174547582.22,0.0,150432788744171.4,0,35,0.0,1.5906246444074899
0x02fc75ad4ae6105dc1feec29f49e56347a859c65,40,4,4914866457392476.0,1454228335459572.8,661110000000377.9,661259468931105.0,2138268653001421.0,0,48,1.000226087838222,0.6800961766045244
0x02fd763b2c3ccb4ed333ed780cfba62b9b65f675,1,1,3909631981.653491,3909631981.653491,0.0,0.0,0.0,0,1,0.0,0.0
0x02fdb206bba3e5a61d8c5730c79a21f3caa78276,1,1,1.108272,1.108272,0.0,0.0,0.0,0,1,0.0,0.0
0x02fe4d3a1b36a009941d1a136821ca368255bf76,1,1,108600000000.0,108600000000.0,0.0,0.0,0.0,0,1,0.0,0.0
0x02ffad0f8125e76bf4467d78139f1eb0b60f2b8c,2,2,42700000000.0,37700000000.0,5000000000.0,0.0,0.0,0,1,0.0,0.0
0x02ffb9b4bbc29f9a59b20c541d369c5add62a5a3,250,4,9.425567929029184e+16,1713500000579287.5,2.8284656053709676e+16,2.826100867531568e+16,3.599651456068721e+16,0,80,0.999163950293435,0.047601830940894714
0x0300f68f3c30e4655650d99c845a95e39875b75f,14,4,9.842474527131278e+16,6158866494158227.0,4.881207535345358e+16,4.345380342370084e+16,127.268918,0,14,0.890226508687596,48392542271461.97
0x030138d2f5f2757daae2fbb8dfd18870ea908881,1,1,3355.37677,0.0,0.0,0.0,3355.37677,0,1,0.0,0.0
0x030163c3ecc06f0a41c11ee74e3ea2a6086ad3e4,7,2,279986982895.4635,141270769187.34644,0.0,0.0,138716213708.1171,0,3,0.0,1.0184156949713503
0x0302147a27780e6b3ce7ec44db979b653d02c921,1,1,9021683877565.146,0.0,0.0,0.0,9021683877565.146,0,1,0.0,0.0
0x0302174ee723a5a094f78877caf6cc1ae1c90533,5,1,4324022552585276.5,0.0,0.0,0.0,4324022552585276.5,0,1,0.0,0.0
0x030252c314d52af695fdb0176942dec4566b6bb7,1,1,1.547959,1.547959,0.0,0.0,0.0,0,1,0.0,0.0
0x0302e30a5a3a471f99fde37bfa52d3be463461d9,2,2,33700000000.0,28700000000.0,5000000000.0,0.0,0.0,0,1,0.0,0.0
0x0302f495deee51627014e73e3b5f937fbdfb2680,6,4,17952.238498,6214.235399,2761.882435,2761.883554,6214.23711,0,1,1.0000004051584477,0.9999997246645131
0x030347c0ef50f625e3172ddeabb921067e85730c,49,4,997500000224473.0,997500000034214.8,51990.912,52024.65797100001,86242.638822,0,71,1.0006490744190064,11566204532.458698
0x03038ac3f9bc2f1ba227a7e3b42fbd1f376efcf9,2,2,100000000000030.0,100000000000000.0,30.0,0.0,0.0,0,1,0.0,0.0
0x0303df66b608496531b49940f19db4c024791454,1,1,556001496.446744,556001496.446744,0.0,0.0,0.0,0,1,0.0,0.0
0x03051aba8bbf9fc5d38ac4554bfae1e84b9dd8ca,5,3,75270240446.71364,75252240446.71349,18000000.00016,0.0,0.0,1,28,0.0,0.0
0x0305a736ce98f8768c5e927dfa15d0b04517a621,1,1,12000000000000.0,12000000000000.0,0.0,0.0,0.0,0,1,0.0,0.0
0x0305cc8c9cc1a0b1ff881cee4621873fe6f9f8e0,1,1,1300000000000.0,1300000000000.0,0.0,0.0,0.0,0,1,0.0,0.0
0x0305cf6d8af11679eee6aa68c528ed25f837aa4f,26,4,4.954969591523834e+16,1.5553833358745846e+16,9500000000000002.0,8927339556492490.0,1.5568523e+16,0,35,0.9397199533149988,0.9990564524808067
0x0306588e0deb5dfd0afc70ad227aaa8551deaf25,2,2,18520.037945,9260.018945,0.0,0.0,9260.019,0,1,0.0,0.9999999940604873
0x030745377d953913b2af2a64d961287ff800f7e0,40,4,585146189832424.9,584369327038314.8,222879422574.5118,222879899607.08688,331103471928.5609,0,7,1.0000021403168116,1764.9145254641082
0x030888e8fe9f0cbe3ff04c0fda1c0954c6b68822,17,4,137535928115212.31,6128811527.246236,153.427988,279.932774,137529799303251.7,0,7,1.8245222247195212,4.456351683995607e-05
0x0308e74c4971077380b748fd6bc0164a775386e3,2,1,8224199367.296589,8224199367.296589,0.0,0.0,0.0,0,1,0.0,0.0
0x03090a4006197538241dca9b635c9ad149d9097f,1,1,1.23971,1.23971,0.0,0.0,0.0,0,1,0.0,0.0
0x0309146e7b8baefa23f193632ef74602768af954,329,4,2.3852963831157176e+16,1.067117633831294e+16,2221912885230557.2,2222096136442716.0,8737778471170965.0,0,54,1.0000824745260612,1.2212688126073397
0x030a031d24ff4fdf49d42328a9f75aaced335570,1,1,6232829555.55296,6232829555.55296,0.0,0.0,0.0,0,1,0.0,0.0
0x030a5e099482bab2259b3aa2afe176251a6280ef,1,1,20000000000.0,20000000000.0,0.0,0.0,0.0,0,1,0.0,0.0
0x030adc0b63a946d3c161f49c8f4d25a526b903b7,14,3,4790586099542469.0,1801025519321547.2,2893560580220921.0,96000000000000.86,0.0,0,31,0.03317711772002069,0.0
0x030b67dac665e0dae36951c5a69a639c7a8492e0,1,1,0.0005,0.0005,0.0,0.0,0.0,0,1,0.0,0.0
0x030cb7762dacad0e55e38eb6685d7923c68d7113,1,1,1.1,1.1,0.0,0.0,0.0,0,1,0.0,0.0
0x030ccddbf7666d9f7f3bf97a920986a8a309957e,1,1,9.8e-05,9.8e-05,0.0,0.0,0.0,0,1,0.0,0.0
0x030d0a4232b1ff4668858ae2c3d1ccffe08dc215,1,1,1.107591,1.107591,0.0,0.0,0.0,0,1,0.0,0.0
0x030d4aa68030591cfd14814f6505ba6f57802c96,1,1,100312963914.30457,100312963914.30457,0.0,0.0,0.0,0,1,0.0,0.0
0x030d9f55c7f7589034b829a87bf3bd84d6682a18,43,4,7.996291328035482e+16,300000000000000.0,2210000.0,2212940.298469,7.966291327593189e+16,0,56,1.0013304517959276,0.0037658678005018094
0x030de328e6a4855412279780172507240c4c7175,1,1,107200000000.0,107200000000.0,0.0,0.0,0.0,0,1,0.0,0.0
0x030de3de170036c537b1f7bf6f983220464abe1c,112,5,3.4819105796779296e+16,2.937884922964935e+16,189030147905998.22,19178.616531,5251226419204773.0,2,80,1.0145797770066408e-10,5.594664347780757
0x030ded6654f0ff272eb93151ee98bdce379f266b,9,2,728560600001222.9,728560600000699.4,0.0,0.0,523.567511,0,50,0.0,1391531339691.3572
0x030e371d56829ea5777c07d970484d03920091f9,1,1,100000000000.0,100000000000.0,0.0,0.0,0.0,0,1,0.0,0.0
0x030e691d39e2dda9ffb32de5f49fdbf9f590ef00,6,2,402554095529.13293,2554095529.132912,400000000000.0,0.0,0.0,0,25,0.0,0.0
0x030f8726b8dfc17b9d505a21e8f7a87815e33848,29,2,3.9007493877667416e+16,1.3128816237882528e+16,0.0,0.0,2.5878677639784884e+16,0,70,0.0,0.5073217581140541
0x03105f295874820c5939e2f27602c9478b94969d,72,1,260000000.00045997,260000000.00045997,0.0,0.0,0.0,0,23,0.0,0.0
0x03116a2824b26d29e4f8f41555e674b679583402,3,2,12404264633.372726,6202130528.403717,0.0,0.0,6202134104.96901,0,9,0.0,0.9999994233331249
0x0311ee008aaec2f8fede60d56207512b7f0d0802,1,1,1.104788,1.104788,0.0,0.0,0.0,0,1,0.0,0.0
0x031291aa04a24e90fa704ae1a51598944c55de4a,53,3,6.299739974428035e+16,6.299714974396705e+16,313315.85745,0.0,250000000000.0,0,22,0.0,251988.5989758682
0x0312fa145990146d456380d66ea495a7d014fc86,2,2,15011158065.007515,10000000000.0,5011158065.007516,0.0,0.0,0,1,0.0,0.0
0x03146c86fd6737a8ca454dd8dbccd43284e133d2,3,2,438285265597178.0,230400574742997.03,0.0,0.0,207884690854181.0,0,3,0.0,1.1083094853993343
0x0314732f2aeb62651ce2f1712e51300aa6e1676e,2,1,2.858053,2.858053,0.0,0.0,0.0,0,8,0.0,0.0
0x03148673c88d563193fea07d9fb373234e67386a,1,1,7137522745.789151,7137522745.789151,0.0,0.0,0.0,0,1,0.0,0.0
0x03148e5d55d5a2382c644e78910d13cdb7218235,11,4,1929229042458420.2,1430487653593771.5,69000000350.0,69046899862.00957,498603341964436.75,0,78,1.0006797030691545,2.8689893011102243
0x0314d69c14328bed45a45f96a75400f733164e13,162,4,1.7301985818617768e+16,8650164506241764.0,200000000346.2,200038085209.34198,8651421274290446.0,0,15,1.0001904243153803,0.9998547327648445
0x03158305104b385e1a566fa7153dfb13da15f410,20,4,2610711167327199.0,1449345437016563.8,18.259987,18.261108,1161365730310598.5,0,31,1.0000613910623266,1.2479664236596228
0x0316187ad162d7c5be2f7112662e353c85b6384b,1,1,348146979.536067,348146979.536067,0.0,0.0,0.0,0,1,0.0,0.0
0x03161e579198971cff2dd1769da7758e34b6976c,4,4,4.261799900001394e+16,2.1309e+16,6969.0,6969.0,2.1308999e+16,0,1,1.0,1.00000004692853
0x03169fa2a2113de2c90b4823cf8eb7541061d6f0,5,2,7000139938246.531,7000139932746.531,5500.0,0.0,0.0,0,18,0.0,0.0
0x0317ecb39406e23837b8b1aad06bc43f10c1be08,4,4,1999999700001000.0,1000000000000000.0,500.0,500.0,999999700000000.0,0,1,1.0,1.00000030000009
0x03180215daa2759cbc86f2e487b25cca2883566d,1,1,7603670000000.0,7603670000000.0,0.0,0.0,0.0,0,1,0.0,0.0
0x03188444e0ec5e63d99350baedd479ebcab82f63,430,4,9715456391153748.0,3103403794756371.5,3606780277032616.0,2000862183282141.2,1004410136082619.2,0,98,0.554750228624489,3.089777455711674
0x0318b7bf3433dc91fdd0c749b88855f076efd5d5,103,4,6.946801772753611e+16,2.6672521851407996e+16,2.430009733824293e+16,3408669231110846.0,1.508672930677435e+16,0,77,0.1402738920615911,1.7679459416980001
0x0318ccfbfae5e2c06b2f533a35acecea13b9909f,73,4,2573588841445733.5,2023333667260086.2,350000000001550.2,200211182265484.88,43991918612.12725,0,27,0.5720319493274232,45993.30356785835
0x0318dcf3b0bba28d13e67d6ce8f32eadad011512,2,2,10000000000.002,10000000000.0,0.002,0.0,0.0,0,1,0.0,0.0
0x0319f328205f66b18ef279c18efa3e3839c005f1,1,1,1.296233,1.296233,0.0,0.0,0.0,0,1,0.0,0.0
0x031bc036ec5106ea4f2ca5921d5370a21171a123,4,4,2.400718,1.0,0.2,0.200148,1.00057,0,8,1.00074,0.9994303247149126
0x031c0b7a301322382ec7ab6af873dd9732e3d6e1,1,1,93400000000.0,93400000000.0,0.0,0.0,0.0,0,1,0.0,0.0
0x031c0e3d66bdb6cad82b7f9efe20d00b55d785b3,1,1,512743472.952707,512743472.952707,0.0,0.0,0.0,0,1,0.0,0.0
0x031c7807637ecec27d158bd4156c954e682a2f54,93,4,6192828369466632.0,6081350167731620.0,411447.520661,414574.443754,111478200908988.73,0,30,1.0075998102697923,54.55192242200302
0x031c84828a86616270ce4b5b2b8b1d73cbe55b01,1,1,383652369142365.5,383652369142365.5,0.0,0.0,0.0,0,1,0.0,0.0
0x031cdab9bbf52b9000f023c3197fdaef8f6a4989,5,2,60000000000793.28,60000000000395.67,0.0,0.0,397.609261,0,39,0.0,150901917750.8435
0x031d132adc8141130bd55be6583edded884497f4,44,4,868494032294020.1,868297633883732.0,828.489231,409.23042,196398409050.3795,0,51,0.4939477843375854,4421.103195703582
0x031d2da6a39dfe83c314df7c2e7a74bfad01773b,7,3,3604054752604.7065,2000000000001.1206,1604054752602.4631,0.0,1.122705,0,29,0.0,1781411857969.0305
0x031d7542ff2c60947b0959a87df1e9b3337d3667,1,1,678000000000000.0,678000000000000.0,0.0,0.0,0.0,0,1,0.0,0.0
0x031f2e22d9a20142ba0c809577e0003c9a3b1ec2,2,1,2.377704,2.377704,0.0,0.0,0.0,0,1,0.0,0.0
0x031f584479760bf6a0e6e3246cceadb6e4d66bc0,14,5,2796058602709570.5,2795993986568439.5,1000.0,204.480693,64616139926.59579,2,105,0.204480693,43270.82969896841
0x03205689ad8d8e3838e244f925cf888275ac01c6,54,4,3941942601759557.0,2109114482291501.0,1400.0,848.854135,1832828119465806.8,0,83,0.6063243821428572,1.1507431929330179
0x032075ac7644068531c4b13595f092eb99920416,5,2,5777.914727,1.579796,0.0,0.0,5776.334931,0,57,0.0,0.00027349452877492775
0x0320f12e5c7cb57029a9d4e1655e17f29866e478,1,1,7348508578471203.0,7348508578471203.0,0.0,0.0,0.0,0,1,0.0,0.0
0x032140da0856e068fc916fd5a369a33561419dd9,1,1,1120000000000.0,1120000000000.0,0.0,0.0,0.0,0,1,0.0,0.0
0x0323965dc531ecc76511a24dafca4a502533917b,6,4,14432.820391000001,7200.0,100.515187,101.309742,7030.995462,0,52,1.0079048253673348,1.0240370711250504
0x032401f44bba316be8161251c16c45e07ee0d203,2,1,25538187772.889923,25538187772.889923,0.0,0.0,0.0,0,21,0.0,0.0
0x03240c50823411981a719e3f59b12476d653e67f,1,1,3.3040507839308576e+16,3.3040507839308576e+16,0.0,0.0,0.0,0,1,0.0,0.0
0x032419aad03e8a7520b0650620e14310cefa5dfa,2,1,12725320224.166973,12725320224.166973,0.0,0.0,0.0,0,2,0.0,0.0
0x03244eaa7a5eeb5322527ce489aca1a5426b3755,2,1,2000000000000.0,2000000000000.0,0.0,0.0,0.0,0,8,0.0,0.0
0x03247269bad6aa35ef79ff7f674d714c64d26611,29,4,304480966320031.56,231033437738.0611,100000000000244.11,100957251727109.48,103292681154939.92,0,90,1.0095725172686303,0.0022366873930933107
0x0324c205a0a2b21d7591cef3e198e103990b1457,2,2,2.0,1.0,0.0,0.0,1.0,0,1,0.0,1.0
0x03251ae9065a02d50230e02b137265157e101c20,3,2,1.9e+16,1.5e+16,4000000000000000.0,0.0,0.0,0,1,0.0,0.0
0x03253b687deaa44f5a9df0005a7163db65413e01,1,1,100286800939.60062,100286800939.60062,0.0,0.0,0.0,0,1,0.0,0.0
0x03270912905f63b1b2b99b9a520a86810aa07f89,17,4,1805774901297.3037,1319649236781.8955,1500.0,501.075204,486125662514.3331,0,28,0.334050136,2.714625740917322
0x0327344015c02e55ce6f13f90cc132da5d98cd52,2,2,110000000.0,100000000.0,10000000.0,0.0,0.0,0,1,0.0,0.0
0x0327d880665d0a65bc578a82e9d83f21b993756c,146,4,1.2747474524620096e+17,9.739315694241152e+16,3.007635963615724e+16,25867.092807,5228667606361.5,0,72,8.600473301929487e-13,18626.763886064848
0x032829e7678891e08aab091f6127f07639bcb26d,2,1,485320.324089,485320.324089,0.0,0.0,0.0,0,7,0.0,0.0
0x0328938eda94f1ad9f62e71a56c4387835ceb62d,1,1,97420418.856414,97420418.856414,0.0,0.0,0.0,0,1,0.0,0.0
0x03289bb5b77a418cfbadec78a7c206b1eb6444c5,17,4,531709933068923.75,354170186882916.0,301.130786,297.424198,177539746185409.22,0,59,0.987691102430158,1.9948782990432303
0x032936b50b7c50a2008bfbfc70567a5dfa00a7e6,1,1,92300000000.0,92300000000.0,0.0,0.0,0.0,0,1,0.0,0.0
0x032945f825c2c9ffb445a2de02513b811554df46,2,1,2.2,2.2,0.0,0.0,0.0,0,6,0.0,0.0
0x0329ca0125055eb93a8fbe5913e299ea99cb49f9,1,1,3371875.569913,3371875.569913,0.0,0.0,0.0,0,1,0.0,0.0
0x032a2386566db1e1558904e3ff9f8f90acdd98ed,2,2,3.0444001195267904e+16,1.5222e+16,0.0,0.0,1.5222001195267904e+16,0,1,0.0,0.9999999214776106
0x032b2f80d52e2873094d820b7befc15c294c6e65,2,2,21766.000119,10883.0,0.0,0.0,10883.000119,0,1,0.0,0.9999999890655151
0x032bb3d64f289e35ec8642c9bf2bdad7d73529d0,7,3,2043000000.0003996,1043000000.0001,1000000000.0002,0.0001,0.0,0,1,9.999999999998e-14,0.0
0x032c00db90f28a81163b313cf1bc92247f2ed67e,1,1,900000000000000.0,900000000000000.0,0.0,0.0,0.0,0,1,0.0,0.0
0x032c4db5f7434fb9e0ea85ccbbff1fa2d7c9d8aa,2,2,10000000000.002,10000000000.0,0.002,0.0,0.0,0,1,0.0,0.0
0x032c56e52d2cd8be4256cba3c631931d1e3b07cb,37,4,5370695793036205.0,1679502208013360.0,1200.0,1200.6730969999999,3691193585020444.5,0,98,1.0005609141666665,0.455002472595611
0x032ddfdf432eb4c97faf50a3d7fe1898e4e123a6,2,1,2.029393,2.029393,0.0,0.0,0.0,0,6,0.0,0.0
0x032f074dddcb996b0da95402800653a1c1c5bf37,3,3,1060592563789.289,500000000000.0,280296281894.6445,280296281894.6445,0.0,0,1,1.0,0.0
0x032f904c1f675add398dcb3733acf36b84b79c95,108,4,5.967780649102016e+17,1.6562693861070912e+17,1.6274000000010797e+17,1.3275952727428797e+17,1.3565159902509654e+17,0,30,0.8157768666228333,1.2209729911113463
0x0330056b009539f120717f6ff4d823c3ce2cbf63,1,1,1.094457,1.094457,0.0,0.0,0.0,0,1,0.0,0.0
0x033026f0aa842c3323d02e5974c51d38c8056178,4,2,9.827382,6.1483799999999995,0.0,0.0,3.679002,0,79,0.0,1.6712086593048874
0x0330d6432c963f761eaa5a7567ea161027cc36d3,1,1,1.10752,1.10752,0.0,0.0,0.0,0,1,0.0,0.0
0x03310baf844bfe66aadd339c73f9229f35aa4c6d,203,4,9.0288201758895e+18,4.4471890541051407e+18,1.897823170688777e+18,5.985404706092593e+17,2.0852674804863242e+18,0,72,0.3153826340902092,2.1326707943807626
0x033185ecc07fe116859d5fc721802d724b85c4e7,19,4,1103991080963587.4,351360341350069.9,210436381070069.88,210436805778122.88,331757552765324.75,0,11,1.0000020182254172,1.0590876934717792
0x03318cdf6bcc6ab97814029ed0324d101ed0c921,1,1,100000000000.0,100000000000.0,0.0,0.0,0.0,0,1,0.0,0.0
0x0331c1ce75f315a49849be77b6a37b1959ebb1eb,4,2,125770381684.3552,62872614440.68572,0.0,0.0,62897767243.66947,0,46,0.0,0.9996001002247614
0x0332be92c16b30591296507a665a164c4966b425,2,2,60000000000.0,50000000000.0,10000000000.0,0.0,0.0,0,1,0.0,0.0
0x0332d875f3fc0475474548dcf29f23591cb14d29,2,2,10000000000.002,10000000000.0,0.002,0.0,0.0,0,1,0.0,0.0
0x0333a10f65956afcbd633c517c2a6dd3ced00a40,9,4,1.3814613895375048e+17,90000.0,3.0580529570465616e+16,3.058204854905374e+16,7.698356083414112e+16,0,1,1.0000496714285023,1.1690807625007425e-12
0x0333fbf46d16ea6d26c6a09503cc3c0c1e7c95c8,3,2,1000000000002.3392,1000000000001.3392,1.0,0.0,0.0,0,25,0.0,0.0
0x033466da370e828b957754b75a1370506d0de739,1,1,1.109124,1.109124,0.0,0.0,0.0,0,1,0.0,0.0
0x0334e081f088642f7628030bc6b28289495c5400,1,1,1700.396651,0.0,0.0,0.0,1700.396651,0,1,0.0,0.0
0x0334eca378b5c3ca56c8cbef990eec2e3a30a7cf,33,4,819699717625694.5,3071541310382.4946,9200.0,600.000038,816628176305512.0,0,70,0.06521739543478261,0.003761248263901916
0x03352f97e46d751d978c0293f0e51d53b6959599,1,1,1.999699,1.999699,0.0,0.0,0.0,0,1,0.0,0.0
0x03356060622b057978f616a26ebb2967a73625ec,1,1,2098253317900000.0,2098253317900000.0,0.0,0.0,0.0,0,1,0.0,0.0
0x0335a3481a074ead996574587714af349a114013,13,4,75904600565583.02,997.16,500.0,500.375937,75904600563585.47,0,78,1.000751874,1.3137016631352623e-11
0x0335c709c9d9f938b2554b91974ef0812e16e890,1,1,49188107312972.91,49188107312972.91,0.0,0.0,0.0,0,1,0.0,0.0
0x0335f428955506d0c06d18b8fa5a8aabf7462e59,44,4,346000280549156.1,98590017451647.39,130000000000304.98,70000000000071.75,47410263097131.97,0,97,0.5384615384608271,2.079507916875734
0x03365fa521cc5ece8b1f7ed1fb00bd4637b01781,2,2,250000000000.0,200000000000.0,50000000000.0,0.0,0.0,0,1,0.0,0.0
0x03369f6db2e2e77a2ef92b6295d6989cd68b8491,2,2,1.2,1.0,0.2,0.0,0.0,0,1,0.0,0.0
0x0336bf727c155c2c4789d809d30c8c11f4d3ab49,5,1,280357588151080.25,280357588151080.25,0.0,0.0,0.0,0,26,0.0,0.0
0x0337cbd1a09ae0c4e7f802c0ce2cffe880ef49ba,56,4,9430586611330964.0,3651105392447679.0,987081635393733.8,987084698756404.6,3805314884733147.0,0,8,1.000003103454224,0.9594752347817118
0x0337dcbc6f5f2c2ca665fdd487f7d8f23c305b08,74,4,3.67019750827246e+16,1.5311063815738092e+16,5335622000010486.0,5366953474474257.0,1.068833579250177e+16,0,50,1.0058721315834798,1.432502132509658
0x0338413ee756d4e561f073b1767e6bf5e18393e9,8,4,2220.096715,609.989421,500.0,500.067402,610.039892,0,2,1.000134804,0.9999172660662656
0x03387d5015f88aea995e790f18ef7ff9dfa0943c,6,4,281629.80151200003,722.516943,140000.0,140184.47452000002,722.810049,0,10,1.0013176751428572,0.9995944909725514
0x0338e55ea1a26c84ffd70d7c79d8094ac36b6148,36,4,3816411419566506.0,2328634219378180.5,100000000000200.0,200.119005,1387777200187925.2,0,59,2.0011900499959977e-12,1.6779597035193037
0x0339928b90de16e4fb37de38acbbbe9449ff756a,2,1,0.003659,0.003659,0.0,0.0,0.0,0,8,0.0,0.0
0x033a0f17fb49d292785f02b959227cf5cf50f21a,27,4,5767492966173634.0,2115652812376731.8,1250000000000000.0,1200840153795155.8,1201000000001747.0,0,7,0.9606721230361246,1.76157603028614
0x033a10f0fa3a846f441f7d7469a2352f910443ad,62,4,193.829561,65.384591,31.222071,31.225239000000002,65.99766,0,3,1.0001014666836163,0.9907107464113122
0x033c88d3eb2ca45023942ae4488882d391a801fd,1,1,10000000.0,10000000.0,0.0,0.0,0.0,0,1,0.0,0.0
0x033c9f336f9b7f25cda00b97fe299d1b9a129908,3,1,1.8237243414040636e+16,0.0,0.0,0.0,1.8237243414040636e+16,0,61,0.0,0.0
0x033cd435e2bdf5227787d54d46c9231cf529acd6,3,2,13828000000.001,13828000000.0,0.001,0.0,0.0,0,1,0.0,0.0
0x033d66fac8634e3c34be50cf24f5016f31447077,72,1,260000000.00045997,260000000.00045997,0.0,0.0,0.0,0,23,0.0,0.0
0x033d74a910eaae2518f6b6d9c78af634a4833779,1,1,814246806.380331,814246806.380331,0.0,0.0,0.0,0,1,0.0,0.0
0x033dab06e494cedc8bf20717976a4af9d740c4d9,2,1,1242940494455.578,1242940494455.578,0.0,0.0,0.0,0,15,0.0,0.0
0x033dafd977e7c4fa8ccfd4775492e3ee5cbbd1c0,1,1,102500000000.0,102500000000.0,0.0,0.0,0.0,0,1,0.0,0.0
0x033dc008e1ab5d7004e8fabfd834f841a89c7e10,47,4,3.630428209690568e+17,3.022428209690428e+17,6.08000000000001e+16,3.33002,13885.778349,0,127,5.47700657894736e-17,21766357878729.152
0x033dc48af6f744a1b5f039d2a3dc38ae5424db96,2,1,3930437590.555274,3930437590.555274,0.0,0.0,0.0,0,12,0.0,0.0
0x033df985bd88c096ceb0bae2545d35f18eecdfb4,4,3,7000000000004.0,7000000000000.0,2.0,2.000005,0.0,0,1,1.0000025,0.0
0x033e036bda697d7a7615dcd04cf7f1883904fc6c,5,2,280060000012500.0,280060000000000.0,12500.0,0.0,0.0,0,17,0.0,0.0
0x033e1be8c2d5de9ff4e5a04618d6cd2db4e6f9ed,2,1,25532084588.731876,25532084588.731876,0.0,0.0,0.0,0,20,0.0,0.0
0x033e8cf361b0658925f4c3c2d9be754b86e327ef,1,1,1008741008332.3561,1008741008332.3561,0.0,0.0,0.0,0,1,0.0,0.0
0x033ea4c2e32eab510cb29d8c492dd4c1171cea50,21,4,4423264381469582.0,2204140010568707.0,1090.0,1097.807685,2219124370898686.8,0,77,1.0071630137614678,0.9932476248170302
0x033f0b0c71753239adaea7f7394812b79f7176a0,3,1,4400000000000.0,4400000000000.0,0.0,0.0,0.0,0,3,0.0,0.0
0x033f35a020fbdaa7108bd8e509fd50a88a9915de,4,2,426.22481300000004,248.225353,0.0,0.0,177.99946,0,35,0.0,1.3945286856488217
0x033ff82972978ddd56307e37805c516536e1dfae,1,1,0.206687,0.0,0.0,0.0,0.206687,0,1,0.0,0.0
0x033ffcf5d843a16da224f62b5cb1c4980310f796,136,4,4.9941845436604424e+16,6515172000000000.0,1.4000000000231368e+16,1.4014666368445528e+16,1.5412007067927528e+16,0,58,1.0010475977295656,0.42273352012393695
0x03402343d6192caec409b0570cf59905969adc2a,104,4,4266745726157208.5,3625042033188392.0,270309845533474.9,9492.971305000001,371393847425848.5,0,75,3.5118851428681686e-11,9.76064105077066
0x0340389d85c806f7f5f66d6cd2fd1f91d6f7dd10,2,1,2183535236214.4414,2183535236214.4414,0.0,0.0,0.0,0,9,0.0,0.0
0x03407689dca8b86e8dd3c867899f1fb168c21bb7,2,2,8420000096257558.0,4210000000000000.0,0.0,0.0,4210000096257558.5,0,1,0.0,0.9999999771359723
0x03408ddff230918d5235152f2caac102e3d48202,2,1,4076761357.9765587,4076761357.9765587,0.0,0.0,0.0,0,7,0.0,0.0
0x0340af84322e83ae445c375c10a6ac90989b85f6,128,4,3274104556353187.0,761092700107583.9,650000000011915.0,650001047471328.8,1213010808762358.8,0,31,1.000001611476021,0.6274409878376358
0x0340c0b1ef5d48083ac0afb00322b38b21f0d8db,31,4,1.8462423373977434e+17,5.519811710418718e+16,3.7065e+16,3.712937404494707e+16,5.523174259064006e+16,0,52,1.0017367879386772,0.9993911927294762
0x03413203ef38895fb2661a62046949893ae9fd6b,20,4,49676869120817.5,24833211925451.57,18000.0,18005.916392,24843657159360.008,0,9,1.0003286884444444,0.99957956134069
0x0341ab2d783648be716fa78a48eedf13f151335e,26,4,358290005525015.2,358270000000365.56,349.0,250.207916,20005524050.374844,0,75,0.7169281260744986,17908.553612403502
0x034272d147bcf7a5d27937e80fed03aa3b60a6d1,2,1,1491630617999.0972,1491630617999.0972,0.0,0.0,0.0,0,7,0.0,0.0
0x0344e6dc73a4128d7a889509a13c3dd25b4b688a,12,2,1181022401910243.8,791689413193370.0,389332988716873.7,0.0,0.0,0,1,0.0,0.0
0x0345e39554c2fe41f68b3516d1c94dae0ff0c458,1,1,1.107811,1.107811,0.0,0.0,0.0,0,1,0.0,0.0
0x0345fa5dc69c9ca90a441215e2fa8a0b36469286,6,1,50000000037644.48,0.0,0.0,0.0,50000000037644.48,0,79,0.0,0.0
0x03470c993d22b5405ed10a1e51afe1505be32ccd,1,1,1.088599,1.088599,0.0,0.0,0.0,0,1,0.0,0.0
0x03471b120914390f8a4fc104e601c32d89989399,1,1,98329302.592742,98329302.592742,0.0,0.0,0.0,0,1,0.0,0.0
0x03478c0564936f7a51138d28d1cdce99855c2b7f,5,3,2052571914395.4116,2052571910895.4116,3500.0,0.0,0.0,2,8,0.0,0.0
0x03482e6aaf23d9367aea1e306ffba42bc7fbe9fd,4,4,204500000000070.0,102250000000000.0,35.0,35.0,102250000000000.0,0,1,1.0,1.0
0x03485453f0b0511dd6bd4173ad05093b1e0313de,30,4,1.855199647528043e+16,1.4574007827633e+16,3977988647647138.0,293.685736,0.0,2,84,7.382769585672558e-14,0.0
0x0348f1e1789f813762881fe3933635bc79c1c373,4,1,1.4213471373896133e+17,0.0,0.0,0.0,1.4213471373896133e+17,0,26,0.0,0.0
0x034961ef5fd3f25dbb91440ad3ce0a119e875847,44,4,9752640680410688.0,5309090745090728.0,848527994900336.1,1.386,3595021940419623.5,0,108,1.6334169388987486e-15,1.476789525371028
0x034a30809a0ecc75ae8bd5bebdea60ca509713ae,1,1,8349202675.276018,8349202675.276018,0.0,0.0,0.0,0,1,0.0,0.0
0x034a4081df0c5a039d05113a7d0b334083a7b084,16,4,7.287208245897933e+16,5.947188981864299e+16,1.2676100972492696e+16,7001.675045999999,724091667836636.2,0,11,5.523524198169236e-13,82.13309510427976
0x034aef79606d0888348cdc0d6c30cb2f989f106a,1,1,100000000000.0,100000000000.0,0.0,0.0,0.0,0,1,0.0,0.0
0x034aff341d97429136304f3021e8f27975de3da0,53,5,4.3229846496743016e+16,1.2310281562723886e+16,1.6952626370744636e+16,1.3562908822942062e+16,404029740332433.4,1,104,0.800047646089089,30.468751019652803
0x034b054426cd05f70ea0d98d35083ac73322b939,17,4,1349796520620260.5,1348796520616125.0,2025.287526,1016.301791,1000000001094.0531,0,64,0.5018061771245017,1348.79651914047
0x034b2fd624f4895fc932ed31ed63d8be06b82c08,156,4,7.234019697626618e+17,8.403798877013576e+16,4.060140000009035e+17,1.6003233257334067e+17,7.331764841828192e+16,0,87,0.39415471528810475,1.1462177331533276
0x034b5155a9a8a8513bc27a77e1036bc18f4cf5b6,1,1,1.093019,1.093019,0.0,0.0,0.0,0,1,0.0,0.0
0x034b5cff596058dc37d983a8491278148ce13d88,2,2,19432.000106,9716.0,0.0,0.0,9716.000106,0,1,0.0,0.9999999890901607
0x034b63d519579980d9b527c9908f90495c858d7d,2,1,343000000238.01166,343000000238.01166,0.0,0.0,0.0,0,1,0.0,0.0
0x034bab37dee3cb342aa38ea6ce819bb93ca99ee8,1,1,107020225257.22058,107020225257.22058,0.0,0.0,0.0,0,1,0.0,0.0
0x034c69160676cd0f0ee35719a93343ea066e31a4,24,4,164731830177469.94,82365319851680.25,78262.588806,78604.21963699999,82366510168922.89,0,97,1.004365186945794,0.9999855485288839
0x034d8677141fc9cfd7c16a401abf44aa94f9d293,2,1,3000000000000.0,3000000000000.0,0.0,0.0,0.0,0,3,0.0,0.0
0x034dbf59af51b3f322eb2bc30a25bc6d40f6e450,1,1,1.053782,1.053782,0.0,0.0,0.0,0,1,0.0,0.0
0x034f4243c5e44976913d3e607089d75bc976dde2,2,2,2860000000000.0,2000000000000.0,0.0,860000000000.0,0.0,0,9,0.0,0.0
0x034f5434e14148a554c38f72118239d3b4078888,21,4,845279553328615.8,403000000000199.06,21005000000005.0,20505011228308.543,400769542100102.94,0,64,0.9761966783291436,1.0055654376537901
0x034fecdfce9b15a19ad60b1e9a3bf469aad59e64,2,1,1.008884,1.008884,0.0,0.0,0.0,0,8,0.0,0.0
0x035032655b5b3784d359b56eb82c803bd971c582,11,2,7306986204163820.0,7306986204161785.0,0.0,0.0,2035.777888,0,120,0.0,3589284591031.8604
0x0350520a1e54dd49848db2ee24540713f2620c55,4,4,5.0939999e+16,1.8618e+16,6852000000000000.0,6852000000000000.0,1.8617999e+16,0,1,1.0,1.0000000537114648
0x03507501959de1df612099f3916f28d5b07bca4a,2,1,2.040901,2.040901,0.0,0.0,0.0,0,8,0.0,0.0
0x0350c69d7970e174d84ef0947048c2ee9f0c8adb,15,2,9.648202350931635e+16,6.887129018142226e+16,0.0,0.0,2.7610733327894096e+16,0,118,0.0,2.4943665698239226
0x035110da0507fd99916c25eecfd1f1946a99741d,1,1,49.139582,0.0,0.0,0.0,49.139582,0,1,0.0,0.0
0x035192d0554d24a91970cdf8f10ca82cb48c8eb6,2,1,3000000000000.0,3000000000000.0,0.0,0.0,0.0,0,7,0.0,0.0
0x0351b0b81fdd1db5dad0617d97c598cd3c37baaf,255,5,7795817484683947.0,4457532554329791.0,146660264018776.12,137032983329.90625,3191487633352049.5,1,91,0.0009343565842235403,1.3966942900693626
0x0351c5599f6d7a0306c02e5c5b3b76f789b395a0,82,4,3.5604358844808033e+18,2.950342200686113e+18,3.052344659390091e+17,3.0481021785540224e+17,49000000279081.34,0,63,0.9986100911563125,60211.06497719036
0x0351c94cae69947448969ca8b6fef20dfe14203b,49,4,2.2258366667409286e+17,1.4719807271246308e+16,9.653400000016605e+16,9.660894208081544e+16,1.472091732186505e+16,0,16,1.0007763283469997,0.9999245936517086
0x035254b8663a4e25c0a61fe7fe1c695fd2ad5f91,1,1,10000000000000.0,10000000000000.0,0.0,0.0,0.0,0,1,0.0,0.0
0x03526fc1075e3c4f3dceac665a7141606eb11ae9,4,2,806515918842940.0,544000000000000.0,262515918842939.94,0.0,0.0,0,21,0.0,0.0
0x0353e69aa5fecdc675ef74f4fd856588714edbdf,2,1,2.437659,2.437659,0.0,0.0,0.0,0,6,0.0,0.0
0x0354a4de7462a6987cb9390d5bd065c9b98d34cf,17,4,997798385582927.0,522274440210169.9,150.0,150.032641,475523945372457.1,0,11,1.0002176066666668,1.0983136502223776
0x035556926c0c52223142c174871df815ba6d770e,1,1,1077.427637,0.0,0.0,0.0,1077.427637,0,1,0.0,0.0
0x0355c584ff086058e20d4c1eb73ad2408c38cb04,1,1,19000000000000.0,19000000000000.0,0.0,0.0,0.0,0,1,0.0,0.0
0x0355e6d75261199fd78e1faba4e59bf6fe31dfe8,1,1,2002.572928,0.0,0.0,0.0,2002.572928,0,1,0.0,0.0
0x0356011c3a38e07fe2826f1d578fa3e1e52ec877,2,1,2200000000000.0,2200000000000.0,0.0,0.0,0.0,0,7,0.0,0.0
0x035648071a7ebb842fc55a01e44ce01ab8b844ed,159,4,1.1679281420660992e+16,4694443434853529.0,1307428106247677.2,1308685792626872.8,4368724086932912.0,0,83,1.0009619545221535,1.074557088394495
0x0356ece0b66df94ba8448075d0aa26453dd406cc,48,4,1596109278261050.2,863358050904761.2,432158905113952.44,300335372242200.44,256950000136.1005,0,75,0.69496513594463,3360.0235471782853
0x0356f20234bc49395be12b077d81d8565a1c1527,2,2,18896.000516,9448.0,0.0,0.0,9448.000516,0,1,0.0,0.9999999453852697
0x035719f46ff6a671a1101fca5d9fc9c7dce44d42,5,2,486.62078099999997,233.314052,0.0,0.0,253.30672900000002,0,10,0.0,0.9210732494990292
0x03572f17c8e8ac3d5e5f767bff74dca89f310225,4,2,604179153726.5752,4179153726.575108,600000000000.0,0.0,0.0,0,23,0.0,0.0
0x0357647aa1d02d4e7503d23eb7370dbccdec7117,3,1,2400011222313.1235,2400011222313.1235,0.0,0.0,0.0,0,11,0.0,0.0
0x0357c980e66e6ef343a35715138b7670b0ae74c5,55,4,2364160183736357.5,2330365787202535.5,83612.633431,58289.032575000005,33794396391920.266,0,101,0.6971318828643533,68.95716556605494
0x0357dc60f8e2d1972e5f2dd8f9bb32f2559e04e6,13,2,5.023650771637553e+16,200000000139137.03,0.0,0.0,5.003650771623639e+16,0,29,0.0,0.003997081516427231
0x0357ee511a77d1981d2d79e076f9608be771c85b,77,4,7.374550417002496e+16,7.374550416975744e+16,86021.665527,86112.551138,95369.30914,0,108,1.001056543260854,773262434579.4589
0x0358751229cd0f5f5bc0d4dd21b19139cb58944b,9,1,171520820319568.84,171520820319568.84,0.0,0.0,0.0,0,39,0.0,0.0
0x0358c2ab1c477f338776d96c01a0a53f9dba4d0f,12,4,590000000000621.8,590000000000000.8,310.06891199999995,310.21682400000003,0.694356,0,13,1.000477029441765,849708218838752.4
0x0358f827f0446f5e1248f5aae42ecae8b3dacb61,1,1,0.01134,0.01134,0.0,0.0,0.0,0,1,0.0,0.0
0x035a38a537384f981b611cc598f9f36cdc3542dc,3,3,210000000200.0159,210000000000.0,100.0,100.015912,0.0,0,3,1.00015912,0.0
0x035a4b944b8b28565d3dc9e7ff80da78acf6cdbf,5,2,50000000000241.41,50000000000120.695,0.0,0.0,120.712081,0,9,0.0,414208748502.3201
0x035a5b6b64fc4d37e32fd32361c026f77e68cc10,4,1,4800000186926.49,4800000186926.49,0.0,0.0,0.0,0,5,0.0,0.0
0x035a909c0fbc30a88d83d2fd9367a0962c012e5e,1,1,100000000000.0,100000000000.0,0.0,0.0,0.0,0,1,0.0,0.0
0x035abc4c74e4a03de41fc5cce6c13e10e6d569dc,5,4,130000000000599.67,399.779683,65000000000000.0,65000000000000.0,199.889848,0,1,1.0,1.9999999349641808
0x035b27ed461b13990c0b9ed0e01c08d0d44cd033,15,4,1.218452214286048e+16,150000000015016.2,5993500000005998.0,6041022142824378.0,15085.326248,0,69,1.0079289468287866,9943437586.237358
0x035b32173c6beca69608dc1b5740bfec727c5d82,57,4,2.641139209401534e+18,7.030768301772516e+17,5.236e+17,5.253917074966405e+17,8.890706717276419e+17,0,20,1.0034219012540881,0.7907997109060328
0x035bc96201666333294c5a04395bb3618a2b6a11,63,4,5533822151647791.0,1925305538403317.0,1261827709337696.0,1253118534588225.0,1093570369318553.9,0,81,0.9930979683795007,1.760568494191233
0x035d5e9aef9c24c42764a90b1ef6207d22fda0e7,137,4,2.2756835054809005e+17,8.2489442495911e+16,6.035700000012959e+16,2.9956900581455468e+16,5.4765007470594e+16,0,126,0.49632852165268565,1.5062436089359361
0x035da46acd8cf44725c6541d688260e2a8d5cc10,1,1,1300000000000.0,1300000000000.0,0.0,0.0,0.0,0,1,0.0,0.0
0x035daa8f8ad585b1059d5fe5476e2bf4237218de,8,4,340000000000250.06,340000000000040.0,85.0,85.04875799999999,40.010863,0,14,1.0005736235294116,8497692239231.131
0x035e5f83ad0fd8e73f5c844ea66c7f63894511d1,1,1,1.108122,1.108122,0.0,0.0,0.0,0,1,0.0,0.0
0x035e72ef297547349d8ce3573ebb8e10dc639816,46,4,1.6945929151567683e+17,4.841147355077997e+16,3.62500000000144e+16,3.633851268647705e+16,4.8459305278405384e+16,0,49,1.0024417292817271,0.999012950611846
0x035f0c9f6b5a3c07c158956b9eb91af830db9216,1,1,9.1954,9.1954,0.0,0.0,0.0,0,1,0.0,0.0
0x035f31a67d87cd368b1e7a5ccb15f9efe9191c29,5,1,1648695130218256.2,0.0,0.0,0.0,1648695130218256.2,0,1,0.0,0.0
0x035f4a089e99bb14fa010a6ce80e9640e1dd01fc,10,5,1150841527170456.0,293517922859012.3,400000000000000.0,200526176488448.44,256797427822995.06,1,22,0.501315441221121,1.1429940141819797
0x035f54740a2b26337ef50b85786c2e246dbbaba4,1,1,50000000000000.0,50000000000000.0,0.0,0.0,0.0,0,1,0.0,0.0
0x035f73f456eeb7bcc5a74a66ccdeb9243bdf45ad,1,1,100239541300.72197,100239541300.72197,0.0,0.0,0.0,0,1,0.0,0.0
0x035fc3b0ec2487c1c9def561f578ec77a06b1b12,27,5,2.9170676420867196e+16,579899191329716.4,1.2e+16,6004395538424817.0,1.0586381691112664e+16,1,114,0.5003662948687347,0.05477784650600172
0x03604e6625fec18f298ecf393cfd70b2d8bfc0bf,9,2,2346811456319165.5,1625260359439.518,2345186195959726.0,0.0,0.0,0,1,0.0,0.0
0x03607361b844e659f4e8846af200074e219513e2,24,3,626335180460389.1,565519714092179.5,60815466367988.22,221.43667399999998,0.0,0,84,3.641124326172378e-12,0.0
0x0360b9acda197703cb3040715c75659c38f13cf7,3,1,1709000000000000.0,1709000000000000.0,0.0,0.0,0.0,0,22,0.0,0.0
0x0360dcea9bf79bb3fed1cf01a8e2dd8fecd85235,1,1,2000000000000.0,2000000000000.0,0.0,0.0,0.0,0,1,0.0,0.0
0x036161ee78969e00d3ea480f2139357fd77247ac,52,4,5.2694332584507416e+16,3577493616187185.5,1.636373626346695e+16,1.636554707119461e+16,1.6387555633658672e+16,0,60,1.000110659796669,0.21830550547998215
0x0361af4fd68e69f7f55d6a920c4195f87ad81d15,1,1,0.004791,0.004791,0.0,0.0,0.0,0,1,0.0,0.0
0x03630da783ae465b0afb812f7bc6374d677b0829,24,4,153903610663.09933,153903609651.44907,503.447,506.203249,2.0,0,60,1.0054747550387628,76951804825.72453
0x036328c52eccfc46d348e2a27da72ae48e00852d,1,1,3658391027.709786,3658391027.709786,0.0,0.0,0.0,0,1,0.0,0.0
0x036345b8465096ac474b07e08b6117d8134ef847,1,1,3293265713270.862,3293265713270.862,0.0,0.0,0.0,0,1,0.0,0.0
0x0363839d89014a84d63a029b6c5d540344453b64,2,2,26500000000.0,21500000000.0,5000000000.0,0.0,0.0,0,1,0.0,0.0
0x0364fd4f4a4adb95ce6566c794f6244ca87943d7,4,2,2500000000201.501,2500000000100.0,0.0,0.0,101.500912,0,87,0.0,24630320564.016212
0x0365ad837b20583a235b652cfce03987561c9948,53,4,1945641195168953.2,1267689073021321.2,561018153466939.4,74.77402,116933968680617.78,0,67,1.3328271026154308e-13,10.841067718173198
0x036631a163767ec4b518ba3c234185811f7d9827,1,1,1996.933296,0.0,0.0,0.0,1996.933296,0,1,0.0,0.0
0x0366521285f902c5b10a6f1ace37a70d68e0e0bf,26,4,527467705864547.56,527467705861886.75,1005.147733,405.875777,1249.748126,0,34,0.4037971371517783,422059209282.5325
0x036658b4a676c8458b34bbdfc7a8f1a092b44081,1,1,1007.416447,0.0,0.0,0.0,1007.416447,0,1,0.0,0.0
0x0366a61a1d2a15da442d08bc822b2c8a93b4393e,2,2,19780.000108,9890.0,0.0,0.0,9890.000108,0,1,0.0,0.9999999890798787
0x036808e8efef543ac49c40a2b6d98f8f36798a91,144,4,2.135364749810151e+18,8.793133589126442e+16,1.9623319590000005e+18,1151062588404226.2,8.395039233048157e+16,0,14,0.0005865789338674404,1.0474201900702422
0x0368ca98437266a286e33042e6990dcde1450db3,1,1,94000000000.0,94000000000.0,0.0,0.0,0.0,0,1,0.0,0.0
0x03692b33a187d69661b0f5b1cd0244702c340fe5,1,1,6030160717.290795,6030160717.290795,0.0,0.0,0.0,0,1,0.0,0.0
0x036955e921822b666da7fb487370f7cbb115906e,1,1,1043000000000000.0,1043000000000000.0,0.0,0.0,0.0,0,1,0.0,0.0
0x03695ecfee68b3d537711d04d11de6a8f1329f6a,2,1,2.2,2.2,0.0,0.0,0.0,0,5,0.0,0.0
0x036962a84f8e3423918082c672d9ab18752c30c2,1,1,108200000000.0,108200000000.0,0.0,0.0,0.0,0,1,0.0,0.0
0x0369a18568f22c77ec0780cb9b79402e64fe8b89,25,4,479273975638707.4,479234370593505.75,255.0,41.0,39605044905.656586,0,34,0.1607843137254902,12100.336503470526
0x036a310b351f1d24dc5891a9f7ddc1e42ced51fd,120,4,1426804056616697.5,866624056610597.8,3699.0,1684.4558439999998,560180000000716.25,0,77,0.4553814122735874,1.5470456935440209
0x036a6ba1fcad423064d09806479b5ffbf5f22fbe,1,1,10.0,10.0,0.0,0.0,0.0,0,1,0.0,0.0
0x036ac8829034821015a1181efb8f8e4357af3df6,3,2,14145000000.001,14145000000.0,0.001,0.0,0.0,0,1,0.0,0.0
0x036baa2d91ee84b680177acbc391d554170f1ab6,1,1,1.018374,1.018374,0.0,0.0,0.0,0,1,0.0,0.0
0x036bbffd6f8d19a6af2121bd690ed041e90fa2e5,1,1,6377610003.3426,6377610003.3426,0.0,0.0,0.0,0,1,0.0,0.0
0x036c3168619e6264ddd3523b978fddc2c84bc7d6,1,1,1.380213,1.380213,0.0,0.0,0.0,0,1,0.0,0.0
0x036cd2526fde6ea08e0e268309dd2a3af3b95d10,1,1,1.108384,1.108384,0.0,0.0,0.0,0,1,0.0,0.0
0x036cedec201095f375e6d1aff69b74a2d9b7d0c8,4,1,463286452697.80255,0.0,0.0,0.0,463286452697.80255,0,15,0.0,0.0
0x036da3aa7d31181bf0fb4f0bc128b04a7bdcc08d,4,4,9660700000000002.0,4830000000000001.0,350000000000.0,350000000000.0,4830000000000001.0,0,1,1.0,1.0
0x036dbbd11bf2958377e459cb75fec9bb9944785a,47,4,1315053198508867.5,1197780937511701.2,50000000000380.0,380.42431799999997,67272260996405.9,0,111,7.608486359942175e-12,17.804975182500467
0x036dce7f98c0a17da43db21d522969ea009fd301,3,2,1830000019400.0,1830000009700.0,0.0,0.0,9700.000106,0,25,0.0,188659792.7527899
0x036e1218a711ea2186f6413b16e373c1c1ff1a5a,12,2,6193980320678816.0,3021402190343582.5,0.0,0.0,3172578130335234.5,0,4,0.0,0.9523491829732565
0x036e88f0cf7abd5ab1ef2f13853d50cf2263397f,1,1,1.269901,1.269901,0.0,0.0,0.0,0,1,0.0,0.0
0x036ea8e17701bbb41fd0b9bfb36bce98d0baefda,4,2,2008467328981137.0,10000000013935.549,0.0,0.0,1998467328967201.2,0,41,0.0,0.005003834623157689
0x036fcf32222c17667b562b427acb2bcd737a0db9,4,4,1.08000000000014e+16,5400000000000000.0,700.0,700.0,5400000000000000.0,0,1,1.0,1.0
0x037036f81ead07dc3f749e53c24d65d90247eb1d,1,1,1600000000000.0,1600000000000.0,0.0,0.0,0.0,0,1,0.0,0.0
0x03707609abc5d0c9ffcd26ba6dbe083a3a833857,1,1,10.0,10.0,0.0,0.0,0.0,0,1,0.0,0.0
0x03708dfece91d4abf97deef2e77d9747ab5c9ba1,1,1,100000000000.0,100000000000.0,0.0,0.0,0.0,0,1,0.0,0.0
0x03709bd13f446ef4408347011cf3c0b457d848fa,1,1,1.08464,1.08464,0.0,0.0,0.0,0,1,0.0,0.0
0x0371229099726879e47c045aca027e0a27d3c5d1,7,3,8099999000002500.0,8099999000000000.0,2000.0,500.0,0.0,0,69,0.25,0.0
0x0371aa0fd3c1791c05b6d73896a7d2e84e4ee646,2,2,31700000000.0,26700000000.0,5000000000.0,0.0,0.0,0,1,0.0,0.0
0x0371ab664ae72f3b5d408de53a9f05f3279fea3d,1,1,6340447178.269381,6340447178.269381,0.0,0.0,0.0,0,1,0.0,0.0
0x03725920246c11418ebdd11ffbb1661467616f81,1,1,4985236292350.076,4985236292350.076,0.0,0.0,0.0,0,1,0.0,0.0
0x03725af1b7357c622c2a91a28df41d8217941180,2,2,60000000000.0,50000000000.0,10000000000.0,0.0,0.0,0,1,0.0,0.0
0x03733ca219c6418adba6f120daca918eb3f67738,49,3,4.749488475531893e+16,3.834608300939317e+16,9148300946266780.0,500799658979.95245,0.0,0,30,5.4742368219130106e-05,0.0
0x037343879ca2c1d0078038549ee042046f32243f,21,4,7.1431019191882376e+16,5.6875962935193064e+16,1.4555056256681574e+16,7742.323839000001,0.0,2,5,5.319336251583257e-13,0.0
0x03740d9e1c042fc41e995e59da9ca953d3d68fd9,37,4,7302301492709965.0,7302301492690451.0,14153.022649,2430.329263,2930.702207,0,75,0.17171803672424124,2491655916199.4897
0x03750b3599a04179ea939217a8fc0be522bbe0d8,1,1,505.794253,0.0,0.0,0.0,505.794253,0,1,0.0,0.0
0x037582877a10e01ed2d34b2587b385b0bb44d675,1,1,1.195312,1.195312,0.0,0.0,0.0,0,1,0.0,0.0
0x0375c3cdacf59035471566ff3e775b5f10d57ea1,3,2,12943.395214,6459.713901,0.0,0.0,6483.681313,0,55,0.0,0.9963034253469638
0x0375dafe356324fa45e5993855508b6204279d9e,1,1,0.003308,0.003308,0.0,0.0,0.0,0,1,0.0,0.0
0x03761263846e6a598e667e6a573ed86fabff8953,4,4,1.000024e+16,4999000000000000.0,1120000000000.0,1120000000000.0,4999000000000000.0,0,1,1.0,1.0
0x03781270005438697bdd9296f9d96a209f8af93b,1,1,1.775623,1.775623,0.0,0.0,0.0,0,1,0.0,0.0
0x037949068f0cff6d57d7253398e60577ccd86dd3,11,4,2026689543519047.8,822000000001000.0,300361914807600.0,300587299984237.4,603740328726210.4,0,58,1.0007503786782748,1.3615124928548015
0x03796fa1bf321bf02cb48969723afe7e0cdb5e55,9,4,6773433616751201.0,3064397440548604.0,1500.0,1501.320351,3709036176199596.5,0,30,1.000880234,0.8261977761803577
0x0379eec40a19d1a6c23bf323128bea4188985014,1,1,0.095084,0.095084,0.0,0.0,0.0,0,1,0.0,0.0
0x037a0f059374030dca53c918177a9d4f11c75347,1,1,1260000000000.0,1260000000000.0,0.0,0.0,0.0,0,1,0.0,0.0
0x037a28da412268621439c31fd0d54dbb511d47b4,4,4,9460000000000000.0,4100000000000000.0,630000000000000.0,630000000000000.0,4100000000000000.0,0,1,1.0,1.0
0x037a3079e857e383454fefbea892fde12a2e83fd,14,2,2146004780934858.5,2144852003554053.2,0.0,0.0,1152777380805.3489,0,11,0.0,1860.5951498247
0x037a43f01b3c2a2acd60510c1b893e94cb64333d,12,4,5599900117137333.0,2799076291626617.0,4253.8099999999995,4255.785953,2800823825502207.0,0,7,1.0004645136947818,0.9993760643351866
0x037a9d27797eeb292588aab2861c95242a6ed0e3,1,1,6376226463.92216,6376226463.92216,0.0,0.0,0.0,0,1,0.0,0.0
0x037b22bd2ed3df1e5bb8fbf7faa2feac9dda22b0,4,2,96641.986084,48316.110773,0.0,0.0,48325.875311,0,4,0.0,0.9997979438978153
0x037b392129f7ad2fac6787fefb35779df131856b,2,1,2000000000000.0,2000000000000.0,0.0,0.0,0.0,0,5,0.0,0.0
0x037b9e14191238dbfc4e670497b1d4ebf51373ea,1,1,1.019207,1.019207,0.0,0.0,0.0,0,1,0.0,0.0
0x037bc5471ff04bff3170a1364d2201259c02b127,36,2,1.1038758139154918e+16,1.1038758139137686e+16,0.0,0.0,17230.674592,0,112,0.0,640645732133.0212
0x037bef2da33513cfb998e36894d073773d3285f8,92,4,5.164519533358223e+17,4468273309972723.0,1568730147454578.5,974137829830233.1,5.0944081204856474e+17,0,75,0.6209722120855962,0.008770937082965322
0x037bf6a1e7b137f824f46313317e033ffeceb613,172,4,1.1288921942354042e+17,1.0523493155485744e+17,3808064650467402.0,3808848308492180.0,37374909723377.83,0,112,1.000205789054732,2815.657143622035
0x037ca92482ddaae946133ea49e3578ac75bcbef1,4,2,761980078912729.6,380990000000000.0,0.0,0.0,380990078912729.6,0,19,0.0,0.9999997928745813
0x037cdd64f9b2e00fc6b7a1aa3e6152aff8718540,2,2,7594918465054.639,0.05,7594918465054.589,0.0,0.0,0,1,0.0,0.0
0x037d9c5bcc88932c6dfdde923043f1fa065a1c69,9,2,627859490588538.8,627859490588410.4,128.5,0.0,0.0,0,45,0.0,0.0
0x037dfd569defbc08ae28001159b4c49f6d006cff,2,1,2300000000000.0,2300000000000.0,0.0,0.0,0.0,0,7,0.0,0.0
0x037e2847c769d20564502183f524f88baa06b389,2,1,2098753590000.0,2098753590000.0,0.0,0.0,0.0,0,8,0.0,0.0
0x037e2fd9f7f79e38cd027e6ad4212d2d697eae60,38,4,1526007625642791.5,738490346179995.8,352261476737854.8,217708777105587.5,217547025619353.34,0,54,0.6180317505101517,3.3946239626927746
0x037e908997841df68afb48eb1c9a6e441310abf5,9,4,114659547562154.48,5365731778951.737,241.766287,483.620336,109293815782477.36,0,4,2.0003630034654085,0.049094559838874285
0x037ef353b228e621872f569be0b0f876e6b78dd6,1,1,3800095746.010965,3800095746.010965,0.0,0.0,0.0,0,1,0.0,0.0
0x037f910b25fe4a3f08da116f9fe026aec93b74e0,2,1,2162176.643748,0.0,0.0,0.0,2162176.643748,0,6,0.0,0.0
0x037fd387317f2b6c50d43ea6c36de384ea9b2cf5,2,1,951455350.6921799,951455350.6921799,0.0,0.0,0.0,0,14,0.0,0.0
0x03807e5ca6505683c96cc30bc71c018b4b0f3f38,32,4,2072751293496854.5,1600051678216696.8,472699615279647.3,255.386305,255.41753,0,77,5.402718697981474e-13,6264455216588.685
0x0380af22b08d62fba32da15e68a94e71ba8b8f3a,2,2,10003858365.84564,5001929133.364515,0.0,0.0,5001929232.481125,0,1,0.0,0.9999999801843239
0x0381d12b94af184aedfc27d326624b70c65fc7b4,1,1,104700000000.0,104700000000.0,0.0,0.0,0.0,0,1,0.0,0.0
0x03827daa642b7e409e4d08fb34836c22d0a3556b,218,5,2801040064136396.5,1529928564173852.5,544000800000186.1,236844362830156.53,490266337132201.4,3,82,0.43537502670965833,3.1206070013354883
0x03842b4c71c18188191cad1cb9a8dab32d2eab7e,28,4,379944492063577.8,265250000000004.8,111500000004150.0,1501954258460.068,1692537800962.944,0,125,0.013470441779409559,156.7173269921031
0x03845ccfb1173f4810dab66664ce61564fd91ad1,1,1,1.10835,1.10835,0.0,0.0,0.0,0,1,0.0,0.0
0x03846bf20ade32e9b95d925fe47bd2279c5a88b7,9,3,4177085875103.282,2615639683710.5654,1280723095696.3584,280723095696.3583,0.0,0,68,0.2191910934062782,0.0
0x0384f296396564cdd310bb398e1dc8a98fb3b137,6,4,4.353376863730686e+16,1.2121463820460154e+16,9637000000000000.0,9645877902846804.0,1.2129426913999906e+16,0,8,1.0009212309688496,0.9993434897133878
0x03851f30cc29d86ee87a492f037b16642838a357,98,4,321238573991634.5,152215624251463.88,101435017234190.67,30023859763194.434,37564072742785.5,0,68,0.2959910746983567,4.052159766959726
0x03858ae8ecadc39ce9a3ab3fc6769dd8fece2d0f,1,1,1.10853,1.10853,0.0,0.0,0.0,0,1,0.0,0.0
0x0385d3a3ca20ddd25bfb20742fdcfc3ddbfb0c59,1,1,7623588524.169439,0.0,0.0,0.0,7623588524.169439,0,1,0.0,0.0
0x03867a6c590972095f2c82dedede42a62f46952a,75,4,7.923550790716779e+16,7.520015261654338e+16,4035355290461702.0,10013.244998,152684.03228900002,0,89,2.4813787825989276e-12,492521395257.65656
0x03873505d18421366d0fa6f27f49694d80dc1fbd,1,1,1.504262,1.504262,0.0,0.0,0.0,0,1,0.0,0.0
0x0387de98476d2ca45d092ee0cf7af798be4660a1,3,2,16000079307976.348,8000000000000.0,0.0,0.0,8000079307976.347,0,1,0.0,0.9999900866012331
0x03886228bb749eeba43426d2d6b70eba472f4876,33,3,2130186184896927.0,1740980257175584.0,387499753890840.0,0.0,1706173830502.8054,0,80,0.0,1020.4002816421824
0x0388efdfbd5f519f6c63319b5710d5231dd64868,10,3,8090025798827137.0,8090025798822738.0,3200.0,1200.0,0.0,0,73,0.375,0.0
0x03894d4ac41dd6c4c2f524ed4417c90fa46972c6,5,2,1200000000001.5989,1100000000001.5989,100000000000.0,0.0,0.0,0,33,0.0,0.0
0x038a122489ebd2bf9968e02d1203258b49e4832e,6,3,205100000000000.0,45100000000000.0,160000000000000.0,0.0,0.0,2,18,0.0,0.0
0x038ac1795d2c99b312e981e2992bfc45d0b3c73e,3,1,2974716320635455.5,0.0,0.0,0.0,2974716320635455.5,0,1,0.0,0.0
0x038b15767ebe38fc2002b8c597ec9054021dcf7c,51,4,1.700743662817227e+17,1.403933374953317e+16,7.0495000000131496e+16,7.048834702943694e+16,1.505168550262105e+16,0,50,0.9999056249280865,0.9327416352865204
0x038b7e904b21cf2be68d10dec84eb0e118333e3e,1,1,1.624526,1.624526,0.0,0.0,0.0,0,1,0.0,0.0
0x038c266d54f2a143b8604343bcaf28caba4e8939,29,4,3376972929103261.5,1090201323417043.8,490000000000300.0,450557030688462.44,1346214574997455.8,0,80,0.9195041442616053,0.8098273066305972
0x038ca2dcaf884d02dd1deae89bf23a7831fb1179,47,4,5928191818059280.0,3555487303138688.0,1100000000007300.0,1103758901084868.4,168945613828422.44,0,107,1.0034171827977667,21.04515898678237
0x038db6c62d0f072616e2b8db7d3d7cfc829f7f65,24,4,1794217882452810.8,1747082028807909.0,10008511471760.0,10010455305181.383,27116886867960.082,0,39,1.000194218034007,64.42782452554209
0x038e8cdb75c6677cfed6854e8b315066f9a909f0,18,4,2332530432200874.0,2330974423345471.5,963.7585690000001,963.981698,1556008853474.9736,0,10,1.0002315196016691,1498.0470182671504
0x038f1867a56cad72bce4c0a462a3fd4e4a4b3dd1,25,4,1502760391968017.0,501634669295437.94,779.186061,779.804399,1001125722671020.0,0,8,1.0007935691241787,0.5010706027581314
0x038f3ac9acc74b7918d9903d4429d36e57fb1fdb,2,1,1.204969,1.204969,0.0,0.0,0.0,0,13,0.0,0.0
0x038f41dd54f67016088bfceb81841cc1c51a159f,1,1,99400000000.0,99400000000.0,0.0,0.0,0.0,0,1,0.0,0.0
0x038fbb17eff0c348725c45e1109ef29041250d1d,2,2,21940.000099999997,10970.0,0.0,0.0,10970.0001,0,1,0.0,0.9999999908842299
0x0390969e6ddcc17e2ca8813d9f38e276b76c5113,33,4,390264375148391.8,170112332050663.75,70000000354489.0,70002042743239.07,80150000000000.0,0,61,1.000029176981996,2.1224246044998596
0x0390e1bdeefce3d6245ede5de9b3ce7b05be9a06,1,1,1.119118,1.119118,0.0,0.0,0.0,0,1,0.0,0.0
0x03917b0fc420092b18dcb24e719f44600211eb45,14,4,768355186018025.5,768355186016660.0,200.885345,202.107483,962.5544249999999,0,71,1.0060837588725051,798245965174.0316
0x03922322741e50ee5a589aedc9fc7ed74a3e1e32,58,4,2.118925172288114e+17,8.942774545603723e+16,1.65000000000673e+16,1.650153000006733e+16,8.946324177263952e+16,0,52,1.0000927272727287,0.9996032301546539
0x03925f072fd69b9427b3be238a41d70a946811d9,1,1,1.108391,1.108391,0.0,0.0,0.0,0,1,0.0,0.0
0x0392af17b9462b1e41d68c4c59bdf9a8289a52d9,1,1,5000036396.932768,5000036396.932768,0.0,0.0,0.0,0,1,0.0,0.0
0x0392c0d81934b52f64aa50c2cfbbcf28cd6141b2,13,4,1.0238172784288645e+17,7.39036823292889e+16,2.8463730263464628e+16,9315250132939.773,5000000000000.0,0,25,0.00032726736962149363,14780.736465857779
0x0392ea959f551f01d432e1fa26110ef69d55e4c1,52,4,3126257670695214.5,1522054765958331.0,50750000001280.0,42050171999726.82,1511402732735877.0,0,85,0.8285748177077092,1.0070477795174897
0x03933112dd553026128ee4b55831764c39aa1ad8,5,1,38529699109735.34,38529699109735.34,0.0,0.0,0.0,0,33,0.0,0.0
0x03936ba0a4fe117eb026e65b89661438017a07a3,1,1,1015262295742.8315,1015262295742.8315,0.0,0.0,0.0,0,1,0.0,0.0
0x03936fad73cfd65a108318d917a7d00af8f2b16d,71,1,260000000.00045004,260000000.00045004,0.0,0.0,0.0,0,23,0.0,0.0
0x0393931783b1d0ead3b8b0e0f44c1f23ec3c4af5,1,1,900000000000000.0,900000000000000.0,0.0,0.0,0.0,0,1,0.0,0.0
0x03939fefccb572f0279e788a71f5ad34a82a4379,2,1,2.058078,2.058078,0.0,0.0,0.0,0,7,0.0,0.0
0x0395183e0c76a1138913ce3df272ffc747f37237,2,1,64405.597154999996,64405.597154999996,0.0,0.0,0.0,0,5,0.0,0.0
0x03951f5c12a3b8c7fa09e115024d376077b17720,2,2,12500000000.00406,12500000000.0,0.00406,0.0,0.0,0,1,0.0,0.0
0x0396147f0b821aa0d2581f8e2dad0c9956255028,3,2,70000000000030.0,70000000000015.0,0.0,0.0,15.002003,0,4,0.0,4666043594313.039
0x039630fa4ad7f73738b1541dadf3bad89ffed668,5,1,66610437664059.6,0.0,0.0,0.0,66610437664059.6,0,1,0.0,0.0
0x0396b92e454cc2a7076fed1722393c1c4dbb14ea,1,1,1.830214,1.830214,0.0,0.0,0.0,0,1,0.0,0.0
0x03972ff1fbbc42f532dbfc16e0bfbeec5cb9007d,7,4,25606469575455.14,12800000000000.0,2383695482.775124,2384043946.051385,12801701836026.314,0,2,1.0001461861545566,0.9998670617353761
0x039803254c85a3cffca6c0f0822e09a306bbda2e,1,1,1.101809,1.101809,0.0,0.0,0.0,0,1,0.0,0.0
0x0398b107763c8e7fae5183241d383440ea3623da,13,5,317611390001188.44,217428600000500.0,100000000000150.0,182790000150.0139,388.39493500000003,2,20,0.001827900001497397,559813170582.4125
0x0399d85e70a77d0103e2f82efe37c3f3eb7d51cc,2,1,3000000000000.0,3000000000000.0,0.0,0.0,0.0,0,3,0.0,0.0
0x039a21771e9abbd63a8fdb42e60de6b558c1baae,1,1,1.300425,1.300425,0.0,0.0,0.0,0,1,0.0,0.0
0x039a285369490aa7bf4579207c547caf5fbdfb72,1,1,95000000000.0,95000000000.0,0.0,0.0,0.0,0,1,0.0,0.0
0x039a33aca90ecfc1b97f88de30264ebd84cc7c22,189,4,7449009299123070.0,5014295952052475.0,2434713347043043.5,12249.975473,15303.047974,0,56,5.031383052907473e-12,327666485825.03326
0x039a5ebc14114eb0ab9d7bf209049f0f904f78c9,1,1,3366683.67262,3366683.67262,0.0,0.0,0.0,0,1,0.0,0.0
0x039b0cac8f2257a805ae79431fc6daf67bd235fa,29,4,1637.2647749999999,508.748849,308.918646,309.97193300000004,509.625347,0,42,1.003409593475947,0.998280113018005
0x039b10e499e6b8e711cafc07123654a5b55852d2,1,1,1.10981,1.10981,0.0,0.0,0.0,0,1,0.0,0.0
0x039b27c7e5771ee0108c87b4162999bea4dd1831,18,4,3708433934301170.5,3708433934289421.0,4337.49735,1753.889923,5658.351544,0,69,0.40435527251676595,655391222240.6486
0x039bb7b830769fe8130ce5a40142fcd49a1452f3,1,1,1.0,1.0,0.0,0.0,0.0,0,1,0.0,0.0
0x039c19df683512cc6255bd549fed1de7d1804ba9,1,1,1031007635241.6179,1031007635241.6179,0.0,0.0,0.0,0,1,0.0,0.0
0x039c361579aef4e8df5f7bfe0950dd06af0b1276,1,1,2.079219,2.079219,0.0,0.0,0.0,0,1,0.0,0.0
0x039c5a62e2d28cc85729666dcacb98c1ae21e343,1,1,1.685553,1.685553,0.0,0.0,0.0,0,1,0.0,0.0
0x039c7320956110b7e9e350d382a354d6ace8d2c0,2,2,700000000000.0,500000000000.0,200000000000.0,0.0,0.0,0,1,0.0,0.0
0x039cab749f176fd208e1367b266ab766308e80f8,1,1,109200000000.0,109200000000.0,0.0,0.0,0.0,0,1,0.0,0.0
0x039cd2b882895757eb015f1447f68a5a5ff0737c,1,1,100000000000.0,100000000000.0,0.0,0.0,0.0,0,1,0.0,0.0
0x039e2604295ba89a83588107391aed3cce36b97f,20,3,6515003446698302.0,6515003446680704.0,17005.132233,592.985834,0.0,0,61,0.03487099223193673,0.0
0x039e2eeff82ec296c669f4aae063418afa8bcf02,1,1,1.784873,1.784873,0.0,0.0,0.0,0,1,0.0,0.0
0x039e8cb6cf84518696939ea80ff8e021b871fde9,107,4,153478339702849.78,94044617409794.92,59430355108644.49,3.272067,3367184407.062344,0,77,5.505716723412374e-14,27929.74961886418
0x039ec0b36450e9b2c5f59a3a6fe991469ac744f2,9,3,169688266553317.56,134688266553287.56,28000000000030.0,7000000000000.0,0.0,0,1,0.24999999999973213,0.0
0x039eda3933ce405c2ff54a93a7afa07c08030164,7,3,128489845290123.88,36155800273831.86,90395841776568.39,0.0,1938203239723.619,0,66,0.0,18.654287400214827
0x039f620be875aa9c3d70fe9cf27a7c9192a8001c,12,4,837.2967570000001,243.072367,185.0,185.32439,223.9,0,31,1.0017534594594595,1.085629151406878
0x03a0c2a422c4257440ec79aa0c96c472942082eb,1,1,3783888557.183655,3783888557.183655,0.0,0.0,0.0,0,1,0.0,0.0
0x03a151746661bea0942281ec949de76eb6b4f6f2,31,4,7000000000567.228,7000000000197.61,71.0,101.003007,197.61438600000002,0,2,1.4225775633802817,35422522326.87963
0x03a27a0bd8c8451480e04535690cf131423836e3,19,4,9316626796911094.0,5211826796902782.0,50000000004150.0,4163.373589,4054800000000000.0,0,48,8.32674717730888e-11,1.285347439307187
0x03a3cc4148619b60dda51612a4483ffe43435f34,2,1,1.297612,1.297612,0.0,0.0,0.0,0,1,0.0,0.0
0x03a3d0eb17509dc9fb2a892ac1eab68419deb19b,19,4,370580757844113.1,368602222705085.75,450.0,450.001907,1978535138127.4194,0,81,1.0000042377777778,186.30056934644514
0x03a493d043b71da48fd882161dae488abe112432,30,4,7135508414290135.0,1950000000003479.2,1616574286114232.8,1617727130609804.8,1951206997562618.5,0,63,1.0007131404386884,0.9993814097834587
0x03a4c3ec5f926cf6490d57ed7fd496d21004c63e,1,1,1.108006,1.108006,0.0,0.0,0.0,0,1,0.0,0.0
0x03a4e9e2c6cb51a8bbc82cffd76da057855cbe77,1,1,0.013143,0.013143,0.0,0.0,0.0,0,1,0.0,0.0
0x03a57e2f5e6e840a8a15a7650a89069a5427a95b,8,2,307902518753522.44,307899058080443.5,0.0,0.0,3460673078.8906116,0,38,0.0,88970.85944308461
0x03a5b7317c1fde03fa6ba0315ccd86fb8c6111f5,3,1,3027000000000000.0,3027000000000000.0,0.0,0.0,0.0,0,1,0.0,0.0
0x03a5bdbd5a37ee782e9203811d227342c3fcfb73,4,3,6755674244008.682,3477835563074.132,1000000000000.0,0.0,2277838680934.5503,0,20,0.0,1.5268138135433047
0x03a673e4a53120a0f6f57e49b202f38553917136,7,3,200000000002178.2,1293.861002,200000000000400.0,0.0,484.32336399999997,0,24,0.0,2.671481696266051
0x03a6e432e9a96e1141397ce2baf975c5ef333e5a,2,1,12334319410.499851,12334319410.499851,0.0,0.0,0.0,0,2,0.0,0.0
0x03a7628bb57509b55dbb38d35cffa94b68e2f132,2,1,2.2,2.2,0.0,0.0,0.0,0,6,0.0,0.0
0x03a81442b06c71f0b5850286dc36f99c6f449892,1,1,2.381176,2.381176,0.0,0.0,0.0,0,1,0.0,0.0
0x03a82ee7997c87e7c6bd227fd3af77a3f175fb91,3,1,3.3226e+18,3.3226e+18,0.0,0.0,0.0,0,4,0.0,0.0
0x03a8e1fc6077c4aec6b67e677f579708fd1d79bc,1,1,107800000000.0,107800000000.0,0.0,0.0,0.0,0,1,0.0,0.0
0x03a931c01eb8cf98dccdeecfb7c601c7a701e138,1,1,100000000000.0,100000000000.0,0.0,0.0,0.0,0,1,0.0,0.0
0x03aa372d3aed6587c493702899950009f895c76e,1,1,6751568276.31082,6751568276.31082,0.0,0.0,0.0,0,1,0.0,0.0
0x03aaab0b6729ec7ff3d23d34ae2249c4f0e7c9eb,14,5,983108359049799.9,21843528935.636135,403115442896121.56,579902236624732.8,68836000010.0,2,8,1.438551280641876,0.31732710983297785
0x03aad34b8d729c000e980d676b5012ce024e6ba4,2,2,28800000000.0,23800000000.0,5000000000.0,0.0,0.0,0,1,0.0,0.0
0x03ab5739cf27680d40bdfa8778a63a9239badc40,2,2,27900000000.0,22900000000.0,5000000000.0,0.0,0.0,0,1,0.0,0.0
0x03abccd9e326b65aa739fbc222a88783dfd01a8b,3,1,3.3000000000000003,3.3000000000000003,0.0,0.0,0.0,0,6,0.0,0.0
0x03abec9490d905b2e93c469e7f7409b085bfff8a,2,2,669000000000000.0,619000000000000.0,50000000000000.0,0.0,0.0,0,1,0.0,0.0
0x03ae6e3226c9fe470b638eaa1301965c613b8b6b,61,4,1.6239346565983987e+17,1.1043295162160154e+17,4.968325207598054e+16,2277261962237782.5,20011.834363,0,38,0.04583560590508786,5518382254141.663
0x03aece912e043486c58feb7ee838bc643800a066,2,2,39500000000.0,34500000000.0,5000000000.0,0.0,0.0,0,1,0.0,0.0
0x03af198dc04505a7210ae1e87d6d1d930f7a748b,13,4,3.0218360993650106e+17,51667787536357.69,1e+17,1.0045723806259018e+17,1.0167470408637458e+17,0,63,1.0045723806259017,0.0005081675722652208
0x03af63559532b015e76b2e70f6940304be09784f,4,4,3.7776000000006e+16,1.8888e+16,3000.0,3000.0,1.8888e+16,0,1,1.0,1.0
0x03afb65a1a79e2009632369e39662d985335c00e,2,2,450000000973.76184,300000000000.0,150000000973.7618,0.0,0.0,0,1,0.0,0.0
0x03afea88bde96d8970727d0ebfd30f6ba1e8cdb4,2,2,43000000000.0,38000000000.0,5000000000.0,0.0,0.0,0,1,0.0,0.0
0x03b09526217743c5b360a084ff4c53a252fa770f,5,1,25900000000000.0,25900000000000.0,0.0,0.0,0.0,0,13,0.0,0.0
0x03b16ab6e23bdbeeab719d8e4c49d63674876253,597,4,1.1606024244010872e+18,2.49290983498383e+17,3.310640000015363e+17,3.311930275297965e+17,2.4905441337137146e+17,0,142,1.0003897359068323,1.0009498732578523
0x03b22fab64e1cc7c11bc828c5f093bd7d70c4348,8,3,42954194063310.984,35874193845656.67,7080000217622.309,0.0,32.00591,0,22,0.0,1120861548559.5215
0x03b28bcd71d8dfbb71bf0d02bfca1e8bf49801b1,2,1,10000000008.558952,10000000008.558952,0.0,0.0,0.0,0,3,0.0,0.0
0x03b308b0091c8d1fec5406cff741352a2e66ae28,15,3,6284000000003931.0,6284000000000000.0,3931.0540969999997,0.0,0.0,1,68,0.0,0.0
0x03b45818b8a756efa4d2824fe19967c3d4c5b174,1,1,1.026618,1.026618,0.0,0.0,0.0,0,1,0.0,0.0
0x03b50207f389830139feca7fd0c340c1acb87cae,1,1,1.108139,1.108139,0.0,0.0,0.0,0,1,0.0,0.0
0x03b5a8ea2afbc9930f089836fdcd4863b4dd2b92,20,4,1495.347367,360.01995,260.975455,261.064414,613.287548,0,17,1.0003408711367128,0.5870328709168574
0x03b65bec52fc0458956e509c72088384c76e0c97,2,1,0.019112,0.019112,0.0,0.0,0.0,0,1,0.0,0.0
0x03b71fecdeb2185c5fdf464a836334291f552fbb,4,4,3.79824e+16,1.899e+16,1200000000000.0,1200000000000.0,1.899e+16,0,1,1.0,1.0
0x03b79d2f2b47661e29b11605b55e34e7ac5f011d,17,4,1769082611588782.2,129022714028.24007,441026565794645.06,882054873274419.9,445872149805689.0,0,1,2.0000039491614903,0.0002893715476162127
0x03b90ee77fc31114c5b5cbd363059db6066cca7d,86,4,1.8556007581789075e+17,9.345250313704304e+16,9.209837185646547e+16,4586002305682.591,4614822076559.256,0,115,4.979460780077455e-05,20250.510547682883
0x03ba32ace3739ccecb9bfa494138b07bab1c0306,1,1,4.99971,4.99971,0.0,0.0,0.0,0,1,0.0,0.0
0x03ba6269d28f72ddb9aee4d81392cafa63eb54b2,1,1,1.874913,1.874913,0.0,0.0,0.0,0,1,0.0,0.0
0x03baaf9745e06fa191a150be5688501cd210a274,4,4,1.159e+16,4899000000000000.0,896000000000000.0,896000000000000.0,4899000000000000.0,0,1,1.0,1.0
0x03baafc76f5bfff4b7e0ee99801621bcf98b48fc,1,1,3729800394.680985,3729800394.680985,0.0,0.0,0.0,0,1,0.0,0.0
0x03bb14808209bb0ee48687db7ca6591c76e37ffd,2,1,4206929275.920957,4206929275.920957,0.0,0.0,0.0,0,1,0.0,0.0
0x03bba88fca87ddd3ddcc4ee0efec1e046dd41a98,2,2,60000000000.0,50000000000.0,10000000000.0,0.0,0.0,0,1,0.0,0.0
0x03bc4c7bb35b0d8209c157b761da5beeb576cf2a,653,5,1.1822449735315822e+16,4279268018587422.5,6545495008089226.0,819394656080403.9,178292052558769.84,1,72,0.12518452081435522,24.001451310774836
0x03bcc3e7b883f353380babdb76bd914630954a09,214,4,1099976797024640.8,996199064968752.2,9337.703635,7952.365992999999,103777732038598.39,0,87,0.8516404357911493,9.599352822609697
0x03bcf88508b36ed7890230eacb0dd520ffa6e04b,1,1,97400000000.0,97400000000.0,0.0,0.0,0.0,0,1,0.0,0.0
0x03bd0c6e69bfd5edc3739a7003a9d28c58e57f80,34,4,3.999789022312822e+18,1.2308163335867008e+18,9.768e+17,7.928076887261206e+17,9.99365e+17,0,95,0.8116376829710489,1.2315983985697927
0x03bd66e09647f5fc607fd45059bee1c42f8bf9e8,3,3,100000000000.06,100000000000.0,0.03,0.03,0.0,0,4,1.0,0.0
0x03bd77990f28a2393792fa111e553f4665121c88,1,1,50000000000000.0,50000000000000.0,0.0,0.0,0.0,0,1,0.0,0.0
0x03bdad6e6eaf145eaa26265e3e85c0dd26f4603e,1,1,1.108427,1.108427,0.0,0.0,0.0,0,1,0.0,0.0
0x03be19182f725713377e75e52f6b873fda5c810e,1,1,5993663185.200944,5993663185.200944,0.0,0.0,0.0,0,1,0.0,0.0
0x03bf7fd823908e56c8785e4c7ebfc46fc6a6e41b,175,4,7.577831611899684e+17,3.413984420882411e+17,3.010050000008485e+17,9.103032683404341e+16,2.434939226683549e+16,0,98,0.30242131138614575,14.020819835952732
0x03c04b194242507de3d845887c6c36bdcf3121df,83,4,1975962819709569.0,1975712819691715.8,250000007825.0,3147.205763,6880.929435,0,148,1.258882265796985e-08,287128772116.4831
0x03c11dbb42b450d87352c76e034f2dcaaa65c039,1,1,0.000785,0.000785,0.0,0.0,0.0,0,1,0.0,0.0
0x03c1f86a157ef2f7baaa6fa37351833d7833c4e9,9,3,2.9566152203022756e+16,1.5557860362609788e+16,1.3998598703406622e+16,0.0,9693137006344.562,0,4,0.0,1605.038735388401
0x03c2bfd2509de9b13d0124015077e100a292336d,2,2,14900000000000.0,10000000000000.0,4900000000000.0,0.0,0.0,0,1,0.0,0.0
0x03c383f45deeb131f370304336603fda77eb9620,19,4,4086736664517043.5,1085008441263113.8,1000000000002000.0,1000424097177936.5,1001304126073993.2,0,10,1.0004240971759357,1.0835952963834437
0x03c3960a62a174de58fd3e14eeaba401e672019e,1,1,3613577803.95205,3613577803.95205,0.0,0.0,0.0,0,1,0.0,0.0
0x03c39bef89e5efd1db481b957f31fc3c86e7a361,1,1,1.015934,1.015934,0.0,0.0,0.0,0,1,0.0,0.0
0x03c47aaa883fd00096eca1f3c9e2bf470d772749,5,2,1475379784281362.8,737621068546577.2,0.0,0.0,737758715734785.5,0,6,0.0,0.9998134251954297
0x03c48ba8fcd46b9b4419cd57063978769efb8de8,34,4,3.0362958425069388e+16,2.0391892052603508e+16,9958948158417530.0,4972697012860.345,7145517035488.292,0,21,0.0004993194997864617,2853.802174332094
0x03c4a4c6878eb4b4284d945f46a7b35f0aac2cb2,1,1,1.209571,1.209571,0.0,0.0,0.0,0,1,0.0,0.0
0x03c559e75e6f0340dd23559fb19758584a3774a0,22,4,187624902792274.5,64725035998095.88,29000000000000.0,29098060602408.652,64801806191769.96,0,16,1.003381400083057,0.9988153078102964
0x03c5c835b457a754d82a5aa92f684743edc9b4df,8,3,90000000000259.69,60000000000129.67,30000000000000.0,0.0,130.01586500000002,0,27,0.0,461482142968.70355
0x03c65122e67c382ac316312ec5ffc1efdd1df219,4,4,1.2666000000000002e+16,5222000000000001.0,1111000000000000.0,1111000000000000.0,5222000000000001.0,0,1,1.0,1.0
0x03c668a2535eda70883f763786b3d7b4468b2f94,1,1,6022168721.028112,6022168721.028112,0.0,0.0,0.0,0,1,0.0,0.0
0x03c8292158075a6138358d82d4cdea20aeac3a69,4,2,600.000406,300.0,0.0,0.0,300.000406,0,1,0.0,0.9999986466684981
0x03c855665161246a40a02869c7879f8d99683bf5,1,1,3497442796.588422,3497442796.588422,0.0,0.0,0.0,0,1,0.0,0.0
0x03c860ca0b89eb6669102657b218372e4fc0e460,23,4,5623245000004575.0,3200245000002214.5,2423000000000990.0,680.0,690.176885,0,10,2.806438299627413e-13,4636847552496.943
0x03c96842b6bc662b7ae40d619a77c9122643daac,2,1,8051510394.055953,8051510394.055953,0.0,0.0,0.0,0,8,0.0,0.0
0x03c9968a489fb4cb22b4ad00b4033710f258dcea,2,1,1521306597736000.2,1521306597736000.2,0.0,0.0,0.0,0,1,0.0,0.0
0x03ca081447f5bf2994cd1ad08fc63d9ef02578b8,2,1,3000000000000.0,3000000000000.0,0.0,0.0,0.0,0,1,0.0,0.0
0x03ca33e1e242e18658e5071e758d87edfb19018c,1,1,94600000000.0,94600000000.0,0.0,0.0,0.0,0,1,0.0,0.0
0x03caaa7a6e8053ca69981975c38c5273e3fc0ebd,1,1,100000000000.0,100000000000.0,0.0,0.0,0.0,0,1,0.0,0.0
0x03cad3d3c97118cc6854b7cf2ff90b23d0046989,1,1,109000000000.0,109000000000.0,0.0,0.0,0.0,0,1,0.0,0.0
0x03cb6ca80bf0c60407a3c55a4c6abb8611214226,1,1,3916839605.976487,3916839605.976487,0.0,0.0,0.0,0,1,0.0,0.0
0x03cb9cf3a13e90c03f8009c5eddc28464c9db623,3,1,100447121000.0,100447121000.0,0.0,0.0,0.0,0,2,0.0,0.0
0x03cdaf6b506c8477881ecc9fd71fb4d5cd1ba852,1,1,2500000000000.0,2500000000000.0,0.0,0.0,0.0,0,1,0.0,0.0
0x03cddb901b84f7e4d49350fedf0b764ab6fcfe73,1,1,1501425266717.534,1501425266717.534,0.0,0.0,0.0,0,1,0.0,0.0
0x03ce47abe931e23bf221eb5453c1e03a4f60d949,115,4,9193040041014562.0,2882540009309550.5,1958590971564290.5,1914280025909194.5,2437629034231526.5,0,60,0.9773761105312838,1.1825179175461717
0x03ce7a47e2cd8a444db1213421146e31b4a3b646,2,1,2.0209770000000002,2.0209770000000002,0.0,0.0,0.0,0,8,0.0,0.0
0x03cf6b13394978c0bd6f9ff7b1909aed5757bb0a,2,1,12808208636.869095,12808208636.869095,0.0,0.0,0.0,0,2,0.0,0.0
0x03d09b36307c9813266d5ff7a87d0c19ba7060dd,1,1,6748768645.05781,6748768645.05781,0.0,0.0,0.0,0,1,0.0,0.0
0x03d0aea80f01212181388158dabd6fa2e0a5fc68,1,1,1.171123,1.171123,0.0,0.0,0.0,0,1,0.0,0.0
0x03d11a35efea67f3b98dcb9d3ddad6b15cdb43f6,77,5,1.4315352739083516e+16,1.4306526467150754e+16,16114.318098999998,3885.5596900000005,8826271912761.592,3,82,0.2411246734815993,1620.9025292394922
0x03d225884a6f01eb076ebb6a1081e1bfced8cb7d,10,4,7431.166939000001,2347.310569,1367.848469,1368.263882,2347.744019,0,4,1.0003036981138003,0.9998153759538978
0x03d40203c75409cbcfc25165378ae937c82d47e5,2,2,532.141756,266.070826,0.0,0.0,266.07093,0,1,0.0,0.9999996091267844
0x03d541062bdcbb8475804cff4cebf10ab3cfce9a,1,1,1.049934,1.049934,0.0,0.0,0.0,0,1,0.0,0.0
0x03d59b1566576e7b64e7c43fcc3fff5ecd4c1b43,4,4,1.18000000000014e+16,5900000000000000.0,700.0,700.0,5900000000000000.0,0,1,1.0,1.0
0x03d6421aa63fa0f28292a577e4bf399e3029b7db,2,1,51148698279.27106,51148698279.27106,0.0,0.0,0.0,0,8,0.0,0.0
0x03d73605dac2453b0639945fe8c813b58517156b,1,1,0.01,0.01,0.0,0.0,0.0,0,1,0.0,0.0
0x03d78f90e254f783e6e9fdc9191cfc648f3f3464,2,1,12790522326.71434,12790522326.71434,0.0,0.0,0.0,0,2,0.0,0.0
0x03d813abfba88e76407d09ef92e05f164ac1a985,204,4,5278370444748987.0,1232264656619056.0,2002000000042307.5,2002236772483501.0,41869015604123.48,0,27,1.0001182679526417,29.43142175278886
0x03d84a077028f62e185c07ef4e881ec785e33d3f,2,2,110000000000.0,100000000000.0,10000000000.0,0.0,0.0,0,1,0.0,0.0
0x03da374dfb5653720cb928feb440bf8503c12944,2,2,150000000376.9034,100000000000.0,50000000376.903404,0.0,0.0,0,1,0.0,0.0
0x03da802c42126ad4348eb2c386f0a4653293fbf6,1,1,9.3e-05,9.3e-05,0.0,0.0,0.0,0,1,0.0,0.0
0x03dac56ab6aedc2dd65a87abb0e387f4cce8d7f0,1,1,90408700213249.4,90408700213249.4,0.0,0.0,0.0,0,1,0.0,0.0
0x03dbe29551a5ffd8c8eadb1951e0f60d44ee45fa,1,1,0.098608,0.098608,0.0,0.0,0.0,0,1,0.0,0.0
0x03dca0e82c9fd8876245ee54997dd4af73849fd2,6,2,651170.2010270001,25.0,0.0,0.0,651145.2010270001,0,61,0.0,3.8393894265932494e-05
0x03dda9a1e37e1be2585dfa97167ffe9e8078c836,5,3,240000000800.00067,240000000000.0,600.0,200.000677,0.0,0,29,0.33333446166666664,0.0
0x03dde38028cc5a59b8d85930ff8f5fabbd6e2dbe,13,4,18956536075229.176,8018240846706.907,5389414542127.455,2775484893873.589,2773395792521.223,0,23,0.5149881999572397,2.8911275009246804
0x03de28456f987281df43137f0a281152be77aae4,1,1,2000000000000.0,2000000000000.0,0.0,0.0,0.0,0,1,0.0,0.0
0x03dea457e4fde7b1a60c378f8fc033b3022a3776,1,1,1300000000000.0,1300000000000.0,0.0,0.0,0.0,0,1,0.0,0.0
0x03df1d103b69ddfc068913a7c554ed04cd6e0529,1,1,1.023051,1.023051,0.0,0.0,0.0,0,1,0.0,0.0
0x03df1de3f2b9c9113a431eabc78264a01a2c2d50,14,4,1830000602308960.2,575000000005200.0,340000000004000.0,340000366547823.7,575000235751936.6,0,7,1.0000010780700697,0.9999995900058435
0x03df75063e6b738f4e7e436eabb396d90189d07a,1,1,1.109912,1.109912,0.0,0.0,0.0,0,1,0.0,0.0
0x03dfcc1e559574c4e58bf1c9f8e785e4093c7fad,1,1,1900000000000.0,1900000000000.0,0.0,0.0,0.0,0,1,0.0,0.0
0x03e03279f11cfca9f44bcfdb41d767af0e71a1a6,1,1,962583051.289897,962583051.289897,0.0,0.0,0.0,0,1,0.0,0.0
0x03e0419a8903edd0d07def92bb70a67b85ac9e07,3,1,3798670000000000.0,3798670000000000.0,0.0,0.0,0.0,0,1,0.0,0.0
0x03e087630a227e4dfc5ac321d40098c7c12235de,2,1,2.107118,2.107118,0.0,0.0,0.0,0,5,0.0,0.0
0x03e08a0f18c2b5edb385f4dfe2f5a2b525bc0878,4,4,3.770400000000402e+16,1.8852e+16,2009.0,2009.0,1.8852e+16,0,1,1.0,1.0
0x03e0f0bfcb1f5efaf9271e8270ead66139e27906,5,2,13200052150782.033,6600000000000.0,0.0,0.0,6600052150782.033,0,1,0.0,0.9999920984287939
0x03e236ad091a944b04e0311d329161c2a15d6012,2,1,52036.167608,0.0,0.0,0.0,52036.167608,0,2,0.0,0.0
0x03e2c5ba88b9eb75a6f698864eebdee83f94b870,5,1,100070590000000.06,100070590000000.06,0.0,0.0,0.0,0,1,0.0,0.0
0x03e2c61111ce494af41e66432fa5e55f1e767ff6,2,1,2.149911,2.149911,0.0,0.0,0.0,0,7,0.0,0.0
0x03e33fc1d842a745c18313d5bb6023ab34001ab1,1,1,1.055581,1.055581,0.0,0.0,0.0,0,1,0.0,0.0
0x03e494ce05a440729ab5fef38d46a84406e54501,9,4,1680976846581717.0,1052170807764950.0,188317561842405.0,188317598336931.9,252170878637430.2,0,46,1.0000001937924776,4.172451686135238
0x03e4c2f13d937db549d35f606fc74a1034de362b,30,4,2.064535868040007e+16,5568136740972185.0,4092115224337797.5,4351786439825408.0,6633320275264682.0,0,84,1.0634564769689816,0.8394192515828743
0x03e63aa6633060b6a2b9501133e44ce9c3411af7,1,1,3718863860.530667,3718863860.530667,0.0,0.0,0.0,0,1,0.0,0.0
0x03e6600a4e769da460ae567b936431590580b6d6,2,2,110000000000.0,100000000000.0,10000000000.0,0.0,0.0,0,1,0.0,0.0
0x03e74a2771684a6efd616804ef186ab2f4db85c9,1,1,1.108005,1.108005,0.0,0.0,0.0,0,1,0.0,0.0
0x03e88cec58a29c52e27f0751bf47e52202c0a1e4,2,2,162.564193,81.099079,0.0,0.0,81.465114,0,38,0.0,0.9955068497172913
0x03e94fea140cdef59f28a97e8a465cc2457c045f,24,5,4939881189989456.0,4348898175226841.5,590758101075174.1,110073105137.62672,114840582303.03227,2,73,0.00018632517258298232,37869.00142800836
0x03e9775b691771c87eb92b00e4ef30a54b23ff4d,1,1,0.000988,0.000988,0.0,0.0,0.0,0,1,0.0,0.0
0x03e9a17304a1c1fe229965616b7dddcd96579a29,27,4,3.9234537583661016e+16,3.401501120773147e+16,5219526375906054.0,19412.910608000002,4077.963499,0,124,3.719285852757115e-12,8341175985531.172
0x03ea93102dbd5cecf952b6715d591bf58b6a657b,7,4,1.0000000000051056e+16,15527.733746,1.000000000001e+16,10000.000357,15528.642619,0,1,1.000000035699e-12,0.9999414711882874
0x03eaa0e51a8017252367fefa7b1d28bdfde41b30,1,1,900000000000.0,900000000000.0,0.0,0.0,0.0,0,1,0.0,0.0
0x03eb284b79b93e3e6813ea28c210d3a08a9eaff2,12,4,8778.091512,1999.976502,1592.529686,1593.105683,3592.479641,0,78,1.000361686821328,0.5567119933471044
0x03eb2f2d7eeab4b9cbb59bd58cedbe2d30948562,75,4,7867621094485005.0,6493867119854315.0,720000000005075.0,375007609412779.56,278746365212834.53,0,7,0.5208439019585226,23.296688065855047
0x03ec48dd1ed16b6b413da809d917a2abfb039f19,1,1,1.106527,1.106527,0.0,0.0,0.0,0,1,0.0,0.0
0x03ec904145016da8c1eeeb95d816b39bc89b7882,2,1,0.9933730000000001,0.9933730000000001,0.0,0.0,0.0,0,8,0.0,0.0
0x03ecd5763053a58a82827a9b0bb2f5199e82fee8,5,2,14314881368.798023,14314881356.32859,12.469433,0.0,0.0,0,33,0.0,0.0
0x03ed2737bdcd5fff30c7a6d6ccdfb22f927aa3b6,1,1,517252524.607713,517252524.607713,0.0,0.0,0.0,0,1,0.0,0.0
0x03ed358b4ea92c6ff41ebf5f0f8f22847b993d2f,138,4,6627225673615304.0,6627225673604308.0,3260.0,3262.498929,4473.451752999999,0,120,1.0007665426380368,1481456834570.7402
0x03ed48f46e34f439a295c91e5b84b76b460503f1,1,1,1.110665,1.110665,0.0,0.0,0.0,0,1,0.0,0.0
0x03ed59ea7ee4270b74391777188e4800ec757f4f,1,1,9.954945,9.954945,0.0,0.0,0.0,0,1,0.0,0.0
0x03ed605452a6ac3a4bcf34d752a9965fa0f1f726,3,2,998484286595963.1,21.513528,0.0,0.0,998484286595941.6,0,41,0.0,2.1546185842688096e-14
0x03ed8fc96cb7e825665b11c253370e16ebd04aa6,1,1,1.049207,1.049207,0.0,0.0,0.0,0,1,0.0,0.0
0x03ee8da73fb9ac917e03348e5a498699e4a846eb,19,3,4056701955100602.0,1533483677608917.8,1000000000001600.8,0.0,1523218277490082.8,0,61,0.0,1.0067392837064364
0x03ef433cfeb13c0ed1242557fbdbd716478fddc4,20,4,784469299042799.8,240693704029790.6,151000000000000.0,151707015788687.47,241068579224321.72,0,44,1.0046822237661421,0.9984449437760103
0x03f03037ea887b1adb81512920b126e2becb970c,2,1,1.124265,1.124265,0.0,0.0,0.0,0,7,0.0,0.0
0x03f051a717418abd22fb4a086f2b600ae20c4f37,1,1,1.108962,1.108962,0.0,0.0,0.0,0,1,0.0,0.0
0x03f16156ae491cd53474aa12d8c4d0a3ef906839,3,2,14671.846188000001,4919.225676,0.0,0.0,9752.620512000001,0,9,0.0,0.504400398841234
0x03f2b3ff6c8dd252556a0e15b60f9d1618dddf3b,4,2,6645238044441344.0,6645238044441043.0,0.0,0.0,300.795665,0,18,0.0,22092200179949.547
0x03f2c10fa31be77d666ee1e326e3a1178c425974,65,4,3242060621821027.5,1614184179955780.8,927.192409,929.2776130000001,1627876441863390.5,0,19,1.0022489442102411,0.9915888813453578
0x03f44e563dd447449f48f8103b5df70aff7cf577,87,2,4697191076560872.0,2970157300099786.0,0.0,0.0,1727033776461086.5,0,78,0.0,1.719802670093702
0x03f48fd514cf27adcfe88de81b8efab7b6a5a354,2,1,39475208228.022156,39475208228.022156,0.0,0.0,0.0,0,20,0.0,0.0
0x03f4ac46922f745a7088e92df0a9b37f299e5614,23,4,4.0263288343167565e+17,1.5066277000496573e+17,99900.0,100491.61452599999,2.5197011342650957e+17,0,42,1.0059220673273273,0.597939049024989
0x03f5168a0395d5314e352199e4ef81e6efbcc6f8,2,1,2.680992,2.680992,0.0,0.0,0.0,0,5,0.0,0.0
0x03f59fa8a044288a6c3a2ec169ca9bcdf2900bb8,2,1,13708774974.440323,13708774974.440323,0.0,0.0,0.0,0,1,0.0,0.0
0x03f5c2747f164d5ff2e52161190b077c7219070a,20,4,1070801526299644.0,40000000001890.766,250000000000000.0,250052062684100.75,530749463613652.5,0,18,1.000208250736403,0.07536512562734853
0x03f8420b1754b086ed30543f071fbd8282c5fa84,48,4,1594680576999957.5,594108467631745.4,500000000002338.75,500152109365873.2,420000000000.0,0,55,1.0003042187270674,1414.5439705517747
0x03f8d481becf0463bf1f201fecf4095503730267,2,2,617500006580.0,500000000000.0,117500006580.0,0.0,0.0,0,1,0.0,0.0
0x03f90f638fc2c73e43008e66e11e554a8de746ae,3,3,141589754849149.03,141589754849088.94,60.080974,0.0,0.0,1,63,0.0,0.0
0x03f93793e6f54a78d3839febd2c80e2ac48f56f7,2,1,5558.0256,0.0,0.0,0.0,5558.0256,0,2,0.0,0.0
0x03f938f62fbe032d3197b4f74fa4c228de73088c,83,4,9.074969900264651e+16,3.073235897501987e+16,5.30000000000287e+16,26995.167781000004,7017340027570953.0,0,51,5.09342788320479e-13,4.379488360870815
0x03f9bb84628bd284686819a5ba7ab5c0193145e6,4,2,750000001104.3706,500000000001.1025,250000001103.2682,0.0,0.0,0,23,0.0,0.0
0x03fab311c59c739cb4fcceb55eb30c3f92c76e67,3,2,681070401676.0756,681070401216.8457,0.0,0.0,459.229865,0,72,0.0,1483070795.530351
0x03fb85f237f9e6c5f5a79a61cb86d960494bc096,1,1,5120092038767.3,5120092038767.3,0.0,0.0,0.0,0,1,0.0,0.0
0x03fbf19bd2fa6b98ceb9108f5a15159d557f1acb,1,1,6647859651.460662,6647859651.460662,0.0,0.0,0.0,0,1,0.0,0.0
0x03fd7415fdeac10d734542a755a7d7ac1c488ddf,3,1,50191.970502,0.0,0.0,0.0,50191.970502,0,20,0.0,0.0
0x03fde9f49e46f4b0518a26bfc8bd29569dbc40c2,11,3,3769458909656309.5,0.0,800000370477843.6,1600001782006843.2,1369456757171622.8,0,1,2.0000013013133424,0.0
0x03fe5965c7d96414e4b3d09642994c29552711b2,15,4,1835271580712725.5,1248882315714679.5,231812355280.0,157452642464.07108,586000000000301.6,0,68,0.6792245489844068,2.131198490979585
0x03fe5a59e119f650bac91327ef5da1a4245e1adb,1,1,4764709566.714847,4764709566.714847,0.0,0.0,0.0,0,1,0.0,0.0
0x03fe76bddaabd0288b14fb9b9929922ad7159ee7,12,3,4851425636878986.0,3662803399141692.0,1188622237736739.5,554.59263,0.0,0,80,4.665844306059779e-13,0.0
0x03fe94c26b4cb0f29d95e1f6c369e7a8b23ef93c,2,1,1.199958,1.199958,0.0,0.0,0.0,0,7,0.0,0.0
0x03fea6d1200151733eff25c94d9a9427b61736a6,4,1,1222518012074.1208,0.0,0.0,0.0,1222518012074.1208,0,1,0.0,0.0
0x03fef33df5b760df1bb3d4d5aedf69402b48cdc5,8,4,1223076130001.1597,561535332173.4977,50000000400.0,50000130434.28702,561540666993.375,0,29,1.0000026006857194,0.9999904996731477
0x03ffb5f525be3ca2431cb97415c509566bc42b8a,1,1,108600000000.0,108600000000.0,0.0,0.0,0.0,0,1,0.0,0.0
0x0400083c67fd63db5f1ae087efd9583430b663cf,101,4,6.2834806387281816e+16,6.262583563994711e+16,200000000038500.28,16938.970225,8970747279245.783,0,125,8.469485110869613e-11,6981.1169226486545
0x040020bead45659c621ee4c6e8a8f326ca469693,11,4,1.0608055815122778e+16,2890971040391377.0,900000000000000.0,900716111476485.9,5916368663254915.0,0,7,1.0007956794183177,0.4886394349200168
0x04002cbd1cc19cb7cb1f819fc7ef410b59f8a22d,1,1,1.108706,1.108706,0.0,0.0,0.0,0,1,0.0,0.0
0x04007f94d19462042fd84e93fcec9a5b05cf5db6,5,4,971085842048279.8,971085842047751.4,450.0,78.352616,0.0,1,19,0.17411692444444443,0.0
0x04008507db2ab8b2bf5410905d4b146ea8009c2f,1,1,1.107874,1.107874,0.0,0.0,0.0,0,1,0.0,0.0
0x0400fa459b58b8c1d14e091548d6f2134b12149e,3,2,3138228143592.522,1569064243010.2605,0.0,0.0,1569163900582.2615,0,28,0.0,0.9999364900174137
0x04017f70e7299e9cbe9355780b0f7a261eccb163,1,1,1.10964,1.10964,0.0,0.0,0.0,0,1,0.0,0.0
0x0401ffb0487392af87f970add6a86cc6ae8bb2c4,4,2,39586.000254,19793.0,0.0,0.0,19793.000254,0,1,0.0,0.9999999871671805
0x0402f615b6aa30ece82c93396db6432d4974b1fb,4,4,302120000000000.0,102060000000000.0,49000000000000.0,49000000000000.0,102060000000000.0,0,1,1.0,1.0
0x0402f94bc9a7e2ef2cb01be155ea111c7070607e,6,2,17769885421059.215,1500000000000.0,0.0,0.0,16269885421059.215,0,18,0.0,0.09219487176341441
0x04051690556ba5b2362266e000baec4af64aab39,3,1,9504903700.176525,9504903700.176525,0.0,0.0,0.0,0,9,0.0,0.0
0x0405c2898a3dee1ef160f0b5f97b0e1475f2024e,9,3,278616895335205.47,107557969368000.0,170000000000000.0,0.0,1058925967205.4735,0,31,0.0,101.5726997911361
0x0405e13dc7a586cc2c371f531e90ae50cf49beec,88,4,3.6898254240542605e+17,1.1042556368036699e+17,8.248200000009416e+16,7.09973051132268e+16,1.0507767361173814e+17,0,47,0.860761197754004,1.050894637127096
0x0405ebbc9e52146fb123626c508b621975dd6645,2,1,9816676346.939327,9816676346.939327,0.0,0.0,0.0,0,8,0.0,0.0
0x04063f483786be70695cccd10ae7ef4c7f6224e3,26,4,491707875038010.9,244100611049.9286,491109830000990.0,109834366671.79482,244110059299.13257,0,38,0.0002236452214193583,0.999961295125522
0x0407836c37a664c39a5d664ad320f3835866599b,1,1,3508538684683449.5,3508538684683449.5,0.0,0.0,0.0,0,1,0.0,0.0
0x040819d924238c97c81013bdf75ec99bbfd1498b,1,1,5.0,5.0,0.0,0.0,0.0,0,1,0.0,0.0
0x040887454f6f08dc089d8c5671df51da5057a4bd,123,5,870704217722955.4,393680703493948.3,119210840923030.48,91019288204532.31,266793385101444.28,1,107,0.763515192911857,1.475601440958729
0x0408c8e4e0d9c052840655dbe768c743d4bd1f2b,4,4,4.20040000000047e+16,2.1002e+16,2356.0,2356.0,2.1002e+16,0,1,1.0,1.0
0x0409b96fbf7988e5d186a350c018acc48cbf59b2,61,4,2728284191351721.0,1400922411723667.0,1009828314441782.8,50021163846786.95,267512301339484.12,0,7,0.04953432492575519,5.236852304394925
0x0409ba23f21c66fe37f3e4ed3db81417f0185ba9,1,1,1.108325,1.108325,0.0,0.0,0.0,0,1,0.0,0.0
0x040b97d0bb1de0b75b3a55b7307288df69817cd2,1,1,14921.90786,0.0,0.0,0.0,14921.90786,0,1,0.0,0.0
0x040be472268e720f945eb95a0e71445a0f07aa3f,3,1,3.020842,3.020842,0.0,0.0,0.0,0,8,0.0,0.0
0x040c1749900642febd1cec7955633923ac1d8666,53,4,2348692015672954.5,1573692015666675.8,2380.006736,1811.3554709999999,775000000002087.6,0,72,0.7610715732865052,2.030570342790241
0x040c2b92511c6de1be3e47d67038c2a49ea6fef2,3,2,2250000000.0,2000000000.0,250000000.0,0.0,0.0,0,1,0.0,0.0
0x040c67d6c0f2e7035e4b39d2ffbcce1741b697ae,2,2,28400000000.0,23400000000.0,5000000000.0,0.0,0.0,0,1,0.0,0.0
0x040c90a431d22d89b40cf822d9e49726192e96aa,1,1,1.024614,1.024614,0.0,0.0,0.0,0,1,0.0,0.0
0x040cc4bff13c6baecc8f49d56b10012e2715fb0c,30,4,4.1587571441879864e+16,1.088621657308966e+16,9902000000014058.0,9902006942731194.0,1.089734792604495e+16,0,1,1.0000007011429142,0.9989785264239672
0x040cfafb31e58ae30572b2ac101bb08db102d100,1,1,15.0,15.0,0.0,0.0,0.0,0,1,0.0,0.0
0x040d6031a5e6526bdbe579b8e3083bb6ff596920,5,2,596.179359,234.062009,0.0,0.0,362.11735,0,13,0.0,0.646370600580171
0x040da40b0e3b28a2c289e3891e193a52982cddc0,16,2,365025090276930.8,334760318276227.5,0.0,0.0,30264772000703.31,0,58,0.0,11.061055350704383
0x040df4fd17862caf41045d1c7e7ca420322617d4,172,4,1.960132867267607e+18,8.0107547091116e+16,1.1320235000013676e+18,7.479591201751226e+17,42700000000900.67,0,97,0.6607275557214307,1876.054966965487
0x040e07a1623f39d6161be7337a8810328e79b97a,9,4,45900000279.76951,45900000079.81376,80.0,40.023672,79.932082,0,31,0.5002959,574237514.2913675
0x040e103f9f502881ffddc3594dae2687714cb602,2,2,21634.000098,10817.0,0.0,0.0,10817.000098,0,1,0.0,0.9999999909401868
0x040fa9bbed1f3cbae34ec655f9c49e25532cab72,77,4,76534398031424.38,75530825535677.02,2685.5290880000002,130.546075,1003572492931.3029,0,25,0.04861093316148806,75.26195274151192
0x041006fc4216131cf29155827687a853583b7175,1,1,6419726198.539703,6419726198.539703,0.0,0.0,0.0,0,1,0.0,0.0
0x041065dc6b855ba2a436c564ab0c9fa62a9803b7,2,2,4000000020.0,20.0,4000000000.0,0.0,0.0,0,1,0.0,0.0
0x0410969668905820f97a193a62400692b7f792cb,3,2,1830000018276.0,1830000009138.0,0.0,0.0,9138.0001,0,25,0.0,200262638.33571202
0x041126e47a90d0c19919a140e9c421076a762f77,1,1,1.108585,1.108585,0.0,0.0,0.0,0,1,0.0,0.0
0x041143d6d24b8284ec22182f23b7f46b291993bd,2,2,240.03191099999998,120.0,0.0,0.0,120.031911,0,4,0.0,0.9997341456973055
0x0411731be3b7cba409ede437472b75004353d81a,1,1,0.00079,0.00079,0.0,0.0,0.0,0,1,0.0,0.0
0x0411c92f02c35dcf4ce18dd23b314e0fb5e5119f,3,2,1000600000001.0,600000001.0,1000000000000.0,0.0,0.0,0,23,0.0,0.0
0x0411e650dff0c6680c9e147f2413e0480718aa27,3,1,4379864458661.8237,0.0,0.0,0.0,4379864458661.8237,0,1,0.0,0.0
0x041272acd1e47bf948be68d37be37a95c698c75d,1,1,100000000000.0,100000000000.0,0.0,0.0,0.0,0,1,0.0,0.0
0x04134352a8ec8229ecf1dc81edee8ede5d8b5270,1,1,1.121575,1.121575,0.0,0.0,0.0,0,1,0.0,0.0
0x0413813b47562aadb9228778eaaa78f0c5f3e584,1,1,90100000000.0,90100000000.0,0.0,0.0,0.0,0,1,0.0,0.0
0x0413d2c3e315749b7f3277fce702e1b4c7bca05a,2,1,2.2,2.2,0.0,0.0,0.0,0,6,0.0,0.0
0x0413d439285764e6469c06af90a2dcdc68a0ffca,1,1,9535.989066,0.0,0.0,0.0,9535.989066,0,1,0.0,0.0
0x04141280b93967bd4bca7f18de60bb1305609526,1,1,1.609915,1.609915,0.0,0.0,0.0,0,1,0.0,0.0
0x041461ca50137f4c93e312883eb9d6aa39fad454,1,1,1630066268.228532,1630066268.228532,0.0,0.0,0.0,0,1,0.0,0.0
0x04154fcfbb3dad4e2f3096e5b8952cd601e53c02,2,2,39200000000.0,34200000000.0,5000000000.0,0.0,0.0,0,1,0.0,0.0
0x041596ce81fc702436a302f4963181ec2ab3b7dc,1,1,1.772807,1.772807,0.0,0.0,0.0,0,1,0.0,0.0
0x0415a37766ef8a945c1a38dd839c8b1f4feaecaa,649,4,7.32723368564643e+17,3.8718256100299034e+17,3.28461555650586e+17,1.6995003391243926e+16,84248519822737.34,0,74,0.05174122541550353,4595.7194478625825
0x04164fbde8054cfa924a7ac4c7c4bbc33e605703,1,1,1.032069,1.032069,0.0,0.0,0.0,0,1,0.0,0.0
0x0416889106cb47a1cc0c3cc37d064f2d2af8d124,3,2,1015494891609.7463,507697831247.04236,0.0,0.0,507797060362.7039,0,28,0.0,0.9998045890309197
0x0416aa2837f812cbd6432c4b4b024bccba7a15b7,1,1,1.016483,1.016483,0.0,0.0,0.0,0,1,0.0,0.0
0x0416c2fe328fff0fd6039554c75c3d3fb2db94c4,6,3,11405669188325.865,11405669142278.023,30077.0,15970.840855,0.0,0,29,0.5309984657711873,0.0
0x0417b1639b07f21535494bef99e086c785675d5f,4,1,19587872913.307606,19587872913.307606,0.0,0.0,0.0,0,6,0.0,0.0
0x0417beec20510b679ec207a0ee12720ee924b772,15,3,2447292421835207.5,2047292421832957.8,400000000001750.0,500.0,0.0,0,27,1.2499999999945312e-12,0.0
0x04181dfff000bfc513a53fec55cba4e71b855b1d,1,1,1.022694,1.022694,0.0,0.0,0.0,0,1,0.0,0.0
0x0418936e04d12847b8ff2a732c382fc8fb78e7d0,4,4,4.0020000000004e+16,2.001e+16,2000.0,2000.0,2.001e+16,0,1,1.0,1.0
0x0419395ef65947b74ad9ccd1a9753251e72e411b,1,1,5.0,5.0,0.0,0.0,0.0,0,1,0.0,0.0
0x0419817d801bdd1e8ca7d197466b221de7f562a1,1,1,3000000000000.0,3000000000000.0,0.0,0.0,0.0,0,1,0.0,0.0
0x041984e127a4cfee89a7e4e82464de4b7eb3d2a8,5,2,13190000000024.434,13190000000012.215,0.0,0.0,12.217682,0,13,0.0,1079582853769.8243
0x041a89f3b7ad2eecbfd280a4ec567ed88bd67f49,7,3,254000000000230.44,254000000000000.0,115.0,115.428371,0.0,0,28,1.0037249652173912,0.0
0x041ae646d4c7bf8901808f1587464e0809567c77,4,2,8200000079975.084,4100000039987.5137,0.0,0.0,4100000039987.571,0,1,0.0,0.999999999999986
0x041b26d91b8522a00d1c2a484c397a612c82fc3a,39,4,5261118249799227.0,4994592443625371.0,90000.0,30102.254527,266525806053754.2,0,42,0.33446949474444443,18.739620442675026
0x041c1da51f0116d6cf81139aaa52ac0c119ae8f5,1,1,1335104401440.9873,1335104401440.9873,0.0,0.0,0.0,0,1,0.0,0.0
0x041c2b12b643aff71468172aff2c409624d95921,130,5,1107304920507689.1,485065627465449.9,256313339959670.5,191003459438781.75,174922493643787.12,1,52,0.7451951563224727,2.773031743151567
0x041ce53ec91c31abe748169be86f4268de4c7bea,3,3,330140000000320.94,330000000000000.0,320.907529,0.0,140000000000.0,0,85,0.0,2357.1428571428573
0x041d2d8af79a4cb0eacb2178c3981737d54b09df,1,1,0.013538,0.013538,0.0,0.0,0.0,0,1,0.0,0.0
0x041df04f972ae342ebf9d9723f7c497f4adbd798,5,3,51050000013508.414,50550000000000.0,75.0,0.0,500000013433.4128,0,32,0.0,101.09999728376401
0x041e5962fc32eba702eaac10ff12c09ed2e1df07,1,1,144486292.419983,144486292.419983,0.0,0.0,0.0,0,1,0.0,0.0
0x041f06e78104289331f5ea6633525c892612ceab,2,2,132977705682.27614,66483146645.41045,0.0,0.0,66494559036.865685,0,5,0.0,0.9998283710483905
0x041fa6a56cc203b210dbad9ee45dc08c1f88aba3,1,1,10.005039,10.005039,0.0,0.0,0.0,0,1,0.0,0.0
0x042011bb6babb6998d2f97c2e07a50e9394d2f4e,3,2,13808000000.001,13808000000.0,0.001,0.0,0.0,0,1,0.0,0.0
0x04201b338004ce6ff88d230706f4ed567a3e0b39,1,1,14538188882714.479,14538188882714.479,0.0,0.0,0.0,0,1,0.0,0.0
0x0421267a711db1c6b8f9fa72f3dda8d4df1f6bad,6,3,4190501639800468.0,2000000000000000.0,1094708299324530.0,1095793340475938.1,0.0,0,8,1.0009911692019486,0.0
0x0421f931c8d9c4a2fedf29771cf9d9102dfb3857,1,1,1.740504,1.740504,0.0,0.0,0.0,0,1,0.0,0.0
0x0421fa1f9f228934332cc11de6f66497f43fb734,72,4,607897657042634.5,600628652618429.9,79.12472600000001,79.14138,7269004424046.342,0,108,1.0002104778220653,82.6287366990053
0x0423422bf2e02ac5c5bff7bb34463b9dc372946c,2,1,2.20397,2.20397,0.0,0.0,0.0,0,1,0.0,0.0
0x0423d92d98a4b1696b9329e5a39daf0772040497,2,2,28000000000.0,23000000000.0,5000000000.0,0.0,0.0,0,1,0.0,0.0
0x04243edabb0bea3ed3ab4ffb424fe76f05899cbc,5,3,53313741342356.14,21750000014805.58,16156870671178.072,15406870656372.494,0.0,0,1,0.9535801189432377,0.0
0x04248766ec3274d8f58afe1fae37be19999536aa,1,1,1030088609595.5043,1030088609595.5043,0.0,0.0,0.0,0,1,0.0,0.0
0x0424e3bfffc7d7cd2cc06265c49497c695ae8175,2,2,2.00167,0.999999,0.0,0.0,1.001671,0,13,0.0,0.9983307892511613
0x0425cc2a2750fa8042700973e776774a6f639e96,16,4,1080004394959627.9,320000000002400.0,220000000002000.0,220000088683931.0,320004306271296.94,0,2,1.0000004030996863,0.999986543090788
0x04261f3a4f4e244b80ed7e3d8b7ff28abd6c4dc9,50,4,2866897578920289.0,264506665011814.3,1299199411770121.2,1299014979080721.5,4176523057631.638,0,58,0.9998580412770135,63.33178612015299
0x0426266cf573388100183343b6e26b8bf5e4fdbb,193,4,1.359547079624017e+18,2.722140000108145e+17,9.69625000008883e+17,1.1770807959813155e+17,6188005.0,0,78,0.12139546690427042,43990591476.70606
0x0426dcf6a95b311d626cf5ed3b0bef3de791a160,2,1,12772620191.255062,12772620191.255062,0.0,0.0,0.0,0,2,0.0,0.0
0x0428305a45309c9f296a6cce4bc9550af727a324,12,4,8599820541735830.0,2399735987032010.5,1900000000005250.0,1900184554691323.8,2399900000007245.5,0,3,1.0000971340453018,0.9999316584127528
0x04288d0b8bc6298a7cc26f367f42932d71c79d9a,33,4,1015706795407645.4,1991977175873.0933,414622609396581.06,0.0,599092208835191.2,11,97,0.0,0.0033249926246680353
0x0428be07db700e3b25addff63567584a3b15fdcc,1,1,1.673567,1.673567,0.0,0.0,0.0,0,1,0.0,0.0
0x04295ab7186c2cffba238bb7291b3984e0d181bd,2,1,7345538186184.234,7345538186184.234,0.0,0.0,0.0,0,2,0.0,0.0
0x0429e9a1931ae77fe39b6c17d7660382c85d28f2,1,1,1.109079,1.109079,0.0,0.0,0.0,0,1,0.0,0.0
0x042a135bd342910ad7f67bbda74e3fd4125d1272,2,1,1463000000000000.0,1463000000000000.0,0.0,0.0,0.0,0,43,0.0,0.0
0x042a154ede61e25b4220cbc83e76c79f8c0d3926,66,4,4.1103267199776224e+17,4.110326719974895e+17,89973.99409300002,89979.443133,92841.657097,0,66,1.0000605623886647,4427244028701.974
0x042a1ccde458f357618d8687b4fb99fa10775599,206,4,3.610019071510411e+16,1.2996323804390204e+16,5041280000523544.0,5055644559408266.0,1.3006942350782096e+16,0,115,1.0028493872356288,0.9991836247055209
0x042a2831f11d0366090da32bfcf16befe6473947,2,2,1959.020231,979.51,0.0,0.0,979.510231,0,1,0.0,0.9999997641678539
0x042a62b83529ba7bdbfd79c96804f9a36ae04c4c,43,5,74342556842903.58,10136656537298.191,64161449189433.95,44451116005.44883,165.984577,1,58,0.0006928009975929439,61069869987.36751
0x042b12e77388ca4f9c773b49efe98115b9c5839e,1,1,98100000000.0,98100000000.0,0.0,0.0,0.0,0,1,0.0,0.0
0x042b2a2eb841b7166504fdb1617244724176eb91,48,1,250000000.00023,250000000.00023,0.0,0.0,0.0,0,23,0.0,0.0
0x042b66aa933ef8b395ac2e77498bc61215146a02,2,1,2.094141,2.094141,0.0,0.0,0.0,0,1,0.0,0.0
0x042b79eced8518e0357d790d4363ebb6fbfb1eb2,2,1,1.59e+17,1.59e+17,0.0,0.0,0.0,0,71,0.0,0.0
0x042ca8981305042407c7d27bafc373c005b8790e,1,1,100000000000.0,100000000000.0,0.0,0.0,0.0,0,1,0.0,0.0
0x042cec428c52f9ef51b34d9576a2790d83ed1d0d,5,1,6.164067926633672e+17,0.0,0.0,0.0,6.164067926633672e+17,0,55,0.0,0.0
0x042d60e7dc84756d93faa21a30aa8deff13fbae9,1,1,45634901115.9943,45634901115.9943,0.0,0.0,0.0,0,1,0.0,0.0
0x042d9ebf0e126b29824fffeb4fc4ba5393ce1975,3,1,4.688861,4.688861,0.0,0.0,0.0,0,1,0.0,0.0
0x042e091145d2e0f6273bb1e4a88f1f194dd97071,15,2,43909945792.20497,43909945742.20497,50.0,0.0,0.0,0,11,0.0,0.0
0x042e43e600a23d5fd706abb79b823e3da629fe5f,1,1,1.108424,1.108424,0.0,0.0,0.0,0,1,0.0,0.0
0x042e90603954c56a8438dedaf9efb70db4cd44cf,1,1,10000000000.0,10000000000.0,0.0,0.0,0.0,0,1,0.0,0.0
0x043010c2d1e2a00abce741e5b2c5db778088380a,1,1,0.199626,0.199626,0.0,0.0,0.0,0,1,0.0,0.0
0x0430605323465e26dc21fbaaa9a1a4be6ae9d496,323,4,2462382672298936.5,2461302472290418.5,6115.0,2140.0924380000006,1080200000263.4214,0,90,0.3499742335241211,2278.561814191998
0x0430b536135751ba80f45550007be68c6fe3db92,2,2,150000028864.09286,100000000000.0,50000028864.09286,0.0,0.0,0,1,0.0,0.0
0x043110e9869de4eeea4b911c030cdccadc743025,1,1,1.108426,1.108426,0.0,0.0,0.0,0,1,0.0,0.0
0x04314576237b5ac44eeda1f6c66b1d171782bdc2,5,2,250912665106692.94,125431771550635.7,0.0,0.0,125480893556057.23,0,7,0.0,0.9996085299998315
0x04323ff183af0dabfbd51ab6a4fbf8cb7842ede2,1,1,655.16998,655.16998,0.0,0.0,0.0,0,1,0.0,0.0
0x0432f117921e840beeba036ce8e501578e12b711,2,2,18108.000116,9054.0,0.0,0.0,9054.000116,0,1,0.0,0.9999999871879834
0x0433fa8caf0419698f7e06ce99a917bfdf24274a,2,2,110000000000.0,100000000000.0,10000000000.0,0.0,0.0,0,1,0.0,0.0
0x0434ec40799b578a132919fe319d18aae6415c27,2,1,22500000000000.0,22500000000000.0,0.0,0.0,0.0,0,79,0.0,0.0
0x04359cc145a3f8b1865959d4e904c8b4c15fb29a,2,2,66500000000.03334,66500000000.0,0.03334,0.0,0.0,0,1,0.0,0.0
0x04371e418fcc889954ab64a59235eadeb033eee3,6,2,1147243396996100.0,1147243396995500.0,600.0,0.0,0.0,0,8,0.0,0.0
0x043796319db3b8601013477f9473064f22df527c,4,1,155300744042172.75,0.0,0.0,0.0,155300744042172.75,0,35,0.0,0.0
0x04379cffc95575cff92a5884863a26600c0f3ddb,12,4,261339172517503.7,205034000000000.0,50000000000047.26,6305172517456.417,0.0,5,71,0.12610345034900916,0.0
0x0437e05b9fce3041a050ceafdea0b7b88af05cd9,1,1,93300000000.0,93300000000.0,0.0,0.0,0.0,0,1,0.0,0.0
0x0437e5aaa2dbdf6fda5802e7fdeb52d888d1eb4a,1,1,1.107405,1.107405,0.0,0.0,0.0,0,1,0.0,0.0
0x04381813e17b6198435cdb83712d11d0eabd3217,21,4,315386861610973.56,315386861570924.5,11000.0,11003.330617,18045.811578,0,4,1.0003027833636364,17477011782.358337
0x04386ac720b8204c01bd23497f4a63e2b209259a,7,2,222662225.634508,200000003.041058,22662222.59345,0.0,0.0,0,24,0.0,0.0
0x043a2e8b8f91d44821d8ebb0e29e83ba3b597d63,3,2,929467943837702.4,733331247038625.6,196136696799076.72,0.0,0.0,0,1,0.0,0.0
0x043a7a9f331b701828842bac0ee760ea984cf1fd,2,2,52946291260478.86,26473145630239.43,0.0,0.0,26473145630239.43,0,6,0.0,1.0
0x043abfff63616d247b9247765b89f6c5b5fd94eb,9,3,58007334417439.086,41007334417427.71,17000000000000.0,0.0,11.374773,0,21,0.0,3605112332125.46
0x043b2116f729e188668810d8ae0f86eb1152ae4f,7,3,3585452409148215.0,1798881377191166.0,1786571031956249.2,800.0,0.0,0,98,4.4778516257706284e-13,0.0
0x043b2c863b8dab9f264ceee9d8d2cb8b9f7c66e1,7,3,5360000000003700.0,5360000000000000.0,3700.0,0.0,0.0,2,69,0.0,0.0
0x043b3756dd9fe0dbd1bb5d4765fd1686dedf806a,1,1,1.0,1.0,0.0,0.0,0.0,0,1,0.0,0.0
0x043bd112d6db10daa0f15a255697d0b88e3daf43,17,4,47370601262182.64,38083684715762.19,9286916546387.791,15.73872,16.928297999999998,0,12,1.6947196544068959e-12,2249705476342.7603
0x043bd8f57401e46a5da19545ffb50370202cc179,1,1,0.01,0.01,0.0,0.0,0.0,0,1,0.0,0.0
0x043be978300c684c8f691e086414155d5f9d6f2e,4,4,9200000000000000.0,4000000000000000.0,600000000000000.0,600000000000000.0,4000000000000000.0,0,1,1.0,1.0
0x043be9f76411e021f3aca8b45db64b0c36075a0d,195,4,2.818341589613395e+16,1.1749336237575922e+16,4333446337068316.0,4162694560100031.0,7937938761389683.0,0,85,0.9605967713254752,1.4801495187547886
0x043c3bc6cb627217996f6fd26a87f4617e553a9d,1,1,100000000000.0,100000000000.0,0.0,0.0,0.0,0,1,0.0,0.0
0x043cd50151186c39813dc404529112be03503a80,2,1,1201000000000000.0,1201000000000000.0,0.0,0.0,0.0,0,30,0.0,0.0
0x043e470cbaa1d9738b673ef66ea20d19da8a7f51,1,1,73000000000000.0,73000000000000.0,0.0,0.0,0.0,0,1,0.0,0.0
0x043e9f48de29b4475b3088a69c6ae456cc8d94c1,1,1,1933839101510000.0,1933839101510000.0,0.0,0.0,0.0,0,1,0.0,0.0
0x043ea03b7942df22cea8227ed359eeb040acfaaa,1,1,1.023193,1.023193,0.0,0.0,0.0,0,1,0.0,0.0
0x043fdabff38a1e9897f2f5a860b8b88f9a0a9f24,159,3,3430500000006682.5,3430500000000000.0,4066.0,2616.6265359999998,0.0,0,96,0.6435382528283324,0.0
0x044009974d4a8ce81dd4b46a5ca98a772ed185a6,3,2,2050000057.703274,2000000000.0,50000057.703274,0.0,0.0,0,1,0.0,0.0
0x044015adf61f596f820872845313e2efbbaee4b9,2,1,2049211522806.383,2049211522806.383,0.0,0.0,0.0,0,5,0.0,0.0
0x04426a58fdd02eb166b7c1a84ef390c4987ae1e0,93,5,1.0932961996795302e+16,5281824308985622.0,3200000000007800.0,342204910856543.7,2108932776945336.0,17,7,0.10693903464240924,2.5045010285420437
0x0443d542c2a4eda89af20a9d7315596f8240e48a,3,2,8863215777591750.0,6363215777591750.0,2500000000000000.0,0.0,0.0,0,12,0.0,0.0
0x04448987b1f40dfd2ca70eeeb323ba710c5768f6,22,2,276682265693076.22,276682265688812.16,4264.113275,0.0,0.0,0,40,0.0,0.0
0x04469b770821cec9cc3a1e8dc92e4635faf9bca6,8,3,38074043129767.79,38035000000000.0,19521564883.89472,19521564883.89472,0.0,0,41,1.0,0.0
0x04487b8a3e6aff2f2ff62c718de9198d51af7680,1,1,101000000000.0,101000000000.0,0.0,0.0,0.0,0,1,0.0,0.0
0x04488eb67ce58d792983ff37f3c625a204323281,2,1,2.655087,2.655087,0.0,0.0,0.0,0,7,0.0,0.0
0x044a9157c17119eb476f564da8a9b03dfe5ac7f1,9,3,23882.216701,42.987137,16410.0,7429.229564,0.0,0,66,0.45272575039609997,0.0
0x044a9c43e95aa9fd28eea25131a62b602d304f1f,27,4,2.7995183952265156e+16,2.2638703023313096e+16,5345480928934000.0,18061.985943,11000000000000.0,0,117,3.378926271204925e-12,2058.0639112102813
0x044c53d8576d4d700e6327c954f88388ee03b8db,2,2,320671.724353,160158.048442,0.0,0.0,160513.675911,0,13,0.0,0.9977844413132924
0x044c9a9b81b28f344ee80db712af9ee6f1bc65d5,9,4,1658539369781782.8,999.129701,600000000000000.0,600275592039311.1,458263777741472.5,0,4,1.0004593200655185,2.1802502172965864e-12
0x044f1646303ed25521cbdae0f37ca2b65d898281,1,1,1.107128,1.107128,0.0,0.0,0.0,0,1,0.0,0.0
0x044f4923a8251bf87281455eb95d030054771498,1,1,51000000000000.0,51000000000000.0,0.0,0.0,0.0,0,1,0.0,0.0
0x0450054af2245d1799292e4fc6c9da720822b417,6,2,270.802944,193.430036,77.372908,0.0,0.0,0,6,0.0,0.0
0x045038d82b5c27b5c992994cd4129aa80fd1a20c,22,4,3540572834413500.5,2000000258003.953,3538572833721420.0,175449.919497,258626.66847700003,0,142,4.958211339470555e-11,7733155.554999601
0x0450c0df7db64b4793b9847384ab3b95dd7983d8,1,1,1600000000000.0,1600000000000.0,0.0,0.0,0.0,0,1,0.0,0.0
0x0450d81146ae1eb15d886b0a35673dbb9e74be19,4,4,1.22e+16,5400000000000000.0,700000000000000.0,700000000000000.0,5400000000000000.0,0,1,1.0,1.0
0x04518072ea655451b801dfa3c1c2f4277dc5ba62,6,2,94992743.18992199,94989058.52928899,0.0,0.0,3684.660633,0,41,0.0,25779.594918067178
0x0451864cdd0cb179893eb91057da7746b5b1973b,12,3,4809500000001514.0,4809500000000000.0,756.988557,757.761874,0.0,0,18,1.0010215702639742,0.0
0x04526ea5982ca846bc7e4f87a1842f92e20d8995,1,1,98900000000.0,98900000000.0,0.0,0.0,0.0,0,1,0.0,0.0
0x0452d528c990273208cd331b2c14de884354ea5b,4,4,4.09140000000041e+16,2.0457e+16,2045.0,2045.0,2.0457e+16,0,1,1.0,1.0
0x04537c1eeaa19e1b8692c81ff68e9d403d0396ab,62,4,2.3695917214682724e+16,1.184785081718274e+16,3400.0,3400.2962150000003,1.1848066397493188e+16,0,3,1.0000871220588237,0.9999818045997367
0x04537ca12d92128f89716947a3fec9a2eb5b93a5,6,1,4950601194780552.0,4950601194780552.0,0.0,0.0,0.0,0,12,0.0,0.0
0x045407d52663df08276eaa6fd367f8608f76ddf8,1,1,113561367144996.14,0.0,0.0,0.0,113561367144996.14,0,1,0.0,0.0
0x04541945d4d64141a70d355c6775173323551724,23,4,6375150694856462.0,6024306977107241.0,350299158990657.3,299177861387.1391,245380897176.1022,0,21,0.0008540638871334497,24550.839313232213
0x0454b9c61747aa42a5c771f1ed9a665f6fe82917,4,2,1830000018328.0,1830000009164.0,0.0,0.0,9164.0001,0,30,0.0,199694455.3900649
0x04559672afdfbd152670d2f1f3f7d07cc3115089,2,1,2.2,2.2,0.0,0.0,0.0,0,6,0.0,0.0
0x04566bf9d24761ad1c8b9505bc801081a8159d64,2,1,2.16104,2.16104,0.0,0.0,0.0,0,8,0.0,0.0
0x04566e55bd811bf6e3e164a3ebe49cbc85369bcb,5,3,2200102420367971.2,0.0,1100000000000000.0,1100000431388256.6,101988979714.56311,0,1,1.0000003921711424,0.0
0x04569a1012ee1dd1573763dc024a99ef43db417f,1,1,14700000000.0,14700000000.0,0.0,0.0,0.0,0,1,0.0,0.0
0x0456b014da02c47c722742426192f8a0f4114923,3,2,2.03599,1.53599,0.5,0.0,0.0,0,23,0.0,0.0
0x045751c6c2dc89cb7d5976649eb63de2b2d77f5b,461,4,1.3548383506008438e+18,2.8901508475002426e+17,3.88390000001087e+17,3.8842813761796934e+17,2.8900512823176346e+17,0,73,1.0000981941267342,1.0000344510089552
0x04581b79bf2fac9ed93b41b8023271ecb86b6857,9,3,54464.798869,33365.355589,13500.0,0.0,7599.44328,0,33,0.0,4.39049998265136
0x04588a77213469798beb197fdff9075fb4cef6b3,2,2,2096.000578,1048.000271,0.0,0.0,1048.000307,0,1,0.0,0.9999999656488651
0x045896a702263b77d8ebabd6c51e826f0f3ebe39,18,4,68103.498886,20002.370577,14029.345908,14049.62042,20022.161981,0,17,1.0014451501968056,0.9990115251280666
0x0459dda9eb7062e6fdca6293a4c363722fca6102,11,1,1718022.7291100002,0.0,0.0,0.0,1718022.7291100002,0,21,0.0,0.0
0x045a225d46de1f8fb90559cce505ca11d8a8c354,1,1,98284668.476482,98284668.476482,0.0,0.0,0.0,0,1,0.0,0.0
0x045a41a9d9cb0fc81cfe1e8f486e5c53a3b3ce8b,79,5,487557341471354.4,462440787867627.4,25016528309054.02,524.610914,100025294148.39377,3,92,2.097057223604172e-11,4623.238469877106
0x045a4fb9af81b5c09b519ec40e35d45314a556dd,1,1,5967279569.941004,5967279569.941004,0.0,0.0,0.0,0,1,0.0,0.0
0x045a6e99eaeb27069d2803ab28f2598cd03f016e,1,1,707722252021.2524,0.0,0.0,0.0,707722252021.2524,0,1,0.0,0.0
0x045a7405a16dc5591c263795f227032893ba76f5,1,1,101700000000.0,101700000000.0,0.0,0.0,0.0,0,1,0.0,0.0
0x045b0d7cd8e143619bd67623cf7129e1980fb492,146,2,79.23346900000001,43.386222,0.0,0.0,35.847246999999996,0,86,0.0,1.2103083397171337
0x045bedc7e03b75fcc818d423b3ef90c2f0ab8939,1,1,103200000000.0,103200000000.0,0.0,0.0,0.0,0,1,0.0,0.0
0x045c7ea70b3faec4b39b6f0c91e12cfd026acbfd,1,1,2000000000000.0,2000000000000.0,0.0,0.0,0.0,0,1,0.0,0.0
0x045dc9517d18e8f968f979bde60d2efacaf4d656,1,1,1400000000000000.0,1400000000000000.0,0.0,0.0,0.0,0,1,0.0,0.0
0x045e2a9db6ca319f6b667813c6088067eb52851e,224,4,2399938157048123.0,1199965881103450.8,2032214.470017,2032328.110681,1199972271880129.5,0,56,1.0000559196215146,0.9999946742297063
0x045ef516ff36cbb58ae3714a2bcd244d31695d91,4,4,1.7796599999999998e+16,8897999999999999.0,300000000000.0,300000000000.0,8897999999999999.0,0,1,1.0,1.0
0x045fbe9cadc98c9d8935e3788303ab70328960a0,14,3,487297933913700.2,480684362424560.06,6613571488923.679,0.0,216.43686,0,96,0.0,2220898798959.475
0x045fd671c4d7da33629475def9ababecc339c020,23,4,202200367660691.2,202193712192549.5,502.803728,502.808334,6655467136.058465,0,74,1.0000091606321584,30380.093246511573
0x0461c15ca570db9f53f6d5ccace97d0c8a70e5b5,2,1,1999054179651.8845,1999054179651.8845,0.0,0.0,0.0,0,9,0.0,0.0
0x0461fcc541d33ec0b3b7a7a0512c181ce2af6e65,1,1,6747090179.096254,6747090179.096254,0.0,0.0,0.0,0,1,0.0,0.0
0x0462096a2631fa4974713f0c0e29b43b510f6570,1,1,1.054653,1.054653,0.0,0.0,0.0,0,1,0.0,0.0
0x04621637c3a72db27d6f1fc1352480fd4d1e7b06,1,1,0.078965,0.078965,0.0,0.0,0.0,0,1,0.0,0.0
0x0462d63693c30e73e3646ade6f0aa44ea307832a,1,1,100000000.0,100000000.0,0.0,0.0,0.0,0,1,0.0,0.0
0x04631f939c69d8660c648b56b6e10595f0255b10,1,1,0.049231,0.049231,0.0,0.0,0.0,0,1,0.0,0.0
0x0463a70679a6afea907a90c84d732123c7311710,1,1,1120000000000.0,1120000000000.0,0.0,0.0,0.0,0,1,0.0,0.0
0x0464349e7012a83c965d672e9eca3896a1260624,346,5,6.066110161104932e+16,6.03442422772161e+16,40700113357.996376,40700247438.33879,316777933472429.44,1,122,1.000003294348132,190.49383148548168
0x0464a891a517c2be0bca86470b74babc985e9141,2,2,1200000000.0,1000000000.0,200000000.0,0.0,0.0,0,4,0.0,0.0
0x0464e9d70f1b21ecdf741ed3dba1de6d877d1b48,9,4,2743094392404025.5,996794392404025.5,682000000000000.0,532150000000000.0,532150000000000.0,0,92,0.7802785923753666,1.8731455273964588
0x0464fb56ddf5dfc14b13d3b9c064f8732cbe012a,10,4,8200.187742,2300.0,1800.0,1800.107742,2300.08,0,1,1.0000598566666665,0.9999652186010922
0x0465130e29be525707f2e38726e1465d632efbbf,6,4,445080860824087.4,445080860823768.25,107.06007,107.07672,105.0,0,1,1.000155520167323,4238865341178.745
0x0466354046c9f28cb0a6d9648c2b41609d24e050,1,1,108600000000.0,108600000000.0,0.0,0.0,0.0,0,1,0.0,0.0
0x0466c8e551c53ea1d554ea1dbfd32f154ab7f089,1,1,77472135409.79546,77472135409.79546,0.0,0.0,0.0,0,1,0.0,0.0
0x0466e01f9edb0fe882be01b0693f4daf107fc151,9,2,6662513779172872.0,2662513779167872.5,4000000000005000.0,0.0,0.0,0,34,0.0,0.0
0x0467016de27a199a3372f3f9a71700ae09e515e8,1,1,1.011332,1.011332,0.0,0.0,0.0,0,1,0.0,0.0
0x0467122af0dd7d599f27e801b8145084b71b1806,2,2,2300.0000259999997,1150.0,0.0,0.0,1150.000026,0,1,0.0,0.9999999773913049
0x0467661949ee9b85e78c5798731b2204e0ba2974,25,4,8.401869532002202e+16,2.3496000000072284e+16,1.85000000000566e+16,1.851377448721252e+16,2.3508920832680612e+16,0,12,1.0007445668732906,0.9994503859747417
0x046773a7aa676523f981676b67e9f01719ca9eb3,499,4,1.2947208566988022e+17,1.128636499578071e+16,9.502790317101293e+16,1.3797014546604154e+16,9360802956482444.0,0,89,0.14518908748070494,1.2057047935150473
0x0468222405c1f78f80035c7a87254df9bb2a9381,4,2,326625057570797.25,326625056996253.56,574543.676955,0.0,0.0,0,25,0.0,0.0
0x04688b862e4343986ab317fcbba865dfab1a4bb3,1,1,1.095063,1.095063,0.0,0.0,0.0,0,1,0.0,0.0
0x0468c74ae65de29f1bc104d97560ae26ae7069fe,1,1,54469594022288.49,54469594022288.49,0.0,0.0,0.0,0,1,0.0,0.0
0x04697ab4b870d72ede8040dccb9186a58d16161c,2,1,10000000001.104084,10000000001.104084,0.0,0.0,0.0,0,10,0.0,0.0
0x046990dba8e405d8e195db1038b792279c56d7b6,1,1,1600000000000.0,1600000000000.0,0.0,0.0,0.0,0,1,0.0,0.0
0x046a09854fd98fb21fbe7d6cbf58153b55a39669,5,3,2600000000001400.0,2000000000000000.0,600000000000700.0,700.0,0.0,0,1,1.1666666666653055e-12,0.0
0x046a5a52eb9cd49f80fe73542e46dc675ae6cb0e,1,1,2000000000000.0,2000000000000.0,0.0,0.0,0.0,0,1,0.0,0.0
0x046a5d95317dbc2ae8ed4a0c370b9183d161a14a,4,4,2.491556e+16,1.2457e+16,780000000000.0,780000000000.0,1.2457e+16,0,1,1.0,1.0
0x046ae0974283a9acf5cb4228a93d000c6d0ffd76,281,4,2205249006339886.2,634430325910428.5,588804030034872.1,402131956323671.0,579882694070914.9,0,91,0.6829640012821492,1.0940666662365386
0x046afddbc4e4fe503ddd2b952f7d849d1270ab3f,35,4,691403446810824.6,600004000003559.6,1891.148925,1891.193604,91399446803482.61,0,4,1.0000236253207822,6.564634918345015
0x046b8f645b2a09f9527f191fbcb6491094668a45,86,4,2.4792118428398982e+17,7.837537825322182e+16,4.55400000001275e+16,4.559761497118667e+16,7.84081910594538e+16,0,83,1.0012651508796444,0.9995815130308632
0x046b9d060f49400b6a6f1210ef191b019cce9030,27,4,1650250542958475.2,1502250542946501.8,6845.0,4847.564591,148000000000280.66,0,58,0.7081905903579255,10.150341506376034
0x046bbe099cfa0b6cc71d59d6e4cd38c5d0eef71b,1,1,350000000000000.0,350000000000000.0,0.0,0.0,0.0,0,1,0.0,0.0
0x046bdeec373e1d675c0d97af29195b63fc403729,1,1,100000000000.0,100000000000.0,0.0,0.0,0.0,0,1,0.0,0.0
0x046d749b3cf095dc2bcf9a82a9de43966b29cf49,3,3,1200000000000.0,1000000000000.0,100000000000.0,100000000000.0,0.0,0,1,1.0,0.0
0x046f3d4ac4df2caa030714b79958661e04566b6e,1,1,99500000000.0,99500000000.0,0.0,0.0,0.0,0,1,0.0,0.0
0x046f8f1897b93398cd8b495e81ef0ababfe11d68,1,1,1.25302,1.25302,0.0,0.0,0.0,0,1,0.0,0.0
0x0470a2b7b6b48d5d8a8f42f8fbf10218ea416755,51,4,7364583107015197.0,4263450091693444.0,3101087766457218.0,33052347459.26084,12196517075.890234,0,11,1.0658307648293651e-05,349562.91744315467
0x0470a46f57515cb7d112acde06f410c3111575b0,118,4,3.0772852223439e+17,7.703781061602762e+16,8.814900000023182e+16,6.7519556475651816e+16,7.502215514247878e+16,0,116,0.7659707594581249,1.0268674696124203
0x0470cd31c8fcc42671465880ba81d631f0b76c1d,45,1,522456554876.5719,522456554876.5719,0.0,0.0,0.0,0,79,0.0,0.0
0x0471576d6dc3e08b74de7408bcf406b5763a9eb7,2,1,2.010577,2.010577,0.0,0.0,0.0,0,8,0.0,0.0
0x04721424482164fbc54992e6642e228bddd154d9,4,2,1325004462482919.5,998753162381481.0,326251300101438.6,0.0,0.0,0,7,0.0,0.0
0x0472fb73541e18716446b3c52d4221c8f78de7ae,15,4,256801477163937.72,255607215813036.7,263.927684,264.59949,1194261350372.52,0,81,1.002545416948379,214.02954699430438
0x0473652f955accfa58787ba2770198826bee9f93,1,1,10.583662,10.583662,0.0,0.0,0.0,0,1,0.0,0.0
0x04737567bb285ac7c15244c9c9f8707d67d1e558,9,4,28111991537048.297,8540000000000.0,5500000000000.0,5520372901942.479,8551618635105.821,0,15,1.0037041639895417,0.9986413525203142
0x0474101e1a5926a9d7295f80d2a7e4617dc6bf53,2,2,318.809262,211.904631,106.904631,0.0,0.0,0,1,0.0,0.0
0x0474b7e51abbb836a44b68dc6382134bddce6538,147,4,2.2036102887969373e+17,3.9663544989181736e+16,9.1550000000063e+16,6.1090418374607224e+16,2.8057065515841748e+16,0,87,0.6672902061667414,1.4136740339714668
0x0474f11e0367edde612e0119f62aad7695dd86d5,21,4,4399729394076639.0,1429294350270506.5,810435043805634.2,810000000000000.0,1350000000000497.5,0,78,0.9994631971939523,1.0587365557555406
0x04752c1a5013a42b400548d56ad5e0de64387def,2,1,10061072555664.162,10061072555664.162,0.0,0.0,0.0,0,2,0.0,0.0
0x0475804706c2128de587e400bd725b75eec84839,2,1,0.014332999999999999,0.014332999999999999,0.0,0.0,0.0,0,1,0.0,0.0
0x0475a4b2c54cdb975278a8ba5977ebf07df8f033,16,4,858051792192830.4,622423253339019.2,235100000000000.0,100017071402.90573,428521782408.0972,0,6,0.00042542352787284447,1452.4891823264713
0x0476f3ee277eb20568ee2369b337f3ce55bc558a,763,4,5.334754227048882e+18,3.2425155810506373e+18,2.0059448709570796e+18,381391.93979,8.629377504078333e+16,0,131,1.901308183051061e-13,37.57531269802707
0x0477455e0e65928b993ba49bbbd5ce8d434fe1d2,40,4,501339924269754.5,501039924261577.44,5466.588887,2710.524798,300000000000.0,0,69,0.49583476168216195,1670.133080871925
0x04777caf984db9a9b94b031a72ca250ae885654b,1,1,0.009893,0.009893,0.0,0.0,0.0,0,1,0.0,0.0
0x04778c5867ccc6951cd5bb15583f59a545c77262,2,1,1.103022,1.103022,0.0,0.0,0.0,0,8,0.0,0.0
0x0479283a1751f32dc400615f5dd6799ebd304e6f,19,3,42529.603248,19754.206436,19387.698406,3387.698406,0.0,0,26,0.17473442876291048,0.0
0x0479326c87da7a60d2b84f8ec73ea60f8df445c9,1,1,2790000000000000.0,2790000000000000.0,0.0,0.0,0.0,0,1,0.0,0.0
0x0479d748dc2516d61c04d4665b8d05d035d4dc95,16,2,23500000000056.11,23500000000028.05,0.0,0.0,28.056527,0,28,0.0,837594760036.695
0x047a1f7235a03aa9016061b16b54da901044fe0e,40,4,199600002426247.94,159600000002987.5,1500.0,1502.934047,40000002420257.52,0,45,1.0019560313333333,3.9899997586540144
0x047a96ef72d7ee6a3f193bdb92e998fb300265df,820,4,3.6228109842867494e+17,2.429374563955545e+16,1.5178909617435453e+17,1.5185744935169213e+17,3.434080726307288e+16,0,72,1.0004503167820373,0.70743082576509
0x047aa912135e7dacd4f761ce2de485eca88c096e,6,1,2.8197880000000004,2.8197880000000004,0.0,0.0,0.0,0,7,0.0,0.0
0x047be7607fbf63467e2ca66af84b1cffd69c7bf2,12,4,210616310000549.7,105295000000273.14,10000000000.0,10000000003.433474,105301310000273.14,0,57,1.0000000003433474,0.9999400767188937
0x047c29119e9322c10b0712ea80d49ba34776186c,2,2,9042000940184800.0,6600000000000000.0,2442000940184800.0,0.0,0.0,0,1,0.0,0.0
0x047c4b0d781af5af9d64c16fb0c75cfd9ae1b365,1,1,2000000000000.0,2000000000000.0,0.0,0.0,0.0,0,1,0.0,0.0
0x047d5247698a111b34d7dde3282f07fd154cb759,14,3,5.15143385868437e+16,2.58613e+16,2.56530385868362e+16,7500.0,0.0,0,21,2.923630264934232e-13,0.0
0x047ea31614fc085ce7b80412fbab65fd51a8bb7a,298,4,2.2577197243664595e+17,2.2576206772031392e+17,253609.909428,253676.621613,9904715824745.91,0,120,1.0002630503877015,22793.39172520939
0x047f36f975bf17d79ee15d96fbadacf6c0e49dcc,2,1,3.7595020000000003,3.7595020000000003,0.0,0.0,0.0,0,9,0.0,0.0
0x047f78ef663432cd15d28c0b7098bd6236442264,33,4,1161305823544410.0,1160314432150270.0,359417047195.7765,315995696001.9717,315978650942.01776,0,53,0.87918950552684,3672.129204587269
0x047fb945951f9801ab087a6e7e44ce87361931d1,1,1,1000000000000.0,1000000000000.0,0.0,0.0,0.0,0,1,0.0,0.0
0x047fdc2db6ee901f154f60b36626194d2c2a68f7,47,4,2603777703700990.5,103000000012225.47,2500500000012979.5,277703663586.95953,12199.025690000002,0,78,0.00011105925358349052,8443297245.997148
0x047fe25b45dd7f73258d858971cfe41e004e6132,77,4,4136226095241955.0,2325203201918893.0,1811022893318560.5,2683.805534,1818.33657,0,17,1.4819279998620737e-12,1278752921918.5715
0x04803b46c2a8951a2ce0793d58db51b29656dfbe,63,4,1.0295751039150468e+16,4050762075355678.5,3077117909136016.0,2113557322397265.8,1054313732261507.1,0,110,0.686862637314637,3.8420841457378896
0x0480b924a6f1018863e318af33c15f01619b7f2f,3,1,100037637818811.88,0.0,0.0,0.0,100037637818811.88,0,70,0.0,0.0
0x0480c86160aebcfd291466fac4433175d57d89c3,2,1,7717793076.163097,7717793076.163097,0.0,0.0,0.0,0,9,0.0,0.0
0x04819393b5f4bc198c2b68c4671c9b0dea36a68e,1,1,1.108866,1.108866,0.0,0.0,0.0,0,1,0.0,0.0
0x048257c85f457a6b22a30db67cc781676fa521c8,1,1,1.097475,1.097475,0.0,0.0,0.0,0,1,0.0,0.0
0x04826a8b3190c525602609bac98f85f28b3a56b3,1,1,6282648551.649952,6282648551.649952,0.0,0.0,0.0,0,1,0.0,0.0
0x0482d6bf3b83470ee4ee87c20a98d38249138e1b,2,2,120000000000.0,100000000000.0,20000000000.0,0.0,0.0,0,1,0.0,0.0
0x048328090e7a51f106ad99ac2c8eca8519725632,9,2,196884529332981.9,152904402939565.75,0.0,0.0,43980126393416.15,0,47,0.0,3.4766703845229427
0x04841cbcc7676ddfe8146e8ad3aa0a478e843792,4,4,1.22e+16,5400000000000000.0,700000000000000.0,700000000000000.0,5400000000000000.0,0,1,1.0,1.0
0x0484b2e7973130c0b31b482175c15a38d86e5840,13,4,1263804027787230.8,425341671625.62756,200.0,200.037474,1263378686115205.0,0,18,1.00018737,0.00033666997575645464
0x04859ae1248a198d87270ebb27e3ca3a2cc98595,1,1,4050.911874,0.0,0.0,0.0,4050.911874,0,1,0.0,0.0
0x0485c45ca2c7aef83b2cea8707874e38b5524e68,1,1,216613848.03203,216613848.03203,0.0,0.0,0.0,0,1,0.0,0.0
0x04868121d0d38eae597dd6b23e8d120775006674,1,1,3983611609.319756,3983611609.319756,0.0,0.0,0.0,0,1,0.0,0.0
0x0486b904c347c7794e70a37c8d53a67b64b38b5f,1,1,0.009843,0.009843,0.0,0.0,0.0,0,1,0.0,0.0
0x04873757ba72cb607dabe30084e4dfa6ca3c1b82,2,2,8000000573266434.0,4000000000000000.0,0.0,0.0,4000000573266433.5,0,1,0.0,0.9999998566834122
0x04874b6d702120d4a722e25d9cba2ae0790334f4,1,1,1120000000000.0,1120000000000.0,0.0,0.0,0.0,0,1,0.0,0.0
0x0487fed00e5f5e81507b1cd6e851b741a4a020fd,16,4,209006574047123.0,104500000000000.0,102355.373459,102370.061283,104506573842397.58,0,43,1.0001434983186877,0.9999370963743631
0x0488456ea17ec42ad21df20efb4a35a37d710064,1,1,1.106967,1.106967,0.0,0.0,0.0,0,1,0.0,0.0
0x0488a842649b08a69392ee8fed93db6d3dc773bd,3,1,1774867931648.0557,1774867931648.0557,0.0,0.0,0.0,0,4,0.0,0.0
0x0488def629e5780e493829c28e704864cbef0b8a,2,1,2.2,2.2,0.0,0.0,0.0,0,5,0.0,0.0
0x0488eb591321625f9417cc3c21398c8d06ac9095,13,5,433802499055292.94,433802499054550.3,393.21467800000005,197.165752,152.176734,1,35,0.5014201224706062,2850649292122.0815
0x04895114da673f16d83a75e4cd3c64a68e2428c8,66,4,1.2965962542246932e+16,3720542619623719.0,2450000000006573.0,2450314101810685.5,4345105820805953.5,0,23,1.0001282048180047,0.856260531517645
0x04898eedaa574d173f7d7705168bcebcf3824e2d,1,1,0.004415,0.004415,0.0,0.0,0.0,0,1,0.0,0.0
0x04899a2bba1faf90a5779aaabfc169339744c227,1,1,2000000000000.0,2000000000000.0,0.0,0.0,0.0,0,1,0.0,0.0
0x048a81418e95b13b47b63f4a784a1ff5542e72cc,12,4,196711637230132.8,54887079685370.81,43300000000000.0,43475870073847.11,55048687470914.87,0,79,1.004061664523028,0.9970642754083929
0x048aa5096f91f6436ed3ac79e853c16a9c4155bb,2,2,750000001490.407,500000000000.0,250000001490.407,0.0,0.0,0,1,0.0,0.0
0x048aaa70a3e351c9e3b487ba78fa03efbf062067,61,4,3104746055432612.5,3104530825138010.0,10547.241333,8188.166280999999,215230275867.73068,0,92,0.7763325046314268,14424.22917789639
0x048ab378049f7763e5c728fe551ae19115b2bb20,33,4,323376476550929.5,139025812154559.34,96478958696393.11,42871705699967.055,45000000000009.97,0,5,0.44436327132093956,3.0894624923228564
0x048ad0a6d74bade422ae4080f17fc311d3aaec83,4,2,4091175780.5974092,2045587884.884254,0.0,0.0,2045587895.713155,0,13,0.0,0.9999999947062157
0x048b12903e0cc00b5bddbec2c76909cc6666c155,2,2,1055000000.033773,1000000000.0,55000000.033773,0.0,0.0,0,1,0.0,0.0
0x048bcde2ea3e9f4c14ce9ad83c96bbdc61ca2f4c,1,1,3621041932.210407,3621041932.210407,0.0,0.0,0.0,0,1,0.0,0.0
0x048ca2571ed3aec463d42cb6fb0f20f6fcb7988e,4,3,1907.723847,1003.896362,400.38971,0.0,503.437775,0,2,0.0,1.9940823113641004
0x048cfe86325ecb012e4cc05495683e229eaca7ad,2,2,6030000000000.0,5015000000000.0,1015000000000.0,0.0,0.0,0,1,0.0,0.0
0x048e1e942cecde524fb35ebd625749b0be00f563,175,4,6.802689880683431e+16,3.2872911652653376e+16,1.668149399250844e+16,7508628925864722.0,1.0963864235807772e+16,0,87,0.45011729340530304,2.9982961249457167
0x048f06d1afb5e43f73f593aab1b2a4316ddb5d9f,4,4,5081275550064.189,2540000000000.0,2609.283355,2610.40759,2541275544844.499,0,53,1.0004308596833094,0.999498069051549
0x048f5cb4c12107c37e2d028aa56315659f36ce47,14,4,209288801521271.03,209288801520942.1,204.26005200000003,39.232251,85.459681,0,10,0.19207011168292462,2448977097409.7373
0x04900d94ce6b1689922d8f0f672f8473aa49eb62,1,1,4854172.559482,4854172.559482,0.0,0.0,0.0,0,1,0.0,0.0
0x0490bcc64eb613b9f5b774f7e0fed4478d0982ab,3,2,276000000000.1,276000000000.0,0.1,0.0,0.0,0,1,0.0,0.0
0x049201b13cd2a316aab6edae90cc0f8ed6597ea9,56,5,1.9869070227801772e+16,1.9858952312983436e+16,15113.618512000001,6568.920759,10117914796655.055,2,109,0.4346358718651241,1962.7514870503487
0x049262af9167e1fd91c668cea2500eac72bd6df7,3,3,45000000000008.25,45000000000000.0,4.126186,4.126186,0.0,0,2,1.0,0.0
0x0492641c71d27fc4ad2913abc02af5dae2d7e9ec,2,2,699999999999.7903,699999999998.9999,0.0,0.0,0.790398,0,11,0.0,885629771329.1277
0x04936487d69f08a304bd6470c2f0cf6e6aa609d7,4,3,569612457477.119,569612457476.683,0.217969,0.217992,0.0,0,2,1.0001055195922355,0.0
0x049403324eaf7b38e6fe3bf547c1f9e13391ce3f,9,4,12006045376628.758,9998260844051.25,2005000000000.0,1784532567.5067449,1000000010.0,0,1,0.000890041180801369,9998.260744068642
0x0494a6fe59e7b6db7cc4d8530f95f4f836e2100b,1,1,109100000000.0,109100000000.0,0.0,0.0,0.0,0,1,0.0,0.0
0x0494f503912c101bfd76b88e4f5d8a33de284d1a,25,1,1.73968817602839e+16,0.0,0.0,0.0,1.73968817602839e+16,0,130,0.0,0.0
0x049569adb8a1e8a9349e9f1111c7b7993a4612eb,68,4,8540375935863426.0,5913309082281245.0,1302293039520821.2,1307396076672439.5,17377737388918.977,0,84,1.0039185014407326,340.2807252716285
0x0495a81819e5fe5c6d737b8b7d974ffdbd3532d9,2,1,9827923874.498377,9827923874.498377,0.0,0.0,0.0,0,8,0.0,0.0
0x0495ef8dec406418adbeb8e66b78ffbf7fd07a34,2,1,7209397172.136929,7209397172.136929,0.0,0.0,0.0,0,9,0.0,0.0
0x04962bc8ed7ea4f608dedf636790035d058b1daf,45,4,4390597893017654.5,1660170544900058.0,1330000000000120.0,770238192805328.0,630189155312148.4,0,52,0.5791264607558335,2.6344003715483395
0x04963f5707c9db2d613e8d402453f88a72f1c6d4,4,4,1.18000000000014e+16,5900000000000000.0,700.0,700.0,5900000000000000.0,0,1,1.0,1.0
0x049675d578aff8a085ea67947751cc2df717b863,15,3,2.122330573090454e+16,0.0,4503061479658662.0,9006293370634967.0,7713950880610909.0,0,1,2.000037843435719,0.0
0x0496c02f3d8eadbc5558913ef6dc5fff59077df0,2,2,95000000000010.0,95000000000000.0,10.0,0.0,0.0,0,15,0.0,0.0
0x049702e543254ea9f16abe9d6aa9b1d1e9efbee4,1,1,100000000000.0,100000000000.0,0.0,0.0,0.0,0,1,0.0,0.0
0x0497139c9c7c0faef171143f71b0fe54fa24dcb1,1,1,5918739908.327777,5918739908.327777,0.0,0.0,0.0,0,1,0.0,0.0
0x04973fe77a1f4ea0c3d647661fc0c95e11e538e1,1,1,90800000000.0,90800000000.0,0.0,0.0,0.0,0,1,0.0,0.0
0x049808d5eaa90a2665b9703d2246dded34f1eb73,1,1,1.173257,1.173257,0.0,0.0,0.0,0,1,0.0,0.0
0x0498ee7e380650bbe94857a759ae11d071683fd0,3,1,46.295004,0.0,0.0,0.0,46.295004,0,2,0.0,0.0
0x049940feda4277b7f01ef10fca0b975c541d8fca,345,4,6.456303916372861e+18,1.397737814101869e+17,2.437464000004112e+18,2.4430824660612086e+18,1.4359836688973548e+18,0,111,1.0023050457594809,0.09733660934842987
0x04997f327d508cc66bf2afbaec867a5b45fcb231,6,2,477236699267364.8,477236699266664.8,700.0,0.0,0.0,0,13,0.0,0.0
0x04998145f9615270181f46cacd96e3fb2275bb64,8,3,3743000000002352.0,3743000000000000.0,1175.394729,1176.204032,0.0,0,9,1.000688537203743,0.0
0x0499c4984578346f1fafe15213c6f5b31bcefb21,2,1,4.074242,4.074242,0.0,0.0,0.0,0,9,0.0,0.0
0x0499f8afe7234321fd3da64116141431fc08ff35,14,4,3.582267432060151e+16,6507600588197092.0,1.14e+16,1.1404377214722208e+16,6510696517682215.0,0,20,1.0003839662037024,0.9995244856711237
0x049a198dd6d7937a07520d6f0f6c3570d7b00d9a,28,4,3072304576589941.0,2061650317947539.2,1010654258642029.2,175.397616,197.092151,0,7,1.735485844938445e-13,10460336992047.64
0x049b8457a23bef5354c65d1cbbfa3bb897782ec1,165,4,5.881698839104564e+16,3.3015817412808812e+16,3200000000040266.0,3100424143199199.5,1.950074683499736e+16,0,70,0.9688825447375583,1.6930539990169193
0x049c43731aa8c4cbc14252e52af0e55c5a48df15,19,3,944735764606448.5,944735764560835.9,29565.0,16047.633432,0.0,0,7,0.5427915924911213,0.0
0x049ca02e4394a5ddea5ef9c3194d82e640187573,74,4,1.0314497527179442e+17,2.6075887828149304e+16,9524031492678242.0,9526309062543104.0,5.801874688842376e+16,0,17,1.000239139262256,0.44943900422902994
0x049df4b2adb3260c5df50f4faa072fa821f0f89a,1,1,100000000000.0,100000000000.0,0.0,0.0,0.0,0,1,0.0,0.0
0x049ebefecd528c6580c11d00e353e52b49c56dd2,3,2,7050772351998.072,7025386175945.813,0.0,0.0,25386176052.259186,0,9,0.0,276.7406229864464
0x049ed9ff140a2ad73db0cbd993771d16e86b4b5e,1,1,1.108324,1.108324,0.0,0.0,0.0,0,1,0.0,0.0
0x049eebc628e60f804daae62df6c3715b9273b2c2,329,4,2.3174149343611096e+16,1.9299915950953644e+16,877230213417317.0,877423853597412.4,2119579325642723.5,0,65,1.000220740436357,9.10554076342545
0x049fa027e31206dd10b1ef184e7f564b41eef68f,5,2,9989999900445.3,7000000000000.0,2989999900445.2993,0.0,0.0,0,1,0.0,0.0
0x049fd5a7f8d59517260baefa017b79c0ce19f0d0,1,1,1.107757,1.107757,0.0,0.0,0.0,0,1,0.0,0.0
0x04a0362b7c9bea7f14cbf1f33998ff552f731ce0,1,1,0.999694,0.999694,0.0,0.0,0.0,0,1,0.0,0.0
0x04a0457e163ceef461efc4d0c2a374bad426d1dc,19,4,1081229229379023.4,1249.9870449999999,42.411611,42.411636,1081229229377688.8,0,4,1.000000589461221,1.1560795907445465e-12
0x04a157b002ddedb4b3fdbf6b0cd338be5acfd033,3,1,226358054902291.1,0.0,0.0,0.0,226358054902291.1,0,1,0.0,0.0
0x04a2bcf8c95199866c4ccd9362fdee975eee406d,1,1,1.1,1.1,0.0,0.0,0.0,0,1,0.0,0.0
0x04a38539567837666eb4ee6e027005d14410386d,56,4,1.8528571513599496e+16,1.1419031699393192e+16,7107421811113321.0,5504.257875,2118003087481.9878,0,120,7.744380481813281e-13,5391.4140951365835
0x04a3d07f39b643948c39ad3d3aa24ef03a6b7cfc,8,2,669000022940539.6,667000000000721.1,0.0,0.0,2000022939818.4998,0,86,0.0,333.4961748295001
0x04a43f4584372de76a0c687b3225ac6abeb63504,5,2,617763808300291.6,617605804709268.8,0.0,0.0,158003591022.8373,0,7,0.0,3908.808658785496
0x04a4a3260cfa79343b0d5165dfed70c3236fab43,17,2,1102122200134.5437,1102122199990.8237,0.0,0.0,143.719475,0,18,0.0,7668565446.616221
0x04a4f6e1c8b1917fd9b937a44b5d35fc3e12a275,2,2,28300000000.0,23300000000.0,5000000000.0,0.0,0.0,0,1,0.0,0.0
0x04a5f2cd0cdc04f4c483d3dffc71c218551500d1,4,2,40120000439386.68,30120000000000.0,10000000439386.68,0.0,0.0,0,1,0.0,0.0
0x04a610f9b627d61b1be63f6dbce3cf67ee38a005,4,4,4.39e+16,1.995e+16,2000000000000000.0,2000000000000000.0,1.995e+16,0,1,1.0,1.0
0x04a6b09c4708f4c94670cc52b15b3dddb6c7d04c,29,4,1.1063612143004118e+16,1.1063612142928068e+16,26500.0,7130.097824,42421.385033,0,87,0.269060295245283,260802709160.05167
0x04a6b171582bf89567aa91780db5ad2479fc383c,3,2,7902269569399.256,5268179701373.689,2634089868025.567,0.0,0.0,0,1,0.0,0.0
0x04a72dd82489175d80e1c165e1aba1771955a0f0,21,4,7.861460571048e+16,2.230428069791698e+16,1.7e+16,1.7003111465240992e+16,2.2307213547322024e+16,0,26,1.0001830273671173,0.9998685246187821
0x04a74af2379f0263a60b5df186e0e66d32c88539,11,3,346701810104130.9,146701810101508.38,2600.0,0.0,200000000000022.47,0,17,0.0,0.7335090505074595
0x04a8b2bc24fd83f62bf1a3b4365932e5a25404f6,1,1,106200000000.0,106200000000.0,0.0,0.0,0.0,0,1,0.0,0.0
0x04a965e6c08deeb868d46f4706c70f2df2a0e2aa,3,2,2000000000.001,2000000000.0,0.001,0.0,0.0,0,1,0.0,0.0
0x04a9674c700ebf21d4ab7dcbd5fc6ee6db08c398,1,1,100000000000.0,100000000000.0,0.0,0.0,0.0,0,1,0.0,0.0
0x04a9e17c30292cef63922a16dd24ce3893775ea0,2,1,2.2,2.2,0.0,0.0,0.0,0,6,0.0,0.0
0x04aa1e3a5c1a5b16d83694daa6dde6acfee54eb8,1,1,1.215443,1.215443,0.0,0.0,0.0,0,1,0.0,0.0
0x04aa925e6db233c1af8850a3dcb165ab328f9dfb,1,1,20000000000.0,20000000000.0,0.0,0.0,0.0,0,1,0.0,0.0
0x04ab33227e660e5f2e8263a030a00b71c9323bac,10,1,4.189597358947885e+16,0.0,0.0,0.0,4.189597358947885e+16,0,7,0.0,0.0
0x04aba30626401711e202d5f616cc3bd5fd436408,3,1,1000000002.0042319,1000000002.0042319,0.0,0.0,0.0,0,7,0.0,0.0
0x04ac9be993d9bb591192402243a45e1e9f72b1f8,6,4,1.5206827482302772e+16,4246635237709155.5,3355000000000000.5,3356887417219935.5,4248304827373680.0,0,5,1.0005625684709196,0.9996069986188922
0x04ae0e27e25f13714dbd04b248b64dd748761b79,1,1,1100000000000.0,1100000000000.0,0.0,0.0,0.0,0,1,0.0,0.0
0x04ae4c5aa43f580c6648a3bb4624c73ccae49014,1,1,106282434353.77307,106282434353.77307,0.0,0.0,0.0,0,1,0.0,0.0
0x04ae8c108743167c7457073ba8c1571fd5d56325,5,4,7045850395072.022,5025000000000.0,1000000000000.0,1000324214485.0818,20526180586.93995,0,3,1.0003242144850817,244.80930481519889
0x04ae99f5c4658cad9939c31bc45dd80406f8585d,1,1,1.046292,1.046292,0.0,0.0,0.0,0,1,0.0,0.0
0x04afc5c09a6f06070c0cdbaf2b2604e371f50f41,2,1,200500000000000.0,200500000000000.0,0.0,0.0,0.0,0,1,0.0,0.0
0x04b0a41216bb2d497f14975b2822033f7448e8b1,2,1,1.179797,1.179797,0.0,0.0,0.0,0,11,0.0,0.0
0x04b12ef29de958ef09e983938f51a52fa5f7c487,2,2,50000000000101.336,101.338198,50000000000000.0,0.0,0.0,0,1,0.0,0.0
0x04b16c6a736628ce683a80c5596d31cc5356cc4b,2,2,646330404646.5355,323000000000.0,0.0,0.0,323330404646.5355,0,27,0.0,0.9989781207031961
0x04b195e405d68f64d1ec39cd6504dfc8ac048243,1,1,100000000000.0,100000000000.0,0.0,0.0,0.0,0,1,0.0,0.0
0x04b223027e2abc98aa863153c652fd9ee45ef855,1,1,6558842488.851937,6558842488.851937,0.0,0.0,0.0,0,1,0.0,0.0
0x04b2c599c7edc44ffbcd800cf946d5f46db7836c,18,3,3971303442344664.0,3538424527607591.0,216110536470950.84,216768378266121.9,0.0,0,121,1.0030440061179502,0.0
0x04b2f0087765e57f51ef3c91b2be23d0a02839a6,23,4,8311531370125936.0,5774226953762798.0,9000.0,9028.226461999999,2537304416345109.5,0,23,1.0031362735555553,2.2757328275494637
0x04b351407edcbcf7d3eaf684be50036b27421a43,1,1,1.107549,1.107549,0.0,0.0,0.0,0,1,0.0,0.0
0x04b3ed7b273e9d71d85e364d5101652648be0867,1,1,1100000000000.0,1100000000000.0,0.0,0.0,0.0,0,1,0.0,0.0
0x04b432062e5c082fb32738f31fff2e635e6e7f1f,9,2,22089555542029.84,22089555541650.17,0.0,0.0,379.667892,0,9,0.0,58181257902.2357
0x04b504db381e3058c6f83218501b74d647bbdbd5,1,1,0.010721,0.010721,0.0,0.0,0.0,0,1,0.0,0.0
0x04b5171a7265fe54b02418c345cf4ecb7a6deb11,4,4,5900000000000000.0,2450000000000000.0,500000000000000.0,500000000000000.0,2450000000000000.0,0,1,1.0,1.0
0x04b5762ee57e2fa1cc1dd2e13d284d0284f2d41e,64,4,1.1248230832009621e+17,3.903274426541673e+16,2.744956405467949e+16,1.9e+16,2.7e+16,0,13,0.692178570200679,1.4456571950154344
0x04b59920172985237d8c10f2ee2b3dbf7d56154c,5,4,4388.1662830000005,2012.166283,1710.0,333.0,333.0,0,1,0.19473684210526315,6.04254139039039
0x04b5c5d08ddef275535c5a95a62f803fc1cd3dba,211,4,9.591943809283182e+16,1569496110178339.2,5.301234000018453e+16,4.008284069852843e+16,1254761283940522.8,0,80,0.756103969347305,1.250832433440571
0x04b6c3d520b2521ed9bf523c03967f4a28a32b50,35,4,265956151416368.8,191956151416071.56,74000000000090.0,10.006057,197.270094,0,79,1.3521698648632205e-13,973062604289.4852
0x04b6ea5a19b8945eddc4a141408ec34c2a55a34e,3,3,0.115674,0.053076,9e-06,0.0,0.062589,0,1,0.0,0.8480084359871541
0x04b7e41c0ec19ae1572ad124fded5030d8f399d5,1,1,10244.61574,0.0,0.0,0.0,10244.61574,0,1,0.0,0.0
0x04b7f0bb0ec9de8313180276279984125e9c3f7c,3,2,130016228428302.0,129981652680307.27,34575747994.72886,0.0,0.0,0,6,0.0,0.0
0x04b80ffd9e33286ced79539f6e2a20ca45247833,5,2,9715000000000000.0,9715000000000000.0,0.0,0.0,0.003401,0,94,0.0,2.8565127903557775e+18
0x04b8b16b405662a4d14e27d943036dbd31aab01a,14,4,9191455506898988.0,5096514092996512.0,3000.0,3021.455946,4094941413896454.0,0,47,1.0071519820000001,1.2445877920746693
0x04b9164c0335c93939dc6edb65d2274e96129afe,1,1,1967181762.903478,1967181762.903478,0.0,0.0,0.0,0,1,0.0,0.0
0x04b95fbf82c747ebb71e9117c979aaa7ae0830f1,1,1,7272.150344,0.0,0.0,0.0,7272.150344,0,1,0.0,0.0
0x04b98ee207121943d1e76080a5b4b93345663335,41,4,4.919403679377753e+16,39277930673915.09,2.400000000018525e+16,2.403020864172205e+16,1124550221196315.6,0,40,1.0012586933973568,0.03492768035929117
0x04ba162fac660a46e6b234413543a18cf101670e,1,1,1.107486,1.107486,0.0,0.0,0.0,0,1,0.0,0.0
0x04bc46819f14a5580ed913688666c6f589f55403,2,1,1.134766,1.134766,0.0,0.0,0.0,0,1,0.0,0.0
0x04bc88e5693ac863f9c693930354cf6a000ef077,1,1,90400000000.0,90400000000.0,0.0,0.0,0.0,0,1,0.0,0.0
0x04bcedca9d869d3d6cb35c8e5751160cea90ca4a,1,1,98800000000.0,98800000000.0,0.0,0.0,0.0,0,1,0.0,0.0
0x04bdc271b7afd68bbd52c9366880849c15ba42b7,25,4,1318405462734517.8,1288405462733123.0,30000000000968.582,175.56026699999998,250.720449,0,71,5.852008899811061e-12,5138812840643.576
0x04bdc83e595387020b8cc984cb0e51320f546d74,2,1,1.0526010000000001,1.0526010000000001,0.0,0.0,0.0,0,6,0.0,0.0
0x04bdfb9f9704694ca365b8e27bbdb7e093475340,5,3,737443696269249.5,0.0,10011200648828.912,20022483018485.086,707410012601935.5,0,1,2.000008162939704,0.0
0x04be2a942c1060db1c7615670bb55950a52f8b15,7,4,10930811822873.139,9928393819656.572,1000000000000.0,1418003206.566008,1000000010.0,0,1,0.0014180032065660082,9928.393720372635
0x04bed630357309dc193bebce09a2ae1381166b33,8,3,1002773315414689.0,1002773315414084.8,302.0,302.161587,0.0,0,53,1.0005350562913906,0.0
0x04bee613690e98a1959f236c38abaa5f2439b14a,13,3,255375819462073.25,104141603931.49799,128782573259019.98,0.0,126489104599121.77,0,100,0.0,0.0008233246986888786
0x04bef5ce18d1211e16d3dd30252f7eca71198412,1,1,96619231136.50066,96619231136.50066,0.0,0.0,0.0,0,1,0.0,0.0
0x04bf664ad34a7a838518ba3c22eb1174584589b1,1,1,6723002080.6367,6723002080.6367,0.0,0.0,0.0,0,1,0.0,0.0
0x04c009847728a5d8094b1c88954d5f1a39d02c75,1,1,7000000000000.0,7000000000000.0,0.0,0.0,0.0,0,1,0.0,0.0
0x04c0186b3414b05f8e6d35b8d51f01c25f10011c,7,3,13668710974087.861,13668710949087.861,25000.0,0.0,0.0,1,38,0.0,0.0
0x04c172c3ea090370e7947415ea2d0ee6a486702b,1,1,1.108055,1.108055,0.0,0.0,0.0,0,1,0.0,0.0
0x04c18cbf703c72591f1800b52d801a948f55e00c,66,4,2.4144864857693304e+16,1.0652284517537694e+16,900000061439.2902,900251253630.9072,1.3490780088840536e+16,0,101,1.0002791024160769,0.7895973729754276
0x04c21b856704bd1bf00faceae9a76af5742aa60d,1,1,1.342848,1.342848,0.0,0.0,0.0,0,1,0.0,0.0
0x04c233493c34a74c4739fc589b52d25c5776de4e,3,2,2000000000.000006,2000000000.0,6e-06,0.0,0.0,0,1,0.0,0.0
0x04c252241472f3ddb5dbc77017b3d84b425c3d1e,2,2,5201035225567.643,5000000000000.0,0.0,0.0,201035225567.64285,0,24,0.0,24.871263162373683
0x04c2596bb175752f87f3f41e7352543beec82edf,2,1,3000000000000.0,3000000000000.0,0.0,0.0,0.0,0,1,0.0,0.0
0x04c28766bf1e464f9a87432281d6a456342b7c3e,1,1,1.052575,1.052575,0.0,0.0,0.0,0,1,0.0,0.0
0x04c2c40c7ea88a5a45995542d85b9b21b333b26c,1,1,1.08294,1.08294,0.0,0.0,0.0,0,1,0.0,0.0
0x04c2e657cb2b0d86d7129819808430d889ed2660,20,4,2.3708271177862163e+17,234016.692839,29083.29698,29122.822922,2.3708271177832944e+17,0,36,1.0013590598764364,9.870677245239368e-13
0x04c322117e21cd15163b9954eff247e9f32359a9,6,2,101000002.031053,100000002.031053,1000000.0,0.0,0.0,0,28,0.0,0.0
0x04c3611d4504b454f1309e0f523db8d0f95feac2,101,5,490777840034631.2,483838298602268.0,350000012626.29083,350000119038.5681,6239541300698.37,3,98,1.000000304035067,77.54388909135254
0x04c3ef3269f17c13df50fc16197df38f90c5c587,1,1,1300000000000.0,1300000000000.0,0.0,0.0,0.0,0,1,0.0,0.0
0x04c444bcd609e73fa141cdeb401f9b6ce83d7cbd,6,2,9.004000000001323e+16,40000000000121.83,9.00000000000131e+16,0.0,0.0,0,27,0.0,0.0
0x04c478f571836b5dbcf487f7936f3416c4df0b67,1,1,1.247701,1.247701,0.0,0.0,0.0,0,1,0.0,0.0
0x04c55912af70c59cefbc350eb864071f24835fcf,118,4,3930913225675252.5,2529088269104312.5,1401236170044692.0,235030230434.36655,353756295813.20703,0,35,0.00016773063346407218,7149.238894223779
0x04c5b00702a584b793238546243d15f6edb61527,4,2,1830000020466.0,1830000010233.0,0.0,0.0,10233.000112,0,30,0.0,178833185.79142806
0x04c5ed69842a879976fb324716396c09a6470585,2,2,39000000000.0,34000000000.0,5000000000.0,0.0,0.0,0,1,0.0,0.0
0x04c609ac41995cf128cde8e7835aeed7e8bb7d8a,1,1,12601847188.778856,0.0,0.0,0.0,12601847188.778856,0,1,0.0,0.0
0x04c665fe7d65749cb83076630cae591cb8ec8307,1,1,1025746557085.1187,1025746557085.1187,0.0,0.0,0.0,0,1,0.0,0.0
0x04c66a0474f1c6dee2a36fc6254f60989ba2651a,17,4,17393300984771.23,17393300980772.094,787.803451,787.9565100000001,2423.376797,0,4,1.0001942857698907,7177299461.769211
0x04c6afa4eb74e06d5258c5a96eeedc60f24c271a,2,1,5.074986,5.074986,0.0,0.0,0.0,0,6,0.0,0.0
0x04c703a95f5d4215926e8b45668f709bcfef0163,2,1,2.0203439999999997,2.0203439999999997,0.0,0.0,0.0,0,3,0.0,0.0
0x04c873241fe90e09ceaa93cdab3cc5c55ab863cd,26,4,176180612597405.72,176067075432526.2,146.95457900000002,47.358311,113537164685.19493,0,70,0.3222649564393634,1550.743986964165
0x04c89b6513400df610c062f09bc243a743f34fd9,85,4,2.8644946282094796e+16,1.1273527367669986e+16,1.4293697980940544e+16,1534922171969057.0,1542798761515211.0,0,107,0.10738453925749292,7.307192388849241
0x04c9029e4d939213902d632ba2fb6f4fe2cbdc8c,1,1,100000000000.0,100000000000.0,0.0,0.0,0.0,0,1,0.0,0.0
0x04c9481dd5aaf3a65d387b5e8c53e805c95cb70a,12,4,7044494094207.436,38619.0,10000.0,10003.946637,7044494035584.488,0,12,1.0003946636999999,5.482153836020069e-09
0x04c95c6f8ea7ff7c3f7a2f148fae75650c5a875e,9,2,117027532204839.27,58513732658577.484,0.0,0.0,58513799546261.79,0,69,0.0,0.9999988568904289
0x04c9a437a766af5c8de653ac66d61e9217a7455f,2,1,1.367802,1.367802,0.0,0.0,0.0,0,8,0.0,0.0
0x04c9b1744e0cc0e2879bbbb41b6a77e10625b87a,3,2,20000000000000.0,15000000000000.0,5000000000000.0,0.0,0.0,0,1,0.0,0.0
0x04c9ea8aaa2bf73bd0301a314d8d865b89843587,4,4,1.2598e+16,5300000000000000.0,999000000000000.0,999000000000000.0,5300000000000000.0,0,1,1.0,1.0
0x04ca10d9c7fd91eaefbc8f78406162eb8b76bc28,1,1,10005919099346.97,10005919099346.97,0.0,0.0,0.0,0,1,0.0,0.0
0x04ca9d52ee6f8638fa959375b6963d080d4c844f,125,3,6.819153543765035e+18,4.287002324156569e+18,2.532151219608462e+18,4000.0,0.0,0,129,1.579684486860349e-15,0.0
0x04cb9f14ec7372bc0cce89756a395787703d8bd2,1,1,5023990142.455051,5023990142.455051,0.0,0.0,0.0,0,1,0.0,0.0
0x04cc760c74225af2df2dff53f0710c61c22edad3,1,1,100000000000.0,100000000000.0,0.0,0.0,0.0,0,1,0.0,0.0
0x04ccad654b08f198e01402063ae2a2f1fc0fe6f0,1,1,4092390628.983314,4092390628.983314,0.0,0.0,0.0,0,1,0.0,0.0
0x04ccc2b6e312d9bd573b3885b4c2bfd29c5493e3,2,2,534.333697,297.661095,236.672602,0.0,0.0,0,1,0.0,0.0
0x04ccd789d60c68242d38ba1691a5debe545d9d74,8,2,299903361868445.3,99939752775741.31,0.0,0.0,199963609092704.0,0,74,0.0,0.499789702882432
0x04cd1eed570dbc3ab3793b06160cdf21797806c5,1,1,100000000000.0,100000000000.0,0.0,0.0,0.0,0,1,0.0,0.0
0x04cd500c83e303daad0971760823fcb6f8c870e7,5,2,257532923209549.53,153728594531369.16,0.0,0.0,103804328678180.36,0,91,0.0,1.4809458958880861
0x04cd5ffd4e9ef854e03b7e9fe865301b540048c2,4,4,1.32e+16,5900000000000000.0,700000000000000.0,700000000000000.0,5900000000000000.0,0,1,1.0,1.0
0x04cda19cb300c98a5ff01a9bafc907e8751268d8,99,4,502767896718714.6,362747084478836.2,408500.0,408643.9129940001,140020811422734.52,0,106,1.0003522961909426,2.5906654931721005
0x04ce10ad684ea76ea7bf024ec8febcc7bb7b89f3,2,2,1055000000.229232,1000000000.0,55000000.229232,0.0,0.0,0,1,0.0,0.0
0x04cf5e616dda9b78c09039cb39ccddb5631d066f,4,1,8573495470.821876,8573495470.821876,0.0,0.0,0.0,0,8,0.0,0.0
0x04cf852c910191225e836742eeffffccc4b99d1c,1,1,1300000000000.0,1300000000000.0,0.0,0.0,0.0,0,1,0.0,0.0
0x04cfb28b98f11cae504cf359c247ab64c21be05e,13,1,11523.131789000001,0.0,0.0,0.0,11523.131789000001,0,57,0.0,0.0
0x04d079566c66be71fa4a6a70ed58c65284f6f82b,2,1,7605389524.295543,7605389524.295543,0.0,0.0,0.0,0,8,0.0,0.0
0x04d0d0c4bf3ff7d5b54869b813a4026414b57f1d,4,4,9200580000000000.0,4600000000000000.0,290000000000.0,290000000000.0,4600000000000000.0,0,1,1.0,1.0
0x04d0f59c2b4e23210dd7f6ece497e732814e759b,1,1,1.108535,1.108535,0.0,0.0,0.0,0,1,0.0,0.0
0x04d12047150d1cf5f6560369261cdffc4ea65524,2,2,150000077173.84488,100000000000.0,50000077173.84487,0.0,0.0,0,1,0.0,0.0
0x04d1cdf9fd1122f863126c50fc96cdfcb6400172,34,4,24043554388455.395,17800000000250.84,6242950301007.752,603838776.314608,248420.48916199998,0,37,9.672330343830142e-05,71652704.89682959
0x04d1e3032002bf14d508b9be1272bcd391991740,8,4,1.4601285739610436e+16,1.0600000000000004e+16,2000000000000000.0,2001285739610429.8,3.166516,0,3,1.0006428698052148,3347527692896547.5
0x04d24342c8b8a7310d9119d891c44b867187f033,2,2,20486.000111,10243.0,0.0,0.0,10243.000111,0,1,0.0,0.9999999891633312
0x04d25fb9b9ab1c310a20c74012f31a98d8a3fb60,1,1,90000000000.0,90000000000.0,0.0,0.0,0.0,0,1,0.0,0.0
0x04d34271e0216a8e3bab7598557112f70a06dc48,4,4,2519999970000000.0,1000000000000000.0,260000000000000.0,260000000000000.0,999999970000000.0,0,1,1.0,1.000000030000001
0x04d3878b491afb02abaec1dc7964e69cd01781be,7,4,3.2186e+17,9.0219e+16,7.000000000000001e+16,7.074e+16,9.0901e+16,0,88,1.0105714285714285,0.9924973322625714
0x04d3f7e620e40fc5e78ba88b1a1745d33e722a8d,1,1,100.0,100.0,0.0,0.0,0.0,0,1,0.0,0.0
0x04d636d093a0ec32e981c2c87b47ad8437f5c8c8,4,4,6000400000000000.0,3000000000000000.0,200000000000.0,200000000000.0,3000000000000000.0,0,1,1.0,1.0
0x04d7391040d7da7f5e9e04f78b3f516a0a0ceaf4,1,1,1.287318,1.287318,0.0,0.0,0.0,0,1,0.0,0.0
0x04d77f0bcc07515b0ba5d67bb812d6dcf1f1b2f6,51,4,644752980155214.8,518017609308956.7,106118400854490.0,7993463528.657757,20608976528239.473,0,36,7.53258950784457e-05,25.135532984820596
0x04d7a4f5ef30dfb0b266376a4d08621540786c8a,1,1,1.953126,1.953126,0.0,0.0,0.0,0,1,0.0,0.0
0x04d8763310b89bc61ced6f4a86f3eeca7613a157,1,1,4706987271.748934,4706987271.748934,0.0,0.0,0.0,0,1,0.0,0.0
0x04d8e6eb0e3e3a7211ad92355c9c35e107bbc7eb,1,1,8.608103,8.608103,0.0,0.0,0.0,0,1,0.0,0.0
0x04d9d6934fa51db9f34afd7e65ca08a9d9dfd818,4,3,11536463778547.738,10136463778547.738,1000000000000.0,0.0,400000000000.0,0,7,0.0,25.341159446369346
0x04d9f6ecd792e48a09fa5dc2138baed8e628a7e5,1089,4,2.824779471903589e+16,1.052219403314794e+16,5065978824042429.0,4899992757466594.0,7759629104378923.0,0,82,0.9672351440183508,1.3560176513088806
0x04db48ca88f936bacd571b4c4ff4e3b1f5687bcb,1,1,105700000000.0,105700000000.0,0.0,0.0,0.0,0,1,0.0,0.0
0x04dbfb3ea8b3a57a8e4bcec3af0269344b929f6a,1,1,5991656090.810632,5991656090.810632,0.0,0.0,0.0,0,1,0.0,0.0
0x04dc49397769e402f28c1e65cefcf31664a03377,1,1,37000000000.0,37000000000.0,0.0,0.0,0.0,0,1,0.0,0.0
0x04dc6792cdf6f04acf894780cfb486fd0987ae86,12,3,2.9991000000045052e+16,2.9991e+16,22518.935573,22532.769531,0.0,0,10,1.0006143255730342,0.0
0x04dcc7c1dc6cd28a3d7e1c16d6567643445014c2,1,1,6621396944.317618,6621396944.317618,0.0,0.0,0.0,0,1,0.0,0.0
0x04dd50bdd139a9981bbaca6451f79b22d5af3ecf,3,3,3150000004005.0,2750000000000.0,4005.0,0.0,400000000000.0,0,2,0.0,6.875
0x04dde662ee487ca57b13932a23352eb854ec36bf,1,1,100000000.0,0.0,100000000.0,0.0,0.0,0,1,0.0,0.0
0x04ddf96a61c4c44731f04df4e963f61cfe3c9c6d,147,4,2.8072007397055e+18,1.0313498356671423e+18,9.202000000019299e+17,8.071690349253844e+17,4.848186911104372e+16,0,68,0.8771669581870155,21.27289757135643
0x04de57ea266868ee5ba9d98e744113d1ef889e15,2,1,12347496770.393314,12347496770.393314,0.0,0.0,0.0,0,2,0.0,0.0
0x04df6080e88b03f222a7297562428c5828a59500,1,1,1.986654,1.986654,0.0,0.0,0.0,0,1,0.0,0.0
0x04dfa904deeccfe06cfa698966deb2483c8b759e,2,2,2021.582305,1010.790605,0.0,0.0,1010.7917,0,1,0.0,0.9999989166907485
0x04e086dbc437c49e89ffd74cd11beb59d49e6180,1,1,1300000000000.0,1300000000000.0,0.0,0.0,0.0,0,1,0.0,0.0
0x04e0d1a9aa9a0196175bd65c925de8975e0119db,1,1,400000000000000.0,400000000000000.0,0.0,0.0,0.0,0,1,0.0,0.0
0x04e143012ddcd4da17c439992614f51d4f2d367d,4,2,218802022.83566198,200000001.01388198,18802021.82178,0.0,0.0,0,24,0.0,0.0
0x04e1a99f76658931ef68f1b6a948378834282954,28,4,1672143243143466.0,421100000001307.0,1051.506648,1051.520625,1251043243140056.0,0,33,1.0000132923553329,0.3365990762592403
0x04e1d908395d64f429d57b7e848e4b63b1cdd91a,2,1,2.038084,2.038084,0.0,0.0,0.0,0,8,0.0,0.0
0x04e2100602d434733dd26d5a4d17257a89038df9,1,1,1.109815,1.109815,0.0,0.0,0.0,0,1,0.0,0.0
0x04e2b5c5d91f7f630d36142043d8a1752af689c0,4,4,1.2376e+16,5300000000000000.0,888000000000000.0,888000000000000.0,5300000000000000.0,0,1,1.0,1.0
0x04e40c8f0b5c7e71d2eaca55387405326d533f56,44,3,6673216940387794.0,2361977446635874.5,1055441110106397.9,0.0,3255798383645523.0,0,28,0.0,0.7254679707750098
0x04e45ee310048f79d0eb1d7efedaa45c1973dcc1,6,2,209750793053360.8,209750793053255.8,105.0,0.0,0.0,0,18,0.0,0.0
0x04e492d349e82cafdc314cc0d966592b6ee9df11,675,4,1.618241496971069e+17,1.0348091375065733e+17,1.750699532843675e+16,1.6353095046902392e+16,2.448314557111046e+16,0,79,0.9340891877854066,4.22661840775731
0x04e51339af9f53915c2ad3a955b13c9ba5a67433,26,4,9.894956501457674e+17,2.8170864645033984e+17,2.125e+17,2.1306245634434512e+17,2.8222454735108246e+17,0,51,1.0026468533851536,0.9981720197424895
0x04e545de9c2079cc8b219c9a4fa15c9d0d1ff73e,1,1,1.108674,1.108674,0.0,0.0,0.0,0,1,0.0,0.0
0x04e55a3ae9d3083544409b1bb9809f983f67fbdf,18,4,5993722191196022.0,1995512586040291.8,1000000000001000.0,1001114179923246.5,1997095425231483.5,0,17,1.0011141799222454,0.9992074293640685
0x04e5b03ac3867124c0ecf5f079cf68abbd158ff7,2,1,591671093706487.4,591671093706487.4,0.0,0.0,0.0,0,18,0.0,0.0
0x04e62093139964b4f730dd93634ad193dc13ecca,1,1,239371315040000.03,239371315040000.03,0.0,0.0,0.0,0,1,0.0,0.0
0x04e68b05315dffd1b2ab7bbd2efec17623835017,2,2,2080.002,1040.000989,0.0,0.0,1040.001011,0,1,0.0,0.9999999788461742
0x04e6cc49e0aeb43a93278ab30be2fb6dc8911e18,1,1,2087139215.923505,2087139215.923505,0.0,0.0,0.0,0,1,0.0,0.0
0x04e6e7c324cfb56173d2028e18bf3207b169a71a,28,4,242968657667143.88,206900507394059.6,343.45164200000005,343.484323,36068150272397.336,0,4,1.0000951545894778,5.736376992761918
0x04e81e32966b75f900c2aa2bf7f0c31f75c11310,2,2,25400000000.0,20400000000.0,5000000000.0,0.0,0.0,0,1,0.0,0.0
0x04e890472a98d3770cd1b14c3717eb39a4978d0b,1,1,1.108505,1.108505,0.0,0.0,0.0,0,1,0.0,0.0
0x04e8a3412d46f8625005d8e320c45b6f3c0242df,17,4,6852435704621.918,6852435696467.905,1800.0,1801.348089,4552.6645960000005,0,12,1.0007489383333334,1505148370.1409714
0x04e9191932a0f33c8c13eb760727139f73d3f0e0,1,1,1400000000000.0,1400000000000.0,0.0,0.0,0.0,0,1,0.0,0.0
0x04e9601bd84b0934af81475670ae5d0ab5e4b9b9,26,4,12166303537320.16,6083075799955.352,128900.0,5401.26,6083227603063.549,0,62,0.04190271528316525,0.9999750456306911
0x04e96cdcfbcce8c972c5f976117784933e0cc6af,6,2,4741925243.76831,4741925243.568309,0.2,0.0,0.0,0,29,0.0,0.0
0x04ea240f764d8784d76485863ee5accf9e336f9e,19,4,311.77659499999993,92.515614,63.360199,63.372910999999995,92.52787099999999,0,5,1.0002006306829938,0.999867531805633
0x04ea49503f7426021b1f1f82ee6ade6afa30b79e,2,2,167767596804569.3,83883797030768.2,0.0,0.0,83883799773801.11,0,1,0.0,0.9999999672996107
0x04eae81b5fc871555f850f1d8c5e0c94d2791760,2,1,2.2,2.2,0.0,0.0,0.0,0,6,0.0,0.0
0x04eb9b28d200a20337a5383b02f8b19cd419f577,58,5,194906162971727.38,144808527587507.78,47000000004546.57,1225.1074790000002,3097635378447.871,1,80,2.606611657194657e-11,46.74808681326039
0x04ec042478e6aa2a0a655edc088f3cc39cf0a7dc,13,4,43630883923992.516,43630883823738.12,11572.812553,11578.756396,77102.833877,0,6,1.000513604015686,565879120.5176874
0x04ec067d7fc89512e7b585fde128b0e5c423cf0d,1,1,3916348711.271393,3916348711.271393,0.0,0.0,0.0,0,1,0.0,0.0
0x04ec1f418d38fb0f849d62eacf9727ad9f8e410c,20,3,22110066626808.83,22110066597851.83,27957.0,1000.0,0.0,0,85,0.03576921701183961,0.0
0x04eca276ed3206f92fc117deea34b7b02d95a805,2,2,2454.256347,1226.567693,0.0,0.0,1227.688654,0,9,0.0,0.9990869338114775
0x04eca8193ca0a4ea0b368ad36d79eba7654262b3,22,4,6.222317473194972e+16,1.606182012298e+16,1e+16,1.0001231880305786e+16,2.6160122728663932e+16,0,3,1.0001231880305785,0.6139810691859212
0x04ecaede106078c2948534c5fdf128941c7fb638,3,1,54000000000001.86,54000000000001.86,0.0,0.0,0.0,0,31,0.0,0.0
0x04ecb5f063d5ffbaf3268af1a3ccaac296f74121,11,4,2.676601814201828e+17,7.422829604514987e+16,5.9e+16,5.963344515658529e+16,7.479844021844765e+16,0,87,1.0107363585861913,0.9923775927461498
0x04ee01137811d587ecbef9262a8db2248666f341,7,3,1.1702545621596832e+16,0.0,5007.197704,10014.396325,1.1702545621581808e+16,0,1,2.0000001831363674,0.0
0x04ee10fd378f7cad5ac5751d7cd0f42b13ee3b76,481,4,4.9480106881298355e+17,3.2901996463330765e+17,1.2699538746401016e+17,6000000197764896.0,3.278571651790085e+16,0,135,0.04724581197459054,10.035466647607482
0x04ee321ee32021c6607a5e6421b3e09008bebc08,3,2,2100000000000.0,2000000000000.0,100000000000.0,0.0,0.0,0,1,0.0,0.0
0x04ee3685ad086d8b06d07ea3a32a69e449b7bd26,2,1,2.0625970000000002,2.0625970000000002,0.0,0.0,0.0,0,7,0.0,0.0
0x04ee3835955923dd6d2ff0329e9c1a18da6b4380,2,2,543339204608939.8,271517000000000.0,0.0,0.0,271822204608939.8,0,14,0.0,0.9988771902965804
0x04eefaeb6f90a5627dba307c15a65acf3e589573,23,4,80730897617080.38,19529.580198,16501.933963,18011.749115,80730897563037.11,0,19,1.091493224696284,2.419096131409999e-10
0x04efc3225aa96a0fcb977bfbada6712f99310545,8,3,1002892908001.3596,0.0,478.594598,958.803207,1002892906563.9618,0,25,2.003372397028184,0.0
0x04efe4bae2f7deedf8732cb2bc073e13bf8b5cef,1,1,1.144087,1.144087,0.0,0.0,0.0,0,1,0.0,0.0
0x04f004eb2431e8f79fe0c671c807ecb2f5cc71ff,29,4,534750565537127.06,107905932958845.19,100000000000300.0,100463386533087.48,226381246044894.5,0,111,1.004633865327861,0.4766557956724293
0x04f045ffe6b1bfed1f8897fbe64cee0e08c55b28,1,1,104500000000.0,104500000000.0,0.0,0.0,0.0,0,1,0.0,0.0
0x04f0cc7872e3a366fc937c3a1bbe11bb8d425dbf,1,1,1130000000000.0,1130000000000.0,0.0,0.0,0.0,0,1,0.0,0.0
0x04f14602b7d1fdaa374aef914bb161e5cbeba6e6,180,5,7.138076063370047e+16,4.031753272715817e+16,3510041559753226.0,3508516356396922.5,2.4044669990392176e+16,1,44,0.9995654742742104,1.67677629775199
0x04f1d25968cc1ad76e773d1b06acee6c502c93dd,149,4,1.0497258136552718e+16,7443854495647753.0,996985656690640.9,219867398199.72293,2056198116816126.5,0,101,0.00022053215783418895,3.620202953582129
0x04f1fc616db817879898aa1635d574593f227b4e,145,4,8973250978163303.0,8157231377697232.0,815519600457210.9,4875.575091,500000003985.6745,0,88,5.9784891598761934e-12,16314.462625346188
0x04f240a979ad95e8a88286515c2d8599f28d71b5,1,1,4739631917.266456,4739631917.266456,0.0,0.0,0.0,0,1,0.0,0.0
0x04f254950c0edc6c302d0dfbdd247b2ebf303a7b,1,1,1.8332,1.8332,0.0,0.0,0.0,0,1,0.0,0.0
0x04f2622ab4624a554e3c036cce245508d10a24c4,3,1,4.495674,4.495674,0.0,0.0,0.0,0,12,0.0,0.0
0x04f273dde0c27ae188f81246bbda93f444cd9dd3,10,4,472.510148,163.335049,72.920001,72.920018,163.33508,0,1,1.0000002331321964,0.9999998102061112
0x04f2c1bc52e361bc08d4561996a9f2bd55673be0,3,1,2.120813,2.120813,0.0,0.0,0.0,0,14,0.0,0.0
0x04f34aafd1cb080f5ad336532223c3a058b3f0b6,2,1,236503392942.00116,236503392942.00116,0.0,0.0,0.0,0,2,0.0,0.0
0x04f36041728f59a4826229f8887aaacbd7ad4ab7,1,1,198687.66912,0.0,0.0,0.0,198687.66912,0,1,0.0,0.0
0x04f3b912d38ca5a151b69d7e00df3535fdbea00c,1,1,1.1,1.1,0.0,0.0,0.0,0,1,0.0,0.0
0x04f4a65b8953363a618e63802ffec52341ae2418,2,1,2049.42,0.0,0.0,0.0,2049.42,0,1,0.0,0.0
0x04f4d6f45d2132ab59a825b0ef294eef87a652bf,30,3,692030002269028.9,509000000000321.06,183030002268385.94,0.0,321.838953,0,22,0.0,1581536340631.5862
0x04f5a06edf6a92e77d6aa12bdb2c5c7517553fa5,6,4,846.878738,263.888648,159.504032,159.548702,263.937356,0,8,1.0002800556163998,0.9998154562099953
0x04f5c67be870758e6d5200a15f7722b471ebb821,10,2,6076881111168.808,4051724842354.6973,2025156268814.1106,0.0,0.0,0,1,0.0,0.0
0x04f648bb839033bba7c6341529bd7dd6fd6d413e,148,4,1.1550280722735136e+17,481074449475550.4,5.648800000027606e+16,4.399372790219579e+16,1.4540004875403958e+16,0,107,0.7788154634963318,0.033086264660704585
0x04f697d98ce1f8474e39080cd83f5f6c0c1c3566,1,1,1200000000000.0,1200000000000.0,0.0,0.0,0.0,0,1,0.0,0.0
0x04f6bf8745b567f40cc01a330f128b6a4924ee49,1,1,6596623553.360848,6596623553.360848,0.0,0.0,0.0,0,1,0.0,0.0
0x04f7668e8c18066cb8f5c808abc6a31776d45b50,1,1,1.103157,1.103157,0.0,0.0,0.0,0,1,0.0,0.0
0x04f8dbe39e3bc4bbdf514563f1e63acd040edcae,2,2,6009249567834.662,9249567834.66217,6000000000000.0,0.0,0.0,0,1,0.0,0.0
0x04f9badc15f3c5af9851b72753bf3f81c138199d,1,1,100000000000.0,100000000000.0,0.0,0.0,0.0,0,1,0.0,0.0
0x04fa883269422682eefb7dda4ebfd66859e0fe63,2,2,60000000000.0,50000000000.0,10000000000.0,0.0,0.0,0,1,0.0,0.0
0x04fb136989106430e56f24c3d6a473488235480e,474,4,4.683329781636773e+16,4.682920104392084e+16,159001.219808,19103.945380999998,4096772268783.586,0,131,0.12014967812239892,11430.755231563156
0x04fc359e0a815db4ee2498873da41a0143a594aa,4,4,3.607400000000003e+16,1.8037e+16,12.0,12.0,1.8037e+16,0,1,1.0,1.0
0x04fc43e8f4da7fbae135cb0ae73b8913d8e044d8,97,4,1227007586197140.2,1227003793057412.0,706.0,708.526366,3793138313.509618,0,73,1.0035784220963173,323479.84482593817
0x04fda72d3a0dbbfa6793a604cedb5e5631750df2,2,2,100000000000.5,0.5,100000000000.0,0.0,0.0,0,1,0.0,0.0
0x04fdac80b3ca0b9066bd275f176dc807e3908a8e,66,4,8910920539818363.0,4323842642483950.5,8217.25718,8225.791059,4587077897317969.0,0,81,1.0010385313265806,0.9426137378246988
0x04ff89258f0a198a5e4eae633e23ec775c9e9bd1,1,1,624509987573109.4,0.0,0.0,0.0,624509987573109.4,0,1,0.0,0.0
0x04ff9dd102dedd2eff35669ee390088e7fc86799,2,1,952317847437.8328,952317847437.8328,0.0,0.0,0.0,0,5,0.0,0.0
0x05014b4f8d9230eee9660f5f6eba4f0597d6bd86,2,2,25600000000.0,20600000000.0,5000000000.0,0.0,0.0,0,1,0.0,0.0
0x0501ce52054d546b62045da91647212e00d85f9e,4,4,1.0642e+16,4654000000000000.0,667000000000000.0,667000000000000.0,4654000000000000.0,0,1,1.0,1.0
0x050484aa3d8c76fe796065d087d27ec6f65eeb2e,1,1,1.357133,1.357133,0.0,0.0,0.0,0,1,0.0,0.0
0x0504cced39e796912c3561e419d9853f2c8edb46,2,2,11472968657339.018,5736435960745.947,0.0,0.0,5736532696593.07,0,87,0.0,0.9999831368786269
0x0505116ac892a4ef2aa69c564ce9e979ed64b365,1,1,1500000000000.0,1500000000000.0,0.0,0.0,0.0,0,1,0.0,0.0
0x050549548f99459d428600bee674a74694230e66,2,2,2104.039874,1052.019899,0.0,0.0,1052.019975,0,1,0.0,0.9999999277580257
0x0505a6505a8eccacaa8df452a8cef062ccb5009b,1,1,501567088411145.1,0.0,0.0,0.0,501567088411145.1,0,1,0.0,0.0
0x0505bad45bc350d3fdcd670800343626696d5ec6,38,4,320651187700312.6,288239078463214.1,240.544532,2.910958,32412109236855.016,0,30,0.012101534696286506,8.892944188138936
0x0505d4ef991d3b14402e72e1ab9e3aa59f55f922,1,1,9848416796.136496,9848416796.136496,0.0,0.0,0.0,0,1,0.0,0.0
0x05065b24176036224ef342720c6ed16dbd63e60e,1,1,5000000000000.0,5000000000000.0,0.0,0.0,0.0,0,1,0.0,0.0
0x05066984aed3b7fc5416009da73b484ed6ad32a8,3,1,96712.203584,0.0,0.0,0.0,96712.203584,0,19,0.0,0.0
0x05069a643656f4d38df42b054c3c25ce75c53cfb,129,5,3246630640873854.0,2093104747970257.5,360000000001713.5,150069279744303.06,643456613157579.9,1,92,0.4168591103988577,3.25290735252365
0x05070c5b87fb811ad523053e8d0ddc1de663676a,13,3,2.809714629093788e+16,2.2522e+16,5000000000000000.0,575146290937881.1,0.0,0,10,0.11502925818757623,0.0
0x050720de5b724af8082190ae387174f5fe472d4b,12,4,91152940499666.11,1043.0,543.186436,544.114707,91152940497535.81,0,20,1.0017089362665896,1.1442307777533475e-11
0x050748fc07e2d0d53700c064080b9602ef427af8,2,2,450000000599.7495,300000000000.0,150000000599.74948,0.0,0.0,0,1,0.0,0.0
0x0507e072424cfede022924eb8e6ad3e26144dbaa,2,2,218.39959399999998,109.133699,0.0,0.0,109.265895,0,13,0.0,0.9987901439877466
0x0507e9f881b32d9d03b58f5e6830ddc8298c12a8,1,1,1.701272,1.701272,0.0,0.0,0.0,0,1,0.0,0.0
0x0508c3a6cb083b03d760a2cd7bd28a0a32a63e84,288,4,1.558972301372596e+18,5.95741141370737e+17,5.3022000000082336e+17,3.247517558356968e+17,1.0825940416533902e+17,0,45,0.6124849229285815,5.502904306224448
0x0509083749716b68f0fdb490a59ca62f2cffebb9,304,1,428.481038,0.0,0.0,0.0,428.481038,0,22,0.0,0.0
0x0509136da13c1775aa7237d63a63f435cdb23197,2,2,78.467399,39.231772,0.0,0.0,39.235627,0,3,0.0,0.9999017474602865
0x05097c27631f3c41237c7abef075c4b8e281eae7,134,4,2.6167719839490996e+16,1538575723997960.8,1.1600303267990796e+16,1.1659095750775684e+16,1369745096726554.0,0,70,1.0050681849798804,1.1232569677926805
0x050ac21c63ee3edddbe27bdaa7a87b0c9f5fd75b,3,2,1534983323740.7139,1000000000000.0,0.0,0.0,534983323740.7139,0,2,0.0,1.8692171430836262
0x050b2acf987f60bbfac8a8312a5c84c781058b52,2,2,80000000000035.0,80000000000000.0,35.0,0.0,0.0,0,1,0.0,0.0
0x050b4bb9be40ce8f0780b3a4d119b6561a14caf9,1,1,100000000000.0,100000000000.0,0.0,0.0,0.0,0,1,0.0,0.0
0x050b9861eb66bbee28c7057c7af7b1a33ca50730,1,1,109700000000.0,109700000000.0,0.0,0.0,0.0,0,1,0.0,0.0
0x050bcc773c1dd7b78624291f1ca3facb690ef09c,30,4,6893296317747.58,3980967954263.7373,800000002865.2301,800040379182.3406,1312287981436.274,0,42,1.0000504703962074,3.033608484249505
0x050cec6a33d5ee57eaaa8124bdb9bcb7e0d817db,6,4,50000000004.01924,50000000001.981445,0.028179,0.028179,1.981449,0,1,1.0,25234058510.706783
0x050cf8ea7593b7bb1f51c191dbcb75bfba775951,1,1,1.0,1.0,0.0,0.0,0.0,0,1,0.0,0.0
0x050d9f92aaad5c4fb676e3e4f233e18e6f167698,79,4,49838722393290.77,49454437788278.43,33988570688.085262,33988575187.89513,316307459136.36255,0,79,1.0000001323918535,156.3492619595741
0x050e68c5c08af60e96a029790429280173a0e3ae,2,1,2.2,2.2,0.0,0.0,0.0,0,5,0.0,0.0
0x050ee024a0ffd8b9bd383271835b27dd66c3fec3,442,4,9.193790389401907e+17,3.102142172554634e+17,3.3793316054725184e+17,2.5526540109359773e+17,1.5966260043877848e+16,0,126,0.7553724549559409,19.429360188481517
0x050ee970027f0aa640f5aa9c41711cc0c8394c08,1,1,0.997571,0.997571,0.0,0.0,0.0,0,1,0.0,0.0
0x050eff11eb0b016fd8cf4d4f564584626f09ee60,8,4,1259262522695920.5,600000000000000.0,350.0,350.787104,659262522695219.8,0,74,1.0022488685714286,0.9101078543750057
0x0510840e9e4c409e787032092cd6b5e254ac7398,1,1,108412836080000.02,108412836080000.02,0.0,0.0,0.0,0,1,0.0,0.0
0x05119e9c19a50e66cc085b2dd2730897f470747f,8,4,719640000004166.6,719640000001540.4,1245.964848,20.001124,1360.234102,0,7,0.016052719330007934,529055990394.1744
0x0511ff29c615e4b1065da22819195b7080a1ff28,16,4,854063330579.7467,854063330060.7882,179.73622500000002,70.99319,268.229103,0,18,0.39498542934235986,3184081520.269589
0x051203d8cbd5bec7c146f2069732f2f702090bc6,2,2,711869234000000.0,355934617000000.0,0.0,0.0,355934617000000.0,0,1,0.0,1.0
0x051223e88f14ac86df41c922708e5cefda143be9,1,1,5464.752172,0.0,0.0,0.0,5464.752172,0,1,0.0,0.0
0x051322e63857114edb8fd44e4bc3f857455a04f7,9,2,312286847808883.3,200515026197552.62,0.0,0.0,111771821611330.73,0,84,0.0,1.7939675967240893
0x0513daff1a6ce3102010486fef7d04b2c58b48e3,1,1,1.047186,1.047186,0.0,0.0,0.0,0,1,0.0,0.0
0x051464267416f04a0b38b081f7f6eb150a588dfb,48,4,58214486757568.28,56132486681768.3,25500.0,16000.0,2082000034300.0,0,27,0.6274509803921569,26.960848106153318
0x0514b16bf0189ad858d11a0d07ff2c9184b43725,1,1,1.105929,1.105929,0.0,0.0,0.0,0,1,0.0,0.0
0x0514b5bc8f8e08e9fbbab3485d7c2da554b689fc,2,2,0.179886,0.089943,0.0,0.0,0.089943,0,1,0.0,1.0
0x0514f902f3334cd844e622604adcf9925889482c,1,1,35000000000.0,35000000000.0,0.0,0.0,0.0,0,1,0.0,0.0
0x051682b8fe0c234966e0951432375155b292a5b4,2,1,2.219298,2.219298,0.0,0.0,0.0,0,1,0.0,0.0
0x0516cf37b67235e07af38ad8e388d0e68089b0f2,1,1,4100146198.097116,4100146198.097116,0.0,0.0,0.0,0,1,0.0,0.0
0x05182e579fdfcf69e4390c3411d8fea1fb6467cf,9,3,449500000006964.2,350000000000108.3,99500000006755.6,0.0,100.282327,0,90,0.0,3490146374446.4995
0x051886c7bef4b86906cb0994f14a4f6a1d120a7b,4,2,875197811146444.2,824155334615280.6,51042476531163.61,0.0,0.0,0,84,0.0,0.0
0x0519064e3216cf6d6643cc65db1c39c20abe50e0,1,1,2.5,2.5,0.0,0.0,0.0,0,1,0.0,0.0
0x05190ff26392bd741bb32dab2e595c91f5fb3fbe,1,1,980774000.0,980774000.0,0.0,0.0,0.0,0,1,0.0,0.0
0x051a3190c9342211eb311723b23b8c7cbd7b5a5d,4,2,1221164383944367.0,924664571644921.6,296499812299445.44,0.0,0.0,0,3,0.0,0.0
0x051a6bf6bd50213d8b14f77dd427be815526f4bb,1,1,1.108624,1.108624,0.0,0.0,0.0,0,1,0.0,0.0
0x051a6fe65a216f7707a920576fbcbf5f5793d1dc,2,1,1.000805,1.000805,0.0,0.0,0.0,0,8,0.0,0.0
0x051ae28151a68cceea5e234694b82c913a802fb9,5,4,360000000000255.75,360000000000063.94,63.934426,63.939859,63.937562,0,2,1.0000849776926126,5630493073853.269
0x051b2dead3264561e278a155911993dd2bfcbc81,4,1,5999658611928460.0,5999658611928460.0,0.0,0.0,0.0,0,41,0.0,0.0
0x051b903060920fc5751479a85ad5340587267a53,39,4,6863487400105209.0,4643788066328788.0,1219895017289458.8,300024742448590.56,699779574038371.5,0,58,0.24594308378702082,6.636072612879884
0x051ba1cf67593ea9e697a1039c549cc94660c4b2,24,3,2.2632100003529104e+16,1.54961e+16,7136000003529102.0,0.0,0.0,7,23,0.0,0.0
0x051ca9ee1263a1d2a6d25d7c284a2ae9c3edbd7b,6,2,2033844922776888.8,1651899937291958.0,381944985484930.6,0.0,0.0,0,22,0.0,0.0
0x051cab78ddf14edf3e1d1f7c2603a0678c2391fc,1,1,96826356000.0,96826356000.0,0.0,0.0,0.0,0,1,0.0,0.0
0x051ccd4de7b36fcfeb4dc27d41c1072e49be2b23,2,1,20.019288,20.019288,0.0,0.0,0.0,0,4,0.0,0.0
0x0520e146a8eb11276ae1b4afdb9ab02bdb27b831,9,4,250371124380673.0,40080600000000.0,8755.28619,17513.315988000002,210290524354404.4,0,5,2.0003133658843884,0.19059631965371784
0x052108739ecbdd1d5403b0a2b355ec923f571f00,1,1,1.108734,1.108734,0.0,0.0,0.0,0,1,0.0,0.0
0x05213c2454da275bd773f84ba56d9c10642c7df1,1,1,564408321.649684,564408321.649684,0.0,0.0,0.0,0,1,0.0,0.0
0x05220a8663909f5f2bd9ceb393d7f7bd7383c8af,2,2,750000000931.669,500000000000.0,250000000931.669,0.0,0.0,0,1,0.0,0.0
0x05221bda932f2114920efcb7a4912c9168414b9d,1,1,4779646403.077126,4779646403.077126,0.0,0.0,0.0,0,1,0.0,0.0
0x052284d77bd1c34602ecec02b72ac2017e18d87e,107,2,1750.0034910000002,905.000046,0.0,0.0,845.0034449999998,0,13,0.0,1.0710016052064737
0x052370f3278cd2ad96be34bacc1748ebf8c99056,53,4,6250000012111.438,5500000000122.022,8081.762349,1691.9506089999998,750000002215.7037,0,32,0.20935416508620228,7.333333311831371
0x052448ee943e1779101704f81e1284e4862d1942,3,2,2201297391471.041,1100600000000.0,0.0,0.0,1100697391471.0408,0,28,0.0,0.9999115183957049
0x0524849b35de1273b41918ce5c0f5b260a4bd033,56,4,133562329658148.45,66780683318086.62,178350.0,178406.11119300002,66781645983305.734,0,50,1.000314612800673,0.9999855848833172
0x0524c91701fcc461c90b3120769b5f295f706a16,41,4,4191106650101833.0,228632667264571.22,1980000000000000.0,1981015184672197.5,1458798165064.655,0,45,1.000512719531413,156.72673077048876
0x0524e7c0c1ae860b58089c747544db7393a0e5d9,19,4,563094132327002.2,563081523408150.6,12608918732.612736,18.832316,100.116444,0,45,1.4935710507270191e-09,5624266113648.13
0x0524f2b8765ee3a1a033311ddc9e2dcaad34b8c3,83,4,563101063350276.5,473083812930413.44,100.0,100.058246,90017250419663.08,0,84,1.00058246,5.255479485597291
0x05250b39a5c97c289c79ce2c83f3af8dd60aa438,6,4,3000258875110296.0,1000000000000000.0,500000000000000.0,500159875110295.7,1000099000000000.0,0,2,1.0003197502205914,0.9999010098000298
0x05255995c8c766e4f71c48c0dd3c3e001d9a34d2,4,4,4.00759900000092e+16,2.0038e+16,4600.0,4600.0,2.003799e+16,0,1,1.0,1.0000004990520506
0x052564eb0fd8b340803df55def89c25c432f43f4,7,2,3.2758949303627514e+17,1391302.780687,0.0,0.0,3.2758949303488384e+17,0,47,0.0,4.247092200050644e-12
0x05264ed450de7be1e0a4aeda3fb73d23e2abeb7e,8,4,652821540056826.5,652821540055747.0,359.849916,360.049076,359.695926,0,5,1.00055345295676,1814926144189.209
0x05275affa4b235deacf99e490f3834273c15ea8b,281,4,2.0979199230529925e+18,1.9479835116396013e+17,5.994973936366715e+17,5.996014158181372e+17,7.040227624342234e+17,0,41,1.0001735156525613,0.2766932570339444
0x05279be7b95aadfd686d24fcf6740869c81b7532,98,4,2.091563909129676e+16,6242378148655997.0,4131196673350639.5,4138044002581207.0,6404020266708916.0,0,41,1.0016574687123316,0.9747592744368393
0x05282c4ea521f6fd25e1b9c76473cea27bf6c978,2,1,2.1,2.1,0.0,0.0,0.0,0,3,0.0,0.0
0x0528f588718437c2bd3d9e4e1965bd570a4c7d6c,5,2,52007258838403.93,52007258838253.93,150.0,0.0,0.0,0,8,0.0,0.0
0x05293c6f76202cf49be925f9a0d33683d98cc4e3,13,4,764336238444461.6,134000000000000.0,372168119222230.75,258168119222230.78,0.0,1,63,0.6936868202514472,0.0
0x0529f37ba9fd772949d3652253dd2f1dfc1c5e51,2,1,2806.5571,0.0,0.0,0.0,2806.5571,0,15,0.0,0.0
0x052a44f7e4213413b9b9440ded0175a3b43bffc1,3,3,73636930125717.38,48306547997434.63,25330382128282.75,0.0,0.0,1,2,0.0,0.0
0x052aa8fc90fb8b964a6b64440f0f3d2c76ab22c1,1,1,108643558782.04854,108643558782.04854,0.0,0.0,0.0,0,1,0.0,0.0
0x052afaf0299673d62d22fd60d585fb6f0284ec47,8,3,1.199735915744447e+16,9999000000000000.0,999000000000778.8,999359157443690.8,0.0,0,4,1.0003595169598716,0.0
0x052b70ff5218bad93364a7ddfe87d0e718417ad6,6,1,588413.704589,0.0,0.0,0.0,588413.704589,0,58,0.0,0.0
0x052c68abe8e4bf0b78925e488b98f6fdc18a3af9,9,2,43945.872781,21928.721355,0.0,0.0,22017.151426,0,35,0.0,0.9959835825584789
0x052c84174b1cb5537644b54db4ddb01cbd45c209,6,1,17.9498,17.9498,0.0,0.0,0.0,0,8,0.0,0.0
0x052ca94ed9ccfe1f84844ec9b4705c13279f1fd9,30,4,4069204289755608.0,1282812497454223.5,750579597539078.4,751640730554177.8,1284171464208128.5,0,18,1.0014137514776293,0.9989417559945992
0x052cd92257aa17b3f965c4b0d3f51f0d223c6950,4,2,866840615018.707,846840615018.707,20000000000.0,0.0,0.0,0,22,0.0,0.0
0x052dbf52c7343268d5fe56d226ddc0405d762018,1,1,100252.537427,0.0,0.0,0.0,100252.537427,0,1,0.0,0.0
0x052dd804d18dc7069beda8d0131e9675adcd28ac,1,1,4885048869.012017,4885048869.012017,0.0,0.0,0.0,0,1,0.0,0.0
0x052ddf34b4f7e8754425958ff14ac8b5ae4c4e5a,15,5,2900000000004169.5,2900000000000630.5,1938.541349,966.7623080000001,633.369643,1,66,0.49870605468318024,4578684867598.921
0x052f348a45620f2c26926d2b58548c7eaeadf870,166,4,2.5474439674487053e+17,8.217026174050342e+16,7364361221872164.0,7364361763524905.0,1.5784541201897002e+17,0,107,1.0000000735505394,0.5205742801737444
0x052f3e2d4982fd668783f2a04c17a2235c003fae,4,4,9504580000000000.0,4752000000000000.0,290000000000.0,290000000000.0,4752000000000000.0,0,1,1.0,1.0
0x052f97b6d5fbb925ec65f963bab19b444798b568,13,3,230250000000235.72,230250000000000.0,117.85676600000001,117.866647,0.0,0,2,1.0000838390559605,0.0
0x052fc1d7121066a22c03f9332afca1653e0942e3,2,2,1500000011683.9656,1000000000000.0,500000011683.96564,0.0,0.0,0,1,0.0,0.0
0x053100aa9ed77bca3ed27573ffbad2b7faa72a79,1,1,3779074635.762852,3779074635.762852,0.0,0.0,0.0,0,1,0.0,0.0
0x05315653e6e5bc09c383e71062a1387e1c5ce341,9,4,12000000000224.219,6000000000110.1,2.0,2.000001,6000000000110.12,0,18,1.0000005,0.9999999999999966
0x05318780cf680ef49f9aa4edb40b628462029bd6,32,4,11680906160862.855,3920224244060.513,1920228414740.8145,1920228928652.776,3920224573408.7524,0,1,1.000000267630641,0.999999915987405
0x0531f17900e2f7f4154becfeb0516007a09729ea,4,2,252.253,2.253,250.0,0.0,0.0,0,5,0.0,0.0
0x05326fde303451b63753075f3c091df65f9b971f,1,1,1.107202,1.107202,0.0,0.0,0.0,0,1,0.0,0.0
0x05327ca0590e721d5af0549ec40415d05155a2a4,25,4,1.0654799523482738e+16,9154799523461556.0,9500.0,7011.756372,1500000000004671.2,0,122,0.7380796181052631,6.103199682288698
0x05330bd13edbd6bb1f1ebede8d9f8b0fa592f0ad,1,1,50.0,0.0,0.0,0.0,50.0,0,1,0.0,0.0
0x0533abab4129b3a44ac45c8267d964cbfd5177f1,40,4,1238116453770050.0,692931479182687.2,605.0,305.648573,545184974586452.1,0,65,0.505204252892562,1.2710025248005186
0x0533f08678d7d469891b7c0e99a2de74a062dccb,2,1,20247238480.423786,20247238480.423786,0.0,0.0,0.0,0,9,0.0,0.0
0x0534dcad8d4644b71c3d55ac6cb39b0cf7db207f,16,1,1740007028594715.8,0.0,0.0,0.0,1740007028594715.8,0,43,0.0,0.0
0x05357b87b83de577fbd15bf6db068bdf364268cf,1,1,1.10966,1.10966,0.0,0.0,0.0,0,1,0.0,0.0
0x053595adf7b7058a39ff8aca7184f947232be62b,2,1,280000000001500.66,280000000001500.66,0.0,0.0,0.0,0,1,0.0,0.0
0x0535da1ef42327b93c5e5b66899f492e115265e9,1,1,1.382122,1.382122,0.0,0.0,0.0,0,1,0.0,0.0
0x053671da56cb9f5c55698244c95fcf1c706a54e7,1,1,2000000000.0,2000000000.0,0.0,0.0,0.0,0,1,0.0,0.0
0x053688942c0eace50fca3f5629aa12024c09c954,24,3,3482921183452271.0,3482921183450252.5,1000.0,0.0,1018.828399,0,78,0.0,3418555260992.7324
0x0536c03dd61edd33916990937ee83396214af259,2,2,2600.000022,1300.0,0.0,0.0,1300.000022,0,1,0.0,0.9999999830769234
0x05372e0a7e9dfd298d104e33c1b04dd6952325ce,1,1,1.122355,1.122355,0.0,0.0,0.0,0,1,0.0,0.0
0x0537662ab0a0ac7d63898be68d4510bccecf67c6,1,1,1.108575,1.108575,0.0,0.0,0.0,0,1,0.0,0.0
0x0537cb86f771fe6f73655d06462547dccfc48709,2,2,42200000000.0,37200000000.0,5000000000.0,0.0,0.0,0,1,0.0,0.0
0x05380b11e7518ac65774cf791ff2bf62f52932c6,1,1,73715952593.67598,73715952593.67598,0.0,0.0,0.0,0,1,0.0,0.0
0x0538146cff9325928f6394661fd6d0cc5b792edb,37,5,1.07211043966872e+16,7495276677241989.0,1562628371400490.5,1565152159918398.0,98047188126322.66,2,59,1.0016150919592262,76.44560563618792
0x05385d702678e30c71fe795f9193fc12e1bd37b1,54,4,1414282644895008.5,76960211723307.12,683000000002827.2,650362065720232.0,3960367448641.832,0,6,0.9522138590300729,19.432593748264406
0x0538799ac9376cdd43c8a4fcb7541f395ddb70a8,1,1,0.098423,0.098423,0.0,0.0,0.0,0,1,0.0,0.0
0x0538e7533263c20b597c170926c49cf5648cc478,1,1,1.082589,1.082589,0.0,0.0,0.0,0,1,0.0,0.0
0x05390ba1f2c390fb4c69a252f9292e06552e76b0,10,3,537000000000401.3,537000000000000.0,200.22647,201.038509,0.0,0,23,1.0040556026383525,0.0
0x05393e3a9e6bedfb8d42af2e4087c7944359619a,29,5,4.362353602840923e+17,2.1729518026186083e+17,2.1866560082e+17,91312028264314.77,183267173967107.88,1,36,0.0004175875305575865,1185.6743112154945
0x0539b872df4e0bb8a7ff8566d61aa08530009e0b,13,4,8216764148998430.0,2016000000000000.0,1400000000000000.0,1400403133068912.5,3400361015929517.0,0,6,1.0002879521920804,0.5928782239755532
0x053a19dbc9fd177b7d71de03d9ff7475e89f9d53,13,4,1806320165507158.5,1121410874817727.1,200.571713,200.635482,684909290689030.1,0,78,1.0003179361588241,1.6373129844531225
0x053a7bb6ac7d9948fc73758f4b817699225ee9ae,2,1,1200000000001.1355,1200000000001.1355,0.0,0.0,0.0,0,8,0.0,0.0
0x053ab16a247321e312f3a8a2a0a8abda48707241,21,4,7.097820000186267e+16,7.05102e+16,500000.0,400925.032933,468000000961746.7,0,75,0.801850065866,150.66282020320625
0x053af8128054ed281c5183d435434cc043859160,2,1,8800000000000.0,8800000000000.0,0.0,0.0,0.0,0,5,0.0,0.0
0x053bb067126b2641a3696d0849b6957e99344530,9,3,1.521981102162132e+16,7720178848559966.0,7499632173051324.0,0.0,10029.718869,0,50,0.0,769730333361.7462
0x053bd20363f94a4c832f7d3059fae9913558ecf9,2,2,5624541002068.037,2811297466459.161,0.0,0.0,2813243535608.876,0,8,0.0,0.999308247179783
0x053bf51527d1df69a86f5362605f46cb42170a1d,2,1,2.2,2.2,0.0,0.0,0.0,0,6,0.0,0.0
0x053bf9ab3b044137eff39be4857eab5e3a40a239,12,4,17996865186810.32,8998432132984.8,550.0,550.356235,8998433052725.162,0,8,1.0006477,0.999999897788831
0x053ca2dcbe7a5db7a86d6fadf6088bc56aa24f37,1,1,1.76083,1.76083,0.0,0.0,0.0,0,1,0.0,0.0
0x053cd8b1c0b52ffe500807739e79cd5efe4eb00d,4,4,108.000546,50.0,4.0,4.000051,50.000495,0,1,1.00001275,0.999990100098009
0x053d23c6a2e56621b4f3ecde0d00699a4e65b676,1,1,100000000.0,100000000.0,0.0,0.0,0.0,0,1,0.0,0.0
0x053d78c61cd973711447e080d9aece1805999875,1,1,5965747848.692077,5965747848.692077,0.0,0.0,0.0,0,1,0.0,0.0
0x053f4977dcda4506032c5ec230c31242fd123ee1,88,4,1316746818351204.2,1310556898032999.8,23718.463156000005,14508.240873,6189920279978.078,0,70,0.6116855370256097,211.72435811041512
0x053fe1dc0b4635966e27def85934daf14d9b4c38,1,1,9005609621589.34,9005609621589.34,0.0,0.0,0.0,0,1,0.0,0.0
0x0540003bbd356a49bc2e74a3f8f872dc318dc46b,91,4,1.942765480218952e+17,112013398534406.11,1.0208440000022446e+17,4.030795724066753e+16,5.177217738246882e+16,0,65,0.3948493329106004,0.0021635829164939908
0x05404b6f8990a4108150366adb572a870b137edc,473,4,3.0707044872579104e+16,1.4418879482355028e+16,2693500000013097.0,2655045723588343.0,1.0939619666622638e+16,0,136,0.9857233055784047,1.3180421186257323
0x05407ddf01b09c3a04694bf34cf717934c03209a,1,1,90900000000.0,90900000000.0,0.0,0.0,0.0,0,1,0.0,0.0
0x0540a183be580660a4c7399311b080fe13b06a11,58,3,3449633210359814.0,283193527229334.8,2821088141492439.0,0.0,345351541638040.3,0,56,0.0,0.8200152397933907
0x054161306434f11bc27a980745a7e35f5e99cc17,3,2,9413488782.901087,5413488782.901087,4000000000.0,0.0,0.0,0,1,0.0,0.0
0x0542e8f95f765b81cd6a08db37d914f664db5d3e,3,2,5000000000000.0,4000000000000.0,1000000000000.0,0.0,0.0,0,1,0.0,0.0
0x0543c0669a824f5f4c1b5af7bd7dd73112656d39,1,1,1.01,1.01,0.0,0.0,0.0,0,1,0.0,0.0
0x0544c10cf254eede9711b9fb6cc803ff3c3bb628,2,2,110500000006.61186,100000000000.0,10500000006.611858,0.0,0.0,0,1,0.0,0.0
0x0544ca49c5b41eaa5a150f44c158ea2018dbbe97,2,2,10673791250.0,10000000000.0,673791250.0,0.0,0.0,0,1,0.0,0.0
0x0544d1c4276d8b42281cf967698a1501fbd8a5fd,1,1,2000000000000.0,2000000000000.0,0.0,0.0,0.0,0,1,0.0,0.0
0x0545a605a6b0c42bb5bd01f918e17d7347095acc,18,2,8053964331532668.0,8052576917632315.0,0.0,0.0,1387413900352.5217,0,132,0.0,5804.019201181617
0x05463e72f20d07cc76b2380d697985964d6bfa14,2,1,2.086823,2.086823,0.0,0.0,0.0,0,7,0.0,0.0
0x0547f0b062e31e283c58fb3b178523f4b26357f7,4,2,16.944044,4.237877,0.0,0.0,12.706167,0,10,0.0,0.33352914376145065
0x054a164d91efa1cf07c2f682d2c9d618c9076f85,4,3,11803.392698,6603.392698,2600.0,0.0,2600.0,0,1,0.0,2.539766422307692
0x054b08dbe43a7e1bf00a03ce4cc9bddeb356eee2,17,2,4500085276464.03,4443662619224.464,0.0,0.0,56422657239.56646,0,29,0.0,78.75670584525997
0x054b2fbc2a88bd6f7219de60848c85ca7783d568,1,1,1.107839,1.107839,0.0,0.0,0.0,0,1,0.0,0.0
0x054b4084307ba341e79624c84d808740cd229b8c,1,1,1360000000000.0,1360000000000.0,0.0,0.0,0.0,0,1,0.0,0.0
0x054b49656de7546c6b5b69155cf5c620618af6e3,2,2,1704.603173,851.080877,0.0,0.0,853.522296,0,43,0.0,0.997139595519131
0x054cd5c13b59ec46a33dc96dfb9f99d38fd94d53,1,1,1.10895,1.10895,0.0,0.0,0.0,0,1,0.0,0.0
0x054d29d18b24b116cf1ec97526fdf92244ffdb85,2,1,12683475161.293964,12683475161.293964,0.0,0.0,0.0,0,2,0.0,0.0
0x054d68e679dcc51ae2f9bd66d0e260947225d128,25,4,7244056696819539.0,6578828764466852.0,665227932339165.0,8138.377149000001,5383.828689,0,65,1.2233967867799435e-11,1221961014084.349
0x054e37b3dfe1cc195847a10cfe12fe9a524d594f,1,1,1.17209,1.17209,0.0,0.0,0.0,0,1,0.0,0.0
0x054e3d38670dd99c5404bd6dbb201f814d2fe4ee,1,1,1.107952,1.107952,0.0,0.0,0.0,0,1,0.0,0.0
0x054ea615e687932d8fe9d8aa12608aa2870727ab,1,1,642074079314588.2,0.0,0.0,0.0,642074079314588.2,0,1,0.0,0.0
0x054ecf2c2c0e21576b16f6b9877e0d9f18740528,1,1,0.010995,0.010995,0.0,0.0,0.0,0,1,0.0,0.0
0x054f16fa8ecc15dc47d22422d3d864eba43e87cf,76,4,1641713368502740.5,1553900018898423.8,87520216896601.23,109243601996.67357,183889105718.86008,0,41,0.0012482099093257153,8450.201619198218
0x054f3f0b924c04cffbb7da01758916c2ec2b8ab9,57,4,4.119154045885776e+16,1.8440447055542972e+16,98190302532883.48,12054.798655,2.2652903100769836e+16,0,85,1.2276974756201515e-10,0.814043435117872
0x054f52abacec7481b912135356da0e893af5a36b,58,4,1754686442222096.8,1435026380133890.0,69000000006858.29,69009143635698.31,181650918445649.75,0,89,1.0001325163599872,7.8999126038729734
0x054fa0f8cde92f9fe429a514b7f050763178b064,2,1,52574853448.51462,52574853448.51462,0.0,0.0,0.0,0,8,0.0,0.0
0x054ff0420b375e27e43998a97a244eaa51e5b1cd,1,1,1.08931,1.08931,0.0,0.0,0.0,0,1,0.0,0.0
0x054ffb629aae21f407a63e3ce78e9878d53c4450,2,2,110000000000.0,100000000000.0,10000000000.0,0.0,0.0,0,1,0.0,0.0
0x055009e026b441f8c23fa03dd4956262c3e266e3,4,1,419113382908000.0,419113382908000.0,0.0,0.0,0.0,0,92,0.0,0.0
0x0550dec49ceb48508c847161bb2486fff347d6fc,30,4,8479796180634395.0,3116568490789402.5,1915498461515175.5,1124442086702092.9,2323287141627724.5,0,21,0.5870232262220925,1.3414478283583557
0x0550f5196ec5c453f8326c7b9bbc3ae60acaac7a,18,3,282286408583798.8,282286408583424.6,190.493529,183.707075,0.0,0,76,0.964374359404093,0.0
0x0551a19e92fb396e52d65d1de668d6ed7c7d9202,2,1,9846240284.1834,9846240284.1834,0.0,0.0,0.0,0,8,0.0,0.0
0x0552dc10c2f60ad861a34073b6a6959776649368,5,1,25879.856252999998,0.0,0.0,0.0,25879.856252999998,0,23,0.0,0.0
0x0553aeaaa787ca5bbca6e172d3fde33957ff4b91,67,4,3.311862052249504e+16,3.310642502954134e+16,1432348195814.8123,1432348195880.413,9330796562005.562,0,137,1.0000000000457996,3548.081325055215
0x0553bbd6525c779c8d7b529b85c1fb04183df542,1,1,100000000000.0,100000000000.0,0.0,0.0,0.0,0,1,0.0,0.0
0x0553d865f1b279d87fe296ad28af11b02a7274ef,12,4,951068637120981.6,501000000000000.0,150000000000200.0,150064110688214.6,150004526432566.94,0,14,1.0004274045867634,3.3398992144761688
0x055403dfcc60b0cb1205bab91a9001700a969f10,6,1,3084925653.9547,3084925653.9547,0.0,0.0,0.0,0,4,0.0,0.0
0x0554408aad2b092973f5b44f4325f8fd2a1d8376,2,2,19388.000106,9694.0,0.0,0.0,9694.000106,0,1,0.0,0.9999999890654014
0x05547ef01188a7ce563d44cb26391f1d24a51683,4,4,3.970800000000312e+16,1.9854e+16,1560.0,1560.0,1.9854e+16,0,1,1.0,1.0
0x055622a2fda7d6f3b813adcc70a32203e2eabc58,22,4,1.778147273471245e+16,9269119154905868.0,18500.0,18528.234640000002,8512353579769555.0,0,26,1.0015261967567568,1.0889020372620377
0x055673880d2f505fd0a8ed40ed0bb96641100957,1,1,1.108456,1.108456,0.0,0.0,0.0,0,1,0.0,0.0
0x0556817d5a64bff612ad0b13da3e9f026053b48d,1,1,1.107868,1.107868,0.0,0.0,0.0,0,1,0.0,0.0
0x0556ba62cf5325e058d1ab758f76e9c0bb201ed9,17,4,8657436119106756.0,5705093760836595.0,500.0,500.516776,2952342358269160.0,0,46,1.001033552,1.9323957280419413
0x0556d8577f44cd4aa6d0fd89b6670e6ca2fa7fd6,13,2,152577286907065.0,90932770976346.69,61644515930718.33,0.0,0.0,0,6,0.0,0.0
0x0556e7b4190a2a17cf5d1c549b2fed7f34622a8c,2,2,250000000000.0,200000000000.0,50000000000.0,0.0,0.0,0,1,0.0,0.0
0x055733d53eb3ddfb8395e9c9856dee0ec26283a8,1,1,4000000000000.0,4000000000000.0,0.0,0.0,0.0,0,1,0.0,0.0
0x0557d5aeec6f2dbffdc2a4cdce59ae3286a2e896,138,4,4.257178468206343e+16,1.9598762118473576e+16,3383000000008056.0,2553190578659865.0,1.703683198492194e+16,0,51,0.7547119653129722,1.1503759698880058
0x05580b7f012c40f0ed632cac5452baf95e1628bc,4,4,12.000722,5.0,1.0,1.000148,5.000574,0,2,1.000148,0.9998852131775272
0x05587a5e2cc8e154373ad05db9738ab3e672fb79,52,4,5164900972257256.0,2942802912883007.5,98296367591311.19,1016.963061,2123801691781920.2,0,42,1.0345886485126776e-11,1.3856297997455336
0x0558ce4898b68ea1fc759fbfcbdfb902138147d3,1,1,0.002627,0.0,0.0,0.0,0.002627,0,1,0.0,0.0
0x055948f72297ed3b34a97dc35fa47b318cc7514b,6,2,1858362600363890.0,1446832615403450.0,411529984960440.06,0.0,0.0,0,1,0.0,0.0
0x055994e836a0d561af0cbc04b9d3a6682debd0c7,1,1,1.06764,1.06764,0.0,0.0,0.0,0,1,0.0,0.0
0x0559f1ea983c22b31da99d916b69bca76ec2d860,2,2,10000000000.002,10000000000.0,0.002,0.0,0.0,0,1,0.0,0.0
0x055a875cd844f04a2c2ee1bb72999d7e7b40761d,379,4,7.279955306716435e+16,2.751171078639923e+16,5713500000037681.0,4805344515873726.0,3.4768997764853708e+16,0,117,0.8410509347758877,0.7912713208607205
0x055acb1b90797996b4fa1f7605e74b84887e3821,1,1,700000000000000.0,700000000000000.0,0.0,0.0,0.0,0,1,0.0,0.0
0x055aec00dc22bfca3f2acf092148bddf218e1ac7,1,1,118.0,118.0,0.0,0.0,0.0,0,1,0.0,0.0
0x055b202158a09b979e283c46bf364906267b7a7a,1,1,50000000000000.0,50000000000000.0,0.0,0.0,0.0,0,1,0.0,0.0
0x055be3a0cff9bfefc49a270e6a4cf4ecf70b8779,12,3,4.582511901824015e+16,0.0,1.5121331125909834e+16,3.0242845259378264e+16,460942632952048.5,0,1,2.000012102609028,0.0
0x055c23e9781d408895ce4d6f3f3fb6e5ad55f730,36,4,2460073174163759.0,1523410319819470.2,104364902734176.5,104463442694345.97,727834508915766.1,0,40,1.0009441867676574,2.0930723964831652
0x055c5967aaf0b69868783c0527e526b7edc3f0fd,5,4,89470296559372.33,54000000000000.0,35000000000000.0,470296559372.3227,0.0,1,26,0.013437044553494934,0.0
0x055d4bc9855caba4d63b3276fddb0334060c5573,4,4,1987999940000868.0,994000000000000.0,434.0,434.0,993999940000000.0,0,1,1.0,1.0000000603621766
0x055dad607b7b17e3b51ddcaf14b69ec081bc253d,2,2,11797484161.143314,10000000000.0,1797484161.143314,0.0,0.0,0,1,0.0,0.0
0x055ec9b317dd215d37330ba8f41c70bddbf45678,127,4,4600637730937400.0,1426514537144236.2,873000000000000.0,873997297483860.8,1427125896309302.2,0,19,1.0011423797065988,0.999571615113532
0x055f10edf3684e20dca3c20c063c736da702bcfb,56,3,8.101805229086628e+18,4.4940725354320563e+18,3.327732693654571e+18,0.0,2.8e+17,0,34,0.0,16.050259055114488
0x055f6af93f25e2fadcd2dd3e6bfe6cffb1bd4f83,2,1,30013459693470.92,30013459693470.92,0.0,0.0,0.0,0,9,0.0,0.0
0x0560f3ac84eecbcc480af7ebe93313da8f7ea414,211,4,9.791525168981462e+16,2.3400122090920924e+16,2.930000000005909e+16,2.330165997080792e+16,2.1913469628026684e+16,0,89,0.7952784972955949,1.0678419478124475
0x0561141d896f112dddd1b23ffb86574a1a20d634,2,1,7799416457.459755,7799416457.459755,0.0,0.0,0.0,0,9,0.0,0.0
0x05615d12837d86fef13a82ba9667bdf7945ab86e,1,1,1.108708,1.108708,0.0,0.0,0.0,0,1,0.0,0.0
0x05630e6507c8cd2cffad16a4ad1e91d5cdc4d020,1,1,1.111,1.111,0.0,0.0,0.0,0,1,0.0,0.0
0x0563fcc76d4a53c1eeb2ba05655035c0ed04e152,6,2,132210019376190.1,132210019376160.1,30.0,0.0,0.0,0,67,0.0,0.0
0x0564172c94b328dbc7e138a4e6d7214351badec3,3,2,2900000000037030.0,2900000000032030.0,0.0,0.0,5000.0,0,39,0.0,580000000006.406
0x0564a1ad815472f0cb047f6b1b6f6003a25fe75d,2,2,10000000000.002,10000000000.0,0.002,0.0,0.0,0,1,0.0,0.0
0x0564b84258949c6180e6ebf4c5a8c9d3b29b444b,2,1,2.2,2.2,0.0,0.0,0.0,0,6,0.0,0.0
0x0564ecd1b6a8e3475f66e3f879ac5f26e8a56bef,1,1,10000000000.0,10000000000.0,0.0,0.0,0.0,0,1,0.0,0.0
0x0564ef02d9a6c0cd54ea09a05d1075defdb44a20,2,1,50000000000000.0,50000000000000.0,0.0,0.0,0.0,0,22,0.0,0.0
0x05650a088669d09a70c1fbc3cea48a9ceaf33f0e,2,2,1000000000000.16,1000000000000.0,0.16,0.0,0.0,0,1,0.0,0.0
0x05650c164aa6b7f73819f2df6d0dca58494f9619,1,1,1012085567218.9548,1012085567218.9548,0.0,0.0,0.0,0,1,0.0,0.0
0x05652f73f092d02985a3acf758e2841056fada7d,1,1,102900000000.0,102900000000.0,0.0,0.0,0.0,0,1,0.0,0.0
0x0565547f1f76a5453ff27730f390689479637cb8,1,1,1500000000000.0,1500000000000.0,0.0,0.0,0.0,0,1,0.0,0.0
0x0565c6ee1a948d902c45b4c4639a3c7db445a259,2,1,11329.972168999999,0.0,0.0,0.0,11329.972168999999,0,15,0.0,0.0
0x05679df1e0f5719dabb8cbbfd46d9513c93907d0,32,3,6.820822301658848e+16,6.520822301657994e+16,3000000000000000.0,0.0,8541.204222,0,85,0.0,7634546759650.109
0x0567d99a4420b8da0fd91c5ecba78955c04974f0,103,4,883574600721606.1,414454901112635.25,280.449674,280.63472700000005,469119699608409.7,0,81,1.0006598438763028,0.8834736666539371
0x05682a10a7ff570e61ffc585042f3730f726c456,9,3,51021260696891.76,51021260696680.28,0.552822,0.0,210.932041,0,46,0.0,241884829136.41498
0x05683c2ca8cda1688438c5c75568ee0e2f6e750d,21,2,5361000000599697.0,5361000000396769.0,0.0,0.0,202927.348715,0,64,0.0,26418321800.113747
0x0568c540bc2382dffe1527046a2857c111840fd2,3,1,4400000000000.0,4400000000000.0,0.0,0.0,0.0,0,3,0.0,0.0
0x0569edc117504fa0a7fb925d63fc0f5d2de5fca2,4,1,708.508105,0.0,0.0,0.0,708.508105,0,5,0.0,0.0
0x056a2909f81c63a6b18798c335a3f593402489c5,22,4,1074856842558722.4,834000000000000.0,48109381876260.0,48187321986912.484,144560138695549.78,0,51,1.0016200605290035,5.769225234049076
0x056a560537b780be6a4c35079cedb77822c58d82,103,4,8813893807942464.0,6023489982367227.0,382105030252727.94,6947.545634,2408298795315561.0,0,98,1.8182293044938003e-11,2.501138975812993
0x056ac604d80cf08a97d6d17a6d637e02a8103ef2,70,1,260000000.00044003,260000000.00044003,0.0,0.0,0.0,0,23,0.0,0.0
0x056aedee9d9817627996c2e76fb08b3e180b8184,6,4,48.226713,10.0,14.04,14.131269,10.055444,0,87,1.006500641025641,0.9944861708742051
0x056aeeaf2edcc549796287d271aad19fa44e6203,1,1,4694496104.742983,4694496104.742983,0.0,0.0,0.0,0,1,0.0,0.0
0x056b1e5ba8dbdc1ccb9f51c14551e7fe97f1e3a1,2,1,2.018583,2.018583,0.0,0.0,0.0,0,8,0.0,0.0
0x056c440156eae478b7532a79788a69ddcea63a19,1,1,105029472967.84883,105029472967.84883,0.0,0.0,0.0,0,1,0.0,0.0
0x056d7935d510c740785624591be14745aec5e704,1,1,100175963815.8518,100175963815.8518,0.0,0.0,0.0,0,1,0.0,0.0
0x056daa8c2878e9172dcf2d7054b075acce22d515,2,2,550000000000.0,500000000000.0,50000000000.0,0.0,0.0,0,1,0.0,0.0
0x056e5648032e696461424fefbefd5660acc56d9b,4,4,9032000000000000.0,3950000000000000.0,566000000000000.0,566000000000000.0,3950000000000000.0,0,1,1.0,1.0
0x056eef32237b76e52da3b4268b0a77bd1c37404a,5,3,50000000000037.58,50000000000000.0,25.542019,12.042019,0.0,0,54,0.47145916695152407,0.0
0x056ef71e202603e3aad84d42aed3632e995eac70,2,2,22300000000.0,17300000000.0,5000000000.0,0.0,0.0,0,1,0.0,0.0
0x056f38256f23c1e0bf991b9eeefdfdf3eb64a6ce,1,1,86200000000.0,86200000000.0,0.0,0.0,0.0,0,1,0.0,0.0
0x05702d661c46a12e318cd412e2f164b3c35450f4,1,1,103700000000.0,103700000000.0,0.0,0.0,0.0,0,1,0.0,0.0
0x05717e961ce740ee2692a15a0f58f34825e8bb1f,1,1,62000000000000.0,62000000000000.0,0.0,0.0,0.0,0,1,0.0,0.0
0x0571b1369eef3221ea6769d93d48bf49d821ab86,1,1,1.069067,1.069067,0.0,0.0,0.0,0,1,0.0,0.0
0x0571c2fc7b5024f1efbf51f529e45625e63b2ccf,2,2,1000000000.000073,1000000000.0,7.3e-05,0.0,0.0,0,1,0.0,0.0
0x0572826741f58b2ffabc6fe2b196ea77993442d8,11,4,5852.312032000001,132.56375799999998,5610.0,10.000049,99.748225,0,23,0.0017825399286987523,1.328983628530733
0x0572bb5ba631fad81c3d911cdffdabdbeee2735b,3,1,37656307351.89284,37656307351.89284,0.0,0.0,0.0,0,7,0.0,0.0
0x057313f0809f338763ddfc005e43ca7d9fac0a10,4,4,1.18e+16,5100000000000000.0,800000000000000.0,800000000000000.0,5100000000000000.0,0,1,1.0,1.0
0x05738aa4019e4bd797c4670fe66641ceaf88b2fa,25,4,1100417147713943.4,900241353711500.6,200055000000354.56,55047254296.67231,65746747791.445946,0,95,0.0002751606023172365,13692.560985178152
0x0573c1458426e6c0baf682596a88b1ecfd1e5b24,1,1,513555525.742257,513555525.742257,0.0,0.0,0.0,0,1,0.0,0.0
0x05747b9294fdb5d9e4fb24250807142c82311c32,1,1,6304169943.914267,6304169943.914267,0.0,0.0,0.0,0,1,0.0,0.0
0x0574d93609ad75fa73eea91576a274873d8c3079,2,2,18460.0,9230.0,0.0,0.0,9230.0,0,1,0.0,1.0
0x057536f8e7ae97f17aa5fd21bd7942a7fe152241,21,2,336459961338286.4,1000000000000.0,0.0,0.0,335459961338286.3,0,74,0.0,0.0029809816826145002
0x0575d52465bf30e9c0bfc3fd7256e4743a2f11fd,114,4,1.0577352361824466e+16,7899770204544912.0,1640519126804447.0,3076.298833,1037063030472032.5,0,84,1.8751983946644353e-12,7.617444622386385
0x057639a8a802d8f5ce025dd6dc149ba1d17d234f,11,4,95707976112402.78,45417500000000.234,25000000000000.0,25002968186518.42,287507925884.1313,0,17,1.0001187274607368,157.96955809247487
0x05773554ce76136914c2623ff5a6cbf9060c9d4d,2,1,12300000000000.0,12300000000000.0,0.0,0.0,0.0,0,3,0.0,0.0
0x0577ba0a9145afa894becc8f2387711fd48a6e04,37,4,6720000000013009.0,6720000000002100.0,4400.0,4401.833718,2106.582199,0,82,1.000416754090909,3190001322137.869
0x0577d10320eaecd294b5d92ea3c4f09fddcf9943,1,1,1120000000000.0,1120000000000.0,0.0,0.0,0.0,0,1,0.0,0.0
0x05783f328f8d64bc7f230911a6605165a2300360,2,2,204.000059,102.0,0.0,0.0,102.000059,0,1,0.0,0.9999994215689622
0x057880e32656dee0cacd1188cc231e13a80dac65,1,1,15000000000000.0,15000000000000.0,0.0,0.0,0.0,0,1,0.0,0.0
0x057abc564ba0e32611387cc3964d2c465c2018db,2,2,199.87881,100.0,0.0,0.0,99.87881,0,45,0.0,1.0012133704836892
0x057bcaf22fe3994333bea7d27009ff27b95fb12f,10,2,856437182652978.8,856437182652244.1,734.50649,0.0,0.0,0,136,0.0,0.0
0x057c1c29f1e071c8a4f92baf4255e8b76e5f8eed,33,4,1903737708004152.8,709246959300155.5,22757.0,22883.182780000003,1194490748658356.8,0,81,1.0055447897350267,0.5937651338838551
0x057cbdf52f285319235983ef77ad96dfc9ce9620,54,4,5.379472754677006e+16,2.7716148086949148e+16,700000000014200.0,14094.263081,2.5378579459792628e+16,0,85,2.0134661543877268e-11,1.0921079381475995
0x057d1a2b6ee1c3f1e478adb3059fd1541900e26f,11,4,2561943507874368.0,1072464789827939.4,496464789827939.5,496506964109244.44,496506964109244.44,0,1,1.0000849491890846,2.1600196318534803
0x057d7248fcf362236e61b505868be9678b609538,1,1,1.0,1.0,0.0,0.0,0.0,0,1,0.0,0.0
0x057e26424db996ccf850a5e4d52d0c2457587d7a,21,4,2.577070982765284e+16,2.577070982764409e+16,8250.0,500.0,0.0,1,127,0.06060606060606061,0.0
0x057f4e2ed5cddbbe33cd90e821d28c8b3ff29796,1,1,300000000000000.0,300000000000000.0,0.0,0.0,0.0,0,1,0.0,0.0
0x057fe25001337cdfd44a7917fb999290f93e35f4,3,3,1000000000023.9908,11.994,1000000000000.0,0.0,11.996802,0,3,0.0,0.9997664377556618
0x058029f046ce0868cd7045343d3f831feae523b5,2,2,34000000000.0,29000000000.0,5000000000.0,0.0,0.0,0,1,0.0,0.0
0x05804c97ed9afda7533ec39f942dc2ba2d02031b,1,1,1.008021,1.008021,0.0,0.0,0.0,0,1,0.0,0.0
0x05805ef5b428b765d10916c6e65362cb141d7b35,2,1,4197470103.192872,4197470103.192872,0.0,0.0,0.0,0,5,0.0,0.0
0x05808c037e9f759096cf77a7f1f50a9f01dd5c56,102,4,5661486861448193.0,2405825190808768.0,1252543834895356.0,1001051730438565.1,1002066105305504.8,0,32,0.7992149276932876,2.4008647514080845
0x05810cd51a819eb4cdfa4bdba27a90feec167926,44,4,1852504197092240.5,1338323936538036.5,505071660857914.9,1680.028842,9108599694609.033,0,47,3.326317772702397e-12,146.9297127340144
0x0581aa730b3b1de111680591745d2a4c2ef3e064,2,1,5002536000000.0,5002536000000.0,0.0,0.0,0.0,0,5,0.0,0.0
0x0581da9ef60831bc65eccb0f335ec0daa80b4797,1,1,627.04072,0.0,0.0,0.0,627.04072,0,1,0.0,0.0
0x058228160fb88d755acc37e8dd0099a2a889b941,3,1,1.2154498130311782e+16,0.0,0.0,0.0,1.2154498130311782e+16,0,1,0.0,0.0
0x0582a627a632dbf689786b1e537d22062706baa1,18,4,1258082253125125.0,448838911816843.44,120000000000337.0,120021718976732.48,569221622331212.1,0,6,1.0001809914699618,0.7885134615558897
0x0582d6feae3fb27cb31826ea30a45f0e5b86ce7e,2,2,33000000000.0,28000000000.0,5000000000.0,0.0,0.0,0,1,0.0,0.0
0x0583035204b3053085f8a5dd580f566bee4a89b8,1,1,1.109847,1.109847,0.0,0.0,0.0,0,1,0.0,0.0
0x05834fc3038acb6434e5930f351947af0d6431a0,2,1,2.2,2.2,0.0,0.0,0.0,0,6,0.0,0.0
0x05836bb87ccfe6f364b7ec7f821bf6431ff4270f,1,1,1.107938,1.107938,0.0,0.0,0.0,0,1,0.0,0.0
0x058440976f25ab70e3ed83980138806263e56994,3,2,124000013937.85248,100000000015.70699,24000013922.14549,0.0,0.0,0,23,0.0,0.0
0x058476edacb23e9507cff379e7dd8cf4dee4d2db,24,4,2.224999325338454e+17,2.4049722374227516e+16,161081.98035600001,161119.183698,1.9845021015929568e+17,0,49,1.000230959055245,0.12118768911820674
0x058494fd3ad045bf0b7af25733555c64e742852f,4,2,1530000018682.0,1530000009341.0,0.0,0.0,9341.000102,0,30,0.0,163794025.5469446
0x0585a7671569aab97fe798ed25b3a03a148f9179,1,1,0.459466,0.459466,0.0,0.0,0.0,0,1,0.0,0.0
0x058607160117c0a9c2af83cce266a9541ff341fe,2,1,2.0378,2.0378,0.0,0.0,0.0,0,8,0.0,0.0
0x05861850bdb054b967c9405c4d8baef2e047473a,94,4,4.843561749080162e+16,1.5797376945900396e+16,2000000000016393.2,2003180045173097.8,2.863506049971173e+16,0,75,1.0015900225783392,0.5516795379587003
0x0587a761fac209de0d9bb6e186fa21523582d028,1,1,1.0,1.0,0.0,0.0,0.0,0,1,0.0,0.0
0x05880d8210711050cd379851161297a0559fa8f3,7,1,988763385617519.2,0.0,0.0,0.0,988763385617519.2,0,5,0.0,0.0
0x0588fc09cfb90f057eb8bd46344ab483b7c42dd1,20,4,1.4644096956027106e+16,5421720433609163.0,1900000000003800.0,1900004664231717.2,5422371858182429.0,0,54,1.0000024548567985,0.999879863537525
0x058996b42aeff3012d868ee5e116e8616ccd8f85,2,1,955119670.9930149,955119670.9930149,0.0,0.0,0.0,0,14,0.0,0.0
0x0589a45d8e905150cb4f229cd30c54ef1202a84c,2,1,2.2188730000000003,2.2188730000000003,0.0,0.0,0.0,0,1,0.0,0.0
0x058acc4702748c7eddf2bf77831a0300f68a8660,1,1,1.108566,1.108566,0.0,0.0,0.0,0,1,0.0,0.0
0x058ae85d9747b3003366b375b4643d51c9100d0c,146,4,451794193673613.56,119797197430670.62,105937245846428.66,106179683518954.4,119880066877559.88,0,56,1.0022885026941062,0.999308730391568
0x058aebff10cdc3057570cfc360ab9754da0d1241,22,4,4077797583972656.5,1676404480492211.8,800000000000000.0,800393103480444.2,801000000000000.0,0,7,1.0004913793505552,2.092889488754322
0x058b0479324ccba9a002ab761bf74ed6ff361525,17,4,2255224.846605,626992.857264,500300.0,500666.282114,627265.707227,0,46,1.000732124953028,0.9995650169300563
0x058b0a724821bb506ebd683915829ff9db65542b,4,4,9512560000000000.0,4756000000000000.0,280000000000.0,280000000000.0,4756000000000000.0,0,1,1.0,1.0
0x058b0e59b6dd493ec3a7fd35de80c2f0a761d994,1,1,0.012609,0.012609,0.0,0.0,0.0,0,1,0.0,0.0
0x058b10cbe1872ad139b00326686ee8ccef274c58,522,4,3.2740114287531e+19,1.5339147461819011e+19,1.6991505000000799e+19,1505013038916253.2,4.079568126722699e+17,0,43,8.857443992843379e-05,37.599929662509744
0x058b6e3812f85da4468cf55d98361436bc8e34f6,9,4,97000000000214.62,97000000000053.62,53.682241000000005,53.689384000000004,53.626761,0,4,1.0001330607639871,1808798409436.9158
0x058b7ae6b79a769d365eb52883369b6fda899ec5,33,4,118000000024159.75,118000000007237.28,4842.354574,4842.627651,7237.501335,0,8,1.0000563934333653,16303969359.784206
0x058bea196cb4c1ef5019b0ae902fe3ed1021136c,10,2,1907616581401.9495,1626811336019.5027,0.0,0.0,280805245382.4468,0,90,0.0,5.793379442765905
0x058dc0637fb47ad027cfe61c41f51bc8dd62ab74,1,1,3366721.359432,3366721.359432,0.0,0.0,0.0,0,1,0.0,0.0
0x058e6cf8872e54f8196b0dfb354344906a0798a6,4,3,175000000000100.06,175000000000000.0,50.0,50.080408,0.0,0,27,1.00160816,0.0
0x0591a3e49be38e32391eec94b054e0e38857fc78,1,1,107100000000.0,107100000000.0,0.0,0.0,0.0,0,1,0.0,0.0
0x05924fea07959afc5ab178eb9de5403850299214,15,3,4545459033839286.0,2637000000000000.0,1350387394478841.0,558071639360444.56,0.0,0,1,0.41326780866154544,0.0
0x05928b30cdadf923980ad00655f89349d08751fd,55,4,2.219319813606612e+16,6776285784707633.0,4000000004600.0,4600.364557,1.541291235134929e+16,0,49,1.1500911379273952e-09,0.4396499266483156
0x05941c397545b80cc196fe139b989ab1be63197c,13,4,3.1454277745791836e+16,6365974127472055.0,9361072840096414.0,9361181162143984.0,6366049616079378.0,0,4,1.000011571542004,0.9999881420014176
0x05944805b5175cc70253ae77dbe63e3702dd82ce,6,2,116239041903331.89,116225980965069.2,0.0,0.0,13060938262.69008,0,13,0.0,8898.746677111301
0x0595088cc2e0fca96cd7815633d0ff2cd3e7bbc7,3,3,60000000000089.94,60000000000000.0,44.971956,44.971956,0.0,0,1,1.0,0.0
0x0595228bced10a0b0f0654331c68a47f1952560f,3,1,4400000000000.0,4400000000000.0,0.0,0.0,0.0,0,3,0.0,0.0
0x0595be8ecbaaed83317629be7842884fdfd72b5a,1,1,0.01181,0.01181,0.0,0.0,0.0,0,1,0.0,0.0
0x0595dae9e1f07787c2595a87f267ab3b6c27ce7f,1,1,11181.735716,0.0,0.0,0.0,11181.735716,0,1,0.0,0.0
0x0596ba515818c72366468b40a93e38f8e44a4e2d,1,1,1.40236,1.40236,0.0,0.0,0.0,0,1,0.0,0.0
0x0596fa0d5905a2ff0d1d48e5a3ccaa965e04456b,28,4,241804886901115.38,86042789814353.3,25956796730762.824,504.654685,129805300355494.58,0,76,1.944210182152045e-11,0.6628603730256779
0x05976ae3ab8e6b3b01039f616670d3dd18b440a8,85,4,4888284067867110.0,4842173918080907.0,7670000033819.1,33825.589711,38440149718558.27,0,67,4.4101159793812056e-09,125.96657280299782
0x05986ff3f0e4c621ba6484762f2d734201c33b54,17,4,473758813630592.9,198849309994894.9,64.21339,64.30009,274909503635569.47,0,70,1.001350185685571,0.7233264305714842
0x0598b27a62dfed32267c65f71d212636828a5599,35,4,3.3525360804198854e+17,1.497616843915618e+17,9.256375351800486e+16,9.265879914733027e+16,269370985091568.5,0,54,1.0010268126098292,555.9681356945426
0x0598d15a97428f9b39b1e463b84142f8cf5f1028,2,1,4423276288.565537,4423276288.565537,0.0,0.0,0.0,0,6,0.0,0.0
0x059949cb13386014e50039c5750b5f160b0d2778,369,4,4.344416182660752e+16,1.505631812863514e+16,1.1987000000104056e+16,1.1720539051317578e+16,4680304646550752.0,0,62,0.9777708393439422,3.2169525844287095
0x05995bc5736707208ebdb18bc5be812668b525b2,13,1,5016951320873137.0,0.0,0.0,0.0,5016951320873137.0,0,56,0.0,0.0
0x0599da9dc8adf0baa33b49aba6e560a9486e61c3,1,1,90400000000.0,90400000000.0,0.0,0.0,0.0,0,1,0.0,0.0
0x059a31c502a18b453acb1da46fcccc3d42509758,4,2,373505908462456.75,36332936370.6437,0.0,0.0,373469575526086.1,0,25,0.0,9.728486268115276e-05
0x059ada41ed6f1b53a6e4328b2f561a43d69ddc08,1,1,6200280525.907957,6200280525.907957,0.0,0.0,0.0,0,1,0.0,0.0
0x059b254553bb97ca61a99c2bbdbefb594aa94365,7,3,11480805293623.875,10000000000001.516,1240402646811.1802,240402646811.1803,0.0,0,22,0.19381016916499333,0.0
0x059c258fd2f2d2883ae98da6c30cf609bfd6fc87,2,1,50009712000000.0,50009712000000.0,0.0,0.0,0.0,0,8,0.0,0.0
0x059c7e54771374cf7bcb433443be573e45fe07a6,1,1,10000000000.0,10000000000.0,0.0,0.0,0.0,0,1,0.0,0.0
0x059cb401dd05cd9abfe746ba3f695b41e2046914,1,1,1.109481,1.109481,0.0,0.0,0.0,0,1,0.0,0.0
0x059df01c9ce8a32c9a278fa65306cc4ac1e77268,2,1,7716527839.300133,7716527839.300133,0.0,0.0,0.0,0,1,0.0,0.0
0x059e3b842d48b5c37179903d12684b1a1ad2b1a7,1,1,1.11004,1.11004,0.0,0.0,0.0,0,1,0.0,0.0
0x059e51c98c0a5b89624e8c1937a001dbeaceda8c,6,4,7500000028492803.0,5000000000007423.0,2500000028472018.0,5938.603961,7423.186769,0,15,2.375441557346554e-12,673565162187.2083
0x059ecc2543ebee56fd21209a229969286840ce3a,7,3,284478862541254.4,0.0,31287770627.17553,62574770627.17553,284385000000000.0,0,1,1.999975369700043,0.0
0x059f81468793528b6ab5d33b79c6f77274f9a6dd,2,2,18456.000100999998,9228.0,0.0,0.0,9228.000101,0,1,0.0,0.99999998905505
0x05a03c1a64d75016a870f5abde6c85539cd38ec8,51,4,3067910187459330.5,3067910187434533.0,7454.047662,4313.990441,13029.898921,0,105,0.5787446816301294,235451572267.38345
0x05a082d4a4ae72304cb0518eaf460fa474f00620,83,4,214432331601112.12,213905639823198.25,130000002709.60732,130009541060.07797,266682234144.14532,0,60,1.000073371925168,802.0993243501155
0x05a08ee67f851cf618de3922d2c9da56fd7838b8,4,3,1711.22863,974.748126,720.0,16.480504,0.0,0,17,0.02288958888888889,0.0
0x05a09bd0798c0320678f760890731fbeac9b0b62,20,2,666822477119469.1,466296013067479.5,200526464051989.66,0.0,0.0,0,20,0.0,0.0
0x05a0d58fe46c6f113ca23d43e73787d25c769017,1,1,0.013604,0.013604,0.0,0.0,0.0,0,1,0.0,0.0
0x05a0fe42815aafbedf44e623d639ca097f29701e,14,2,776257650520393.0,72377999945025.02,0.0,0.0,703879650575368.0,0,43,0.0,0.10282723742029126
0x05a120746daac8c26b234a7387ec17ba6df9079f,6,3,66869836754358.836,66869836754229.984,128.849524,0.0,0.0,1,24,0.0,0.0
0x05a1426afaf2fd88fff3f6de78c0544462dba3e9,4,1,76000000000000.0,76000000000000.0,0.0,0.0,0.0,0,24,0.0,0.0
0x05a19e0c1ed3da29eb0cc4f2e79dbef594bfbbc7,1,1,100000000000.0,100000000000.0,0.0,0.0,0.0,0,1,0.0,0.0
0x05a20d98ca4196687b9dc5305e1f4841d4cecc7a,2,1,1.1071550000000001,1.1071550000000001,0.0,0.0,0.0,0,7,0.0,0.0
0x05a28038dbc46d2f7c9e819d0ef6380499bf54d5,7,3,2096071703454095.2,0.0,1600.78,3201.56,2096071703449293.0,0,1,2.0,0.0
0x05a2b91edda4d53f8546fa29eff0b9a6a61bac38,2,1,12734575313.269503,12734575313.269503,0.0,0.0,0.0,0,2,0.0,0.0
0x05a344b63615ff8e48d70e067738920a84cb2fec,2,1,6000000000001.99,6000000000001.99,0.0,0.0,0.0,0,1,0.0,0.0
0x05a404de8ddc44db9c9d579fda11e088a66fd1d9,7,4,140005410410563.55,50000000000000.0,20000000040000.0,20002783526255.48,50002626844308.07,0,15,1.0001391743124957,0.999947465873818
0x05a46cd17bdabb0b230832b93b3f9d72bff942ea,1,1,0.149841,0.149841,0.0,0.0,0.0,0,1,0.0,0.0
0x05a4a3c1fe0916ec75df97a03cb0d8b8408ec402,10,4,289939921900723.25,289939921900178.7,144.520642,144.70504499999998,255.31542100000001,0,31,1.0012759630558516,1135614608645.9019
0x05a5512222dbf0a2227187ea096bc39b6b9b4991,13,2,289120638755386.8,207985089497306.8,81135549258080.0,0.0,0.0,0,1,0.0,0.0
0x05a5787e3bd8478b9ba08a0ef2036296bc0edf87,6,3,17500000000000.0,11000000000000.0,3500000000000.0,3000000000000.0,0.0,0,1,0.8571428571428571,0.0
0x05a579affa31012fd2af5f479c5ba8147956ed73,2,1,1020000000004.8333,1020000000004.8333,0.0,0.0,0.0,0,7,0.0,0.0
0x05a5a6087274ddaac3b52ebb6935866c650a9083,2,1,1.2899209999999999,1.2899209999999999,0.0,0.0,0.0,0,6,0.0,0.0
0x05a6cac0b7e4b030c2cbbbca93f72e3b203acf06,1,1,0.1,0.1,0.0,0.0,0.0,0,1,0.0,0.0
0x05a726aff20ab6b723a147fcb19d3fa6433d627d,115,4,2.2967514905807165e+17,1.1555031553947608e+17,1.1383235830869998e+17,877353.0914459999,292475209018224.56,0,117,7.707413818720344e-12,395.0772987815045
0x05a814ca775fbaa70d568cd825ff8b3de2e14dea,1,1,100000000000.0,100000000000.0,0.0,0.0,0.0,0,1,0.0,0.0
0x05a878a8cfe334b909c5108775b6aa23745f390e,9,2,262716811898300.25,56628424721120.25,0.0,0.0,206088387177180.0,0,33,0.0,0.27477736856873547
0x05a9015530f7e4261797b1506af6fb4d8981f918,13,4,4635953860155366.0,1321954553193661.5,995000000000000.0,996161681961704.5,1322837625000000.0,0,8,1.001167519559502,0.9993324412689437
0x05a97d4b9cda015c407da6ecdd2afc5a5353f00d,6,2,1.768350000000151e+17,1.7683500000000755e+17,0.0,0.0,7557.150479,0,49,0.0,23399692846053.695
0x05a9c57436c5e002624a71df1a223b750e1aafa5,1,1,1.617396,1.617396,0.0,0.0,0.0,0,1,0.0,0.0
0x05a9c66e3ebce844800db7f1e5c9b3892541fb4c,3,1,2.138631,2.138631,0.0,0.0,0.0,0,1,0.0,0.0
0x05a9f15665e735dfc5821639cccd5713ba3ef1bd,2,1,2.056031,2.056031,0.0,0.0,0.0,0,6,0.0,0.0
0x05aa05b10fa49bf1c1ab11c5857ec0706680dd85,1,1,100000000000.0,100000000000.0,0.0,0.0,0.0,0,1,0.0,0.0
0x05aac88cd537c90a6c694f6ff4bebad781b45859,8,2,52320.899086000005,26133.752927,0.0,0.0,26187.146159,0,35,0.0,0.9979610900830579
0x05ab23f254285f98e358dd78138a270fd0485045,1,1,1.108734,1.108734,0.0,0.0,0.0,0,1,0.0,0.0
0x05ab8ff4726dfb3d965dcf606e570b734d66254d,19,4,17807716652496.598,14495415600000.0,10.0,10.00193,3312301052476.5947,0,23,1.0001929999999999,4.376237355949827
0x05ac24636011b12ffbe518100e26e25072498f0f,12,3,1151103347225282.0,847130566103782.1,303906404064242.1,0.0,66377057257.68233,0,7,0.0,12762.400159066063
0x05ac4029c54a5622b6ef4114308cfced60198aa3,3,2,50533587121285.7,50270242059854.45,0.0,0.0,263345061431.25165,0,15,0.0,190.8911516572256
0x05acb1438730ca2e4ae69689c82a00731752a400,14,3,5.282313919553188e+17,0.0,1.7397762559731898e+17,3.4795920983984083e+17,6294556518158963.0,0,1,2.000022753760372,0.0
0x05ad1db106f533995cbf40dc6d9694ba80ef0143,9,1,4.9336775954163016e+16,0.0,0.0,0.0,4.9336775954163016e+16,0,46,0.0,0.0
0x05ae01015bd81d82e90c0263c5a90a948bef4bb9,27,4,1448.3302910000002,378.42273499999993,345.5,345.829766,378.57779,0,38,1.000954460202605,0.9995904276370781
0x05ae85da4be4a3852e8b67d3d40daaab939badb6,2,1,2.1,2.1,0.0,0.0,0.0,0,3,0.0,0.0
0x05aeaabd4b221dc741b0213dedc1c2fe3613e2c0,237,4,3.830733486039833e+16,1.6633999292304188e+16,7828235593802664.0,7842402765884373.0,6002697208407107.0,0,120,1.0018097529017809,2.771087515293518
0x05b024e370ae7d3e3678a52d5fb68ce9c4ab30f5,27,4,315260643002912.3,15025925089514.58,300000000000300.0,200.1641,234717912897.58002,0,89,6.672136666659995e-13,64.01695083268397
0x05b02f5f36da0730785f75086d55444239a8089d,1,1,800000000000.0,800000000000.0,0.0,0.0,0.0,0,1,0.0,0.0
0x05b033ddba3179c3de5937e76665e5980de7df57,2,1,12375633598.100014,12375633598.100014,0.0,0.0,0.0,0,2,0.0,0.0
0x05b048ba2f157a628eff029fbf949427a67b3b7c,1,1,3692201700.098017,3692201700.098017,0.0,0.0,0.0,0,1,0.0,0.0
0x05b0b833b8fb2f90cc00594f73fc560e6542bbf3,8,4,2360.703696,636.770992,540.0,543.921407,640.0112970000001,0,78,1.0072618648148148,0.9949371128053696
0x05b1682594fd90d2683be14e47d6e6b5ef3c0ae2,2,1,1000000000011.0729,1000000000011.0729,0.0,0.0,0.0,0,1,0.0,0.0
0x05b16a13e7398292cea99546b07551e94f120b31,18,2,2.0580799201520104e+16,1.2226036968286578e+16,0.0,0.0,8354762233233528.0,0,16,0.0,1.46336144907319
0x05b2429b8ac58bb93c7385b62799f11849a8a11b,3,2,758587037067.3816,379243687794.5323,0.0,0.0,379343349272.84937,0,28,0.0,0.9997372789624278
0x05b26f4df5372eefabb23039b69e2eabc8684666,34,4,5582956377664887.0,2624047619175265.0,700000000000650.0,700922833750578.9,1557985924738392.2,0,83,1.0013183339284686,1.6842563064976852
0x05b2ad74e7387fa6a6feacc6465f7c5ccb4f9803,33,4,2.0427548065244913e+18,6.057890668787645e+17,4.153979930690268e+17,4.155865989444927e+17,6.05981147632207e+17,0,5,1.000454036559186,0.9996830251993928
0x05b2ff2ee8563001555cbaff43edd2e179116eb8,1,1,100000000000.0,100000000000.0,0.0,0.0,0.0,0,1,0.0,0.0
0x05b3395258d0a15d43ea0b101205cca5327c451b,1,1,96484979666.9002,96484979666.9002,0.0,0.0,0.0,0,1,0.0,0.0
0x05b43571094e8613c2e993b4a8534ef974e84d75,22,4,1017665396935894.9,1017665396715843.2,30000.0,30021.018263,160030.575487,0,85,1.0007006087666668,6359193507.983809
0x05b4600b2e54b7bf090f39c2c6e7c70d0a571838,74,4,1901374545127461.5,1900915603664611.0,189726818619.0389,189748551310.62183,79466092920.79622,0,30,1.0001145472829889,23921.090540581274
0x05b4716b4cd9913274981bdca37e0d8109b8e880,4,1,25386734545.812233,0.0,0.0,0.0,25386734545.812233,0,9,0.0,0.0
0x05b502f8f602672c14e4d2a7ee0a5d1941fab83f,1,1,549000000000000.0,549000000000000.0,0.0,0.0,0.0,0,1,0.0,0.0
0x05b56b2b0e2f395f2f814c09c845ecf656b80b1d,147,4,2.4348408376215572e+16,7827665533072005.0,6662464588152973.0,5152892201504560.0,4705386053486033.0,0,64,0.7734213267965887,1.6635543702674087
0x05b577839fc3272bea6c3e62033a5b69d2679d87,1,1,4957.937161,0.0,0.0,0.0,4957.937161,0,1,0.0,0.0
0x05b605b02eba1c306bd1d7e83d282597849ef3f6,2,2,52333042700.0,40000000000.0,12333042700.0,0.0,0.0,0,1,0.0,0.0
0x05b62442eebb2308ab39cf2dbb115fc47b633c52,150,4,2.4576911484103843e+17,7.67011575011159e+16,5.915680853816255e+16,4.93597634631802e+16,6.0551385338579816e+16,0,26,0.8343885460172823,1.266711852622906
0x05b68b3510021ebd6e2f1f49a1d4574437853602,28,4,38750.627881,11515.790278999999,7085.727365,7106.862690999999,13042.247545999999,0,74,1.002982802598982,0.8829605662968606
0x05b6fbb7474bab00995346330fecff766b275618,1,1,20000000000.0,20000000000.0,0.0,0.0,0.0,0,1,0.0,0.0
0x05b907bf39a7fe8704809decc5631603df28b229,1,1,1125725813064.9336,1125725813064.9336,0.0,0.0,0.0,0,1,0.0,0.0
0x05b95e058f04185f3aa8c47f025c2ce00a50ad6e,65,4,37384953037991.16,26574211998604.637,4905370520493.258,4905370518493.26,1000000000400.0,0,97,0.999999999592284,26.57421198797495
0x05ba97e1d4c3e46bf6c63fc7470dc0bc4dd38440,1,1,0.012026,0.012026,0.0,0.0,0.0,0,1,0.0,0.0
0x05baba43f8be0876b72184b680d653e31adb1b65,13,2,1908000000005755.0,1908000000002990.0,2764.9729979999997,0.0,0.0,0,4,0.0,0.0
0x05baf63fe8b7f6bb8e00655b052a709b388d53d3,11,2,592000000003392.2,392000000002688.25,200000000000703.97,0.0,0.0,0,27,0.0,0.0
0x05bb0a35417765cf7b2fc8db8d7ce7ec2d58400d,1,1,100000000000.0,100000000000.0,0.0,0.0,0.0,0,1,0.0,0.0
0x05bbf0c12882fdecd53fd734731ad578af79621c,44,4,317288842636982.4,317288842605213.44,25219.0,6529.413087999999,20.535352,0,99,0.25890848518973786,15450859698203.053
0x05bc47b7ca092a9219a5a9bcaa9728de55e4ae3a,29,4,1.708794721934997e+17,2.7686564565272996e+16,6.6000000000007e+16,3.5065470265329988e+16,4.2127437362889736e+16,0,21,0.531295004020095,0.6572097971870045
0x05bc5bf93fb199f423b080601d04cee4df82a3db,2,2,60000000000.0,50000000000.0,10000000000.0,0.0,0.0,0,1,0.0,0.0
0x05bdac85005e75c04d5cae59434a9e4182aefd90,18,4,866713359187628.0,308839171541762.44,520541514717057.2,0.0,37332672928808.234,2,17,0.0,8.272624146969202
0x05bdf051fd2bdd05d366ee1ae4c02733c6823cc6,39,4,1.7341752284838554e+16,6799805687760971.0,7100000000011500.0,1102029307740975.1,2339917289325106.5,0,78,0.15521539545622395,2.906002583417046
0x05be3fbe36e84b550f687afa6f65b78884792e9b,2,1,1.995151,1.995151,0.0,0.0,0.0,0,6,0.0,0.0
0x05be4b528e49d3315f2e98343b70197805809327,7,3,1.2780754630720286e+16,16664.3715,1.2780754630692122e+16,0.0,11500.0,0,6,0.0,1.4490757826086957
0x05be5be4e9a8f3d2592e36386c9340d1ae330d68,14,4,10942417771164.469,5471140830239.391,49860.0,49861.607381999995,5471276841203.469,0,2,1.000032237906137,0.9999751409098779
0x05bf2958c314fa1e1d9a64fe0cb16a12c6304f9f,2,1,1.671071,1.671071,0.0,0.0,0.0,0,1,0.0,0.0
0x05bfb595c8eab52456f12ff1bcd10dba0c79b0a1,2,2,2300.0000250000003,1150.0,0.0,0.0,1150.000025,0,1,0.0,0.99999997826087
0x05bfec210a3c026b51fe973b5b7146294631c050,3,2,100000000000.22443,100000000000.11221,0.0,0.0,0.11222,0,1,0.0,891106754590.1997
0x05c001fc9f8bb3f2de12f4901532aec7cad3d446,13,4,290234236837421.5,269009026515696.5,165.01365199999998,165.031849,21225210321394.92,0,4,1.0001102757243383,12.67403349330002
0x05c0498541807d238450690d4d8a0149e0a84e4f,46,4,14789410.241012001,2790396.059666,2141152.230666,2141375.4487280003,7716486.501952,0,7,1.0001042513740048,0.3616148436156958
0x05c076e25257f40410ba317aed8a5f437a524a86,1,1,100363036578.57454,100363036578.57454,0.0,0.0,0.0,0,1,0.0,0.0
0x05c0a11695e17c3d70a76d597d596c0f652ff9ea,4,2,10020000000.005636,10020000000.0,0.005636,0.0,0.0,0,1,0.0,0.0
0x05c0be25b708d2cf776890361c458f04f8285979,2,1,5537786311.323096,5537786311.323096,0.0,0.0,0.0,0,8,0.0,0.0
0x05c15c999355b8a0e15e3fe60fce60f149a6e039,1,1,38000000000.0,38000000000.0,0.0,0.0,0.0,0,1,0.0,0.0
0x05c18ffc1c74cb67cb26bb5222aaf3355b74bbc3,584,5,1.8822262405559183e+18,1.0266672420742982e+18,6.656200000009819e+16,1.8072150017964732e+16,7.709248484635571e+17,1,138,0.27150851864334113,1.3317345317386413
0x05c24294b139c9cc6cf7d3a719ac9898ce3f2bf0,1,1,86932190294894.14,86932190294894.14,0.0,0.0,0.0,0,1,0.0,0.0
0x05c264e0c7749b60d79c5924e89f62bc09c2f1f3,1,1,4552616380.153313,4552616380.153313,0.0,0.0,0.0,0,1,0.0,0.0
0x05c2680073732e7be85c1e0a8dcc47704db5ba7b,1,1,1500000000000.0,1500000000000.0,0.0,0.0,0.0,0,1,0.0,0.0
0x05c27519d3c87146fc0c9c75c3762e95402416d2,13,4,2884506146519521.5,990000644645772.1,450000000000000.0,452884857227976.4,991620644645773.0,0,26,1.0064107938399476,0.9983663107371271
0x05c2879f011db90cbe5387c8415fc8fe5e81efda,35,4,1277123293032465.0,1276804673902976.2,902.4,907.4810949999999,318619127678.82654,0,94,1.0056306460549644,4007.3070414969466
0x05c29a135e4ec2e86cc6edc50f3df2f074d7e976,1,1,139878322799866.22,139878322799866.22,0.0,0.0,0.0,0,1,0.0,0.0
0x05c2b46dd6c07fa45684e1048e11b0b984656565,2,2,120006944722277.39,60000000000000.0,0.0,0.0,60006944722277.39,0,2,0.0,0.9998842680241506
0x05c2df41d143da3fcefdf3f435cfa39cde7210ce,1,1,2000000000000.0,2000000000000.0,0.0,0.0,0.0,0,1,0.0,0.0
0x05c3739cba77cbe93ad664e845edb45bfde62df5,2,2,24300000000.0,19300000000.0,5000000000.0,0.0,0.0,0,1,0.0,0.0
0x05c4853a809c29c1674474f7998556ef1e2a1af5,1,1,6774398281.797109,6774398281.797109,0.0,0.0,0.0,0,1,0.0,0.0
0x05c49ea0823e51503cd782a88cbf36d8db54d562,9,3,219255190655230.34,178739175644619.12,40505994210733.04,0.0,10020799878.175472,0,38,0.0,17836.81720197798
0x05c50a9d2757d7f0dbe29a62c6014416f5305f33,4,2,5970000000000.0,3000000000000.0,0.0,0.0,2970000000000.0,0,1,0.0,1.0101010101010102
0x05c52cd5d423ee6f17334ff54ade74291d89f678,1,1,500000000000.0,500000000000.0,0.0,0.0,0.0,0,1,0.0,0.0
0x05c6df5d4cc1158629ffef15d67e34eee73a77b2,32,4,7.266751777015751e+18,2.1505404436641116e+18,5.0000000000105e+17,5.000853967509528e+17,4.1161259365996365e+18,0,32,1.0001707934998054,0.5224671151438797
0x05c736f2742488470f9837186689c3b212d9459f,4,1,525000000000000.0,525000000000000.0,0.0,0.0,0.0,0,69,0.0,0.0
0x05c74e7e87637eddbe6479ca006f96acd5870948,2,1,4000000000004.9907,4000000000004.9907,0.0,0.0,0.0,0,4,0.0,0.0
0x05c78cb90daf80eb6c57ae8657d8089e91345be4,1,1,1000000000000.0,1000000000000.0,0.0,0.0,0.0,0,1,0.0,0.0
0x05c7db85dd8471a25fc6b34dca4aed67ba518a49,1,1,1.059389,1.059389,0.0,0.0,0.0,0,1,0.0,0.0
0x05c824cb84307759b21a29d95b1066a9d1c29cab,8,1,3.9319155595616727e+18,0.0,0.0,0.0,3.9319155595616727e+18,0,30,0.0,0.0
0x05c8f94d48672c9304d0774e164bbfb03beb78ae,4,3,6000.32,3000.16,2000.0,0.0,1000.16,0,1,0.0,2.999680051191809
0x05c932400fefadbcfc589686f48506db5965da99,1,1,1.020198,1.020198,0.0,0.0,0.0,0,1,0.0,0.0
0x05c985db49d9e29aa66b465f18c7c6dd244e9774,13,4,2506000000005050.5,2006000000001821.8,500000000000703.0,703.55416,1821.827594,0,52,1.4071083199980216e-12,1101092115745.9543
0x05c9c5709ce386ced020d05d66b963af3acaee5b,1,1,346031.076404,346031.076404,0.0,0.0,0.0,0,1,0.0,0.0
0x05c9db563db8e38cc2899297da41ce430b61a484,14265,1,1.2603477979331273e+19,0.0,0.0,0.0,1.2603477979331273e+19,0,66,0.0,0.0
0x05cbeb96622ec258fb0525a9bdd16182f9264df1,109,4,3173270091248173.0,2717015067270616.5,452850000012235.0,1350023952889.6216,2055000012431.622,0,18,0.002981172469588488,1322.148443228305
0x05cbed339b897c1d53ddbf9881087308f02e41c8,19,4,4411824723748591.0,4159548569260765.0,146059393969058.8,91076759863277.98,15140000655488.812,0,50,0.6235597546199025,274.7389953218248
0x05cbfb4688f53601d515624c6e65df0fb8ca5769,1,1,180466170942.06836,180466170942.06836,0.0,0.0,0.0,0,1,0.0,0.0
0x05cc45d29dee48eb6e8620b508f7da7e118782f7,2,2,110000000000.0,100000000000.0,10000000000.0,0.0,0.0,0,1,0.0,0.0
0x05cd14412ccd74f05379199181aa1847ed4802fd,3,2,21000000000.0,20000000000.0,1000000000.0,0.0,0.0,0,1,0.0,0.0
0x05cd49807e99379a1fa15d44fa5b3239f3432999,2,1,12598205882.942616,12598205882.942616,0.0,0.0,0.0,0,2,0.0,0.0
0x05ce0c6ea73606fc6340943562550f12e764dcd1,2,2,150000000000.0,100000000000.0,50000000000.0,0.0,0.0,0,1,0.0,0.0
0x05ce267f3583e5b46b0daf8ca1d63b322dcb7814,3,1,1.4989832626646476e+16,0.0,0.0,0.0,1.4989832626646476e+16,0,60,0.0,0.0
0x05ce7c47431bea9dfec18a7c0b5a0565618c9cc8,2,2,112092305871164.02,56000000000000.0,0.0,0.0,56092305871164.016,0,16,0.0,0.9983543933569778
0x05ceffd4104ebc52638778968733d4fec8808060,3,1,3.3000000000000003,3.3000000000000003,0.0,0.0,0.0,0,9,0.0,0.0
0x05cf1fab07d66d0755e770a3f3951cbe2467b4f9,1,1,513946757.68853,513946757.68853,0.0,0.0,0.0,0,1,0.0,0.0
0x05cf60b657103efcd42f75a5e10a29a92e181f4b,19,4,1313064457942815.8,406299199199819.44,247771426130232.5,250033684773338.88,408960147839424.9,0,73,1.0091304258866287,0.9934933791136777
0x05cfa2830540f19d57fd16b3ad6d5a18cad878d8,1,1,100000000000.0,100000000000.0,0.0,0.0,0.0,0,1,0.0,0.0
0x05cfc5e72e8b7012fb9e811abbd1d66a7ce3e409,2,2,44300000000.0,39300000000.0,5000000000.0,0.0,0.0,0,1,0.0,0.0
0x05cff72c988ba507e33b70405a0e20f392b794db,2,1,3000000000000.0,3000000000000.0,0.0,0.0,0.0,0,3,0.0,0.0
0x05d0bbe8ec0e32702d62fda162c5828b5652fc07,2,2,257057773820462.28,128528883323085.45,0.0,0.0,128528890497376.83,0,1,0.0,0.9999999441814883
0x05d0fcc6bb04a28d0ef9ad7e7cf27360ddbfd193,2,1,1.028278,1.028278,0.0,0.0,0.0,0,12,0.0,0.0
0x05d17cbb6f077c6ca16fbaee56d61fa8e639090b,2,2,2104.036464,1052.018189,0.0,0.0,1052.018275,0,1,0.0,0.9999999182523707
0x05d19dcc556638641022b35d3f5c7e25c9b1b7c2,9,4,4056351568134784.5,686214327028477.2,1341961376799687.0,1341961761039096.0,686214103267524.6,0,2,1.0000002863267272,1.0000003260803758
0x05d25d6b85302347c2e8de4523576bcd7e6bdf5d,3,1,4400000000000.0,4400000000000.0,0.0,0.0,0.0,0,3,0.0,0.0
0x05d264cf6873f6d53dc1eb914f9a63b9106c10d9,7,2,2422636129692968.5,2422636129689468.5,3500.0,0.0,0.0,0,54,0.0,0.0
0x05d2bea5d43181387d7fb5827b29b0904f40c8ec,2,2,1000000000.000006,1000000000.0,6e-06,0.0,0.0,0,1,0.0,0.0
0x05d2bfc5fb23ebc9fedabc72e244de6ab7cc8d25,2,1,4431770638.671512,4431770638.671512,0.0,0.0,0.0,0,6,0.0,0.0
0x05d2d40448ec264b542a3b2c308789796bce9e1e,20,4,1.865755780374933e+16,9550491413126014.0,6122.768558999999,6123.027642999999,9107066390611066.0,0,12,1.0000423148445843,1.0486902152126722
0x05d2f53c5bd50defe43628e01197b47dcfa1764c,753,4,8.451410796997952e+17,8.221518375489563e+17,2.0002000001395184e+16,2000259257991.2114,2985241890185749.5,0,71,0.00010000296259632482,275.40543372778404
0x05d373d910177db708cded252f6129f9ab7890b7,65,2,4.321589640392626e+16,3.966547284434419e+16,0.0,0.0,3550423559582073.0,0,80,0.0,11.172039667575124
0x05d45037ed91c3a6ed96935ec53e993c9cffb610,7,3,6685469466172204.0,0.0,1504487380586446.5,3009257829237449.0,2171724256348309.0,0,5,2.00018814917839,0.0
0x05d548cd9be2e4c13e293dbb8b7831df276ee569,3,2,1987.992613,660.751871,0.0,0.0,1327.240742,0,82,0.0,0.4978387492869776
0x05d567f041a05d72f455164ff9a1e29b4569d2f4,1,1,1.011978,1.011978,0.0,0.0,0.0,0,1,0.0,0.0
0x05d57fb285311a1b5339633a58dcbe525c53fd3e,2,1,146.680352,146.680352,0.0,0.0,0.0,0,1,0.0,0.0
0x05d5b5d8f81b61ae473cf223aac694f13517a939,17,4,140000000034326.77,140000000016558.81,600.0,600.337666,16567.62635,0,37,1.0005627766666667,8450214717.484791
0x05d7019693ca6ce077a20b89c7b392053f440885,1,1,101500000000.0,101500000000.0,0.0,0.0,0.0,0,1,0.0,0.0
0x05d7e7f4dc1f0fea57d645c33857696888379655,2,1,12741708076.703194,12741708076.703194,0.0,0.0,0.0,0,2,0.0,0.0
0x05d819ced977861e58639eefd74d8f29cb300707,1,1,100000000000.0,100000000000.0,0.0,0.0,0.0,0,1,0.0,0.0
0x05d86155059212345aeb0224ae0b717b7099dfd5,3,1,1330877020979318.2,0.0,0.0,0.0,1330877020979318.2,0,1,0.0,0.0
0x05d8da465be1352d4e4a67d6c3c226f427021b4e,5,2,87037207931275.4,87037207931209.89,65.510648,0.0,0.0,0,1,0.0,0.0
0x05d959ff10fd30616b1b23cb012f2f71cd6c42d8,26,4,24173951715672.902,24173951715548.79,91.999905,3.003671,29.104197,0,60,0.032648631539347786,830600195413.3553
0x05d9c7318e4cdd6ab6b04b135b628a290f9a47dd,4,3,10000000000033.172,10000000000000.0,20.085461000000002,13.085461,0.0,0,68,0.6514892040566058,0.0
0x05d9f1a8b7f8aac18f19f88f76e18972ba8095ef,2,1,2600000000000.0,2600000000000.0,0.0,0.0,0.0,0,8,0.0,0.0
0x05da09fd7515bd600b89b89c0039d09bd91bf0c2,44,4,6.425548964875623e+16,3.3300919339361172e+16,20648.273155000003,20696.567885,3.0954570309353704e+16,0,93,1.0023389234362343,1.0757997609580277
0x05da0c89d3f38528bd5ff5a4d271e50e664401db,6,3,5215788135442060.0,4102234916831917.5,1111888915949706.5,0.0,1664302660435.1743,0,41,0.0,2464.837084235198
0x05db3ffc9fd3f5bef6e29ae05add64a83bbcc159,52,2,2013775581316862.8,1316812144915734.5,0.0,0.0,696963436401128.1,0,49,0.0,1.8893561356895352
0x05db7e001f6650745dcff8044d3e5ade3af4c03a,6,2,159977447440887.97,149977447440882.97,10000000000005.0,0.0,0.0,0,1,0.0,0.0
0x05db890722dcbc2d386d782692969e78c1f7febf,1,1,1.18904,1.18904,0.0,0.0,0.0,0,1,0.0,0.0
0x05db9d4ed8defda92a61970de6e2c02f1befbc89,2,1,5998.552866,0.0,0.0,0.0,5998.552866,0,5,0.0,0.0
0x05dbde7fe248c7f51d9e87063c4d5c4ec3322a1c,28,2,109658239311836.52,54200000000000.0,55458239311836.52,0.0,0.0,0,3,0.0,0.0
0x05dc3b4365d5f93d815a662f8c0825ec9cd34e72,1,1,100219890308.35922,100219890308.35922,0.0,0.0,0.0,0,1,0.0,0.0
0x05dc457a6aff742839eae0f992a1c9da4586f144,36,2,3529893255223964.5,513854140378737.6,0.0,0.0,3016039114845227.0,0,36,0.0,0.17037383164213601
0x05dcb24761e5f9d3e8138f811e4e06db7104478f,267,4,1.2810771188948288e+17,8.498485586559318e+16,3.191244021814027e+16,4018202865727643.0,7192212940021821.0,0,122,0.12591336915199422,11.816231884999688
0x05dd84aa953d75c659147045260352d89941e75e,3,3,1000000000043.9856,21.989,1000000000000.0,0.0,21.996534,0,5,0.0,0.9996574914938872
0x05dde6c57ebb98610db7d17afe3ca6d963182b9b,7,2,732688025418.1323,629237752331.5642,0.0,0.0,103450273086.56813,0,33,0.0,6.082514173790651
0x05de2c64e8b7d2b85c1e45843c3e97db0d3dd0ff,49,4,264879690800569.53,264879690790419.75,1950.0,1959.1714060000002,6240.591845999999,0,103,1.0047032851282052,42444642643.98229
0x05de6b96c344983c4ab6efea9fb0fb4b6a532e31,3,2,87.351374,43.672180000000004,0.0,0.0,43.679194,0,2,0.0,0.9998394201138419
0x05def9275be6c09e67a37d6279d376836320c556,2,1,1.005448,1.005448,0.0,0.0,0.0,0,7,0.0,0.0
0x05df207c31a393fe4ddece3dd48f00613727ca4c,2,1,50000480573.21579,50000480573.21579,0.0,0.0,0.0,0,15,0.0,0.0
0x05df82067a9c386c6e940ae135504266c59d0ab4,1,1,100090.107944,0.0,0.0,0.0,100090.107944,0,1,0.0,0.0
0x05df96c1967cd2d0d6e7ea80cf110faa37aa3f3d,1,1,50.011328,0.0,0.0,0.0,50.011328,0,1,0.0,0.0
0x05dfa941764538a29be71d32a462ae96facffb02,7,4,200000116706416.3,100000000000600.25,500.0,502.511209,100000116704813.56,0,54,1.005022418,0.9999988329592289
0x05e09b56ec91620f9bab354c573712e446f8eb11,205,5,8831466028470996.0,8414386946083259.0,200000000018548.5,200073756283950.0,17005326085239.535,1,127,1.0003687813269733,494.8089148015144
0x05e0a46a3a96478f8c6915f57e8089b3397e7cea,25,4,2.1353837144130176e+16,1.068877700603778e+16,4333705782505.2705,8155.728623,1.0660726432301736e+16,0,82,1.8819294692140492e-09,1.0026312065987408
0x05e0ecbd7d549036d64964e243edee92954a946b,1,1,1.102699,1.102699,0.0,0.0,0.0,0,1,0.0,0.0
0x05e1bacfbc6ed227054401ae22f2ebe12fc98186,1,1,1.109803,1.109803,0.0,0.0,0.0,0,1,0.0,0.0
0x05e1bad6e50b12c633410243d1f6f83e72fdb624,1,1,93000000000.0,93000000000.0,0.0,0.0,0.0,0,1,0.0,0.0
0x05e1c452e571e7edf1a5aab2fffb16de322cb373,2,1,2.2,2.2,0.0,0.0,0.0,0,6,0.0,0.0
0x05e1e0e85756cde16309083dd223948b4f34b813,5,2,2100000005054.6094,2100000000008.8916,5045.717773,0.0,0.0,0,1,0.0,0.0
0x05e1f287dde4f9514ed22000a62a45b0da9dc409,197,4,5.653786733569168e+16,5.275742758612716e+16,250000000029469.0,27470.95372,3530439749507580.0,0,44,1.0988381486704734e-10,14.9435853121373
0x05e2461c8c10138aee241268f28de6003d3dbadb,89,4,1.7006125371193424e+16,4697457199569651.0,3802861993585210.5,3806570827067720.5,4699235350970844.0,0,25,1.0009752742773117,0.9996216083536175
0x05e36927724a9d523ebd1e1b7cedb0f259f455be,1,1,2000000000000.0,2000000000000.0,0.0,0.0,0.0,0,1,0.0,0.0
0x05e422ae83afc05e503c068f7be265bcd844170c,1,1,523.077616,523.077616,0.0,0.0,0.0,0,1,0.0,0.0
0x05e48184dd108b780714184f5e502137365add6f,1,1,1.106426,1.106426,0.0,0.0,0.0,0,1,0.0,0.0
0x05e49ad86a0bcb71ee7382f7e6b031a6ce0f6c89,1,1,1.1,1.1,0.0,0.0,0.0,0,1,0.0,0.0
0x05e5a3e89794434042d4b8e51853fe28353f3343,59,4,144541998847267.1,144541998846853.5,233.642213,159.27245899999997,20.668917,0,81,0.6816938469933084,6993206216216.046
0x05e5ab383f3c2d423cfd118b83420261ab0990bc,49,5,786717528276673.1,527497016309457.94,258262359188411.56,1018.099368,958152777785.6486,2,112,3.942112862282267e-12,550.5353932475537
0x05e843051a31c0abd1fd35b5b08ead0345c3b7e1,29,4,6965985336161758.0,1959850967025166.8,1468807503644247.8,1469796081417655.5,2067530784074688.0,0,5,1.0006730478779249,0.9479186390456997
0x05e8b27dfc779b23b9b43a3b65d763af22ee2b8d,2,1,42389806717824.16,42389806717824.16,0.0,0.0,0.0,0,32,0.0,0.0
0x05e92f4ea55ce9a333a47689911b13407f82d81e,72,1,270000000.00044996,270000000.00044996,0.0,0.0,0.0,0,23,0.0,0.0
0x05e9e2624a9c70efbcf9d51fc169d304d3d5df8a,103,4,1.1311944325575268e+16,5551925837556467.0,3500000000008841.0,1000.0,2260018488008960.5,0,52,2.85714285713564e-13,2.4565842567277505
0x05ea34e37b28962b9f17fce9cff68637ebb80e58,39,3,1515424388860356.0,1514870000000000.0,277175189276.8411,277213671079.1511,0.0,0,40,1.0001388356671115,0.0
0x05ea3953d9e20d90b84c55311c6a989e68d1244a,2,2,1500000000000700.0,1500000000000000.0,700.0,0.0,0.0,0,1,0.0,0.0
0x05eb8a2e940df49b71aefaaefc0ff317135eaa58,2,2,20614.000112,10307.0,0.0,0.0,10307.000112,0,1,0.0,0.9999999891335987
0x05ebdbd59a1cde6b913a4d7345e6a8de1ec9ee30,8,4,17880000000054.09,17880000000010.816,10.81594,10.827508,21.63185,0,11,1.0010695325602768,826558985940.2139
0x05ebdd6df09501627b6fe9919805116cfcf14b9b,1,1,104300000000.0,104300000000.0,0.0,0.0,0.0,0,1,0.0,0.0
0x05ebf7b089a859af295b4f4d96673edcb5ef6621,303,4,3.549304857356829e+17,640396595938782.8,1.4600000000100246e+17,1.4641450265720646e+17,6.187558648153507e+16,0,134,1.002839059289049,0.010349745874811063
0x05ec08e0f92b0077e64ae43785b91ac248889629,10,3,406817821465054.2,0.0,18401.991075,33484.556067,406817821413167.6,0,1,1.8196159280008777,0.0
0x05ed5e22bbf41969b11b3690700c8583b3844e25,90,4,3424240414502124.0,1043158591972674.9,667200000000000.0,669461908178950.5,1044419914350498.1,0,68,1.0033901501483071,0.9987923225510233
0x05ed735c93879d84d082425572fe5ff827a0db56,122,4,4632633081735276.0,1531603239932192.0,881220373000867.5,750673915101915.9,1469135553700300.2,0,73,0.8518571949779206,1.042520028920786
0x05ed9694f8f17d71d6385b891ba4c799394d9e44,13,3,1.926006449561323e+16,0.0,3554157482840501.5,7108396887138015.0,8597510125634716.0,0,1,2.000023049473021,0.0
0x05edd5d14eb0dd90902dd0bc85ff606963c36164,2,1,1231094888422.8662,1231094888422.8662,0.0,0.0,0.0,0,7,0.0,0.0
0x05ee3c534b3c640889148539568847b034424be8,71,4,5530428874550463.0,2391934857077010.0,1103715224752490.2,1042925790934025.6,991853001786936.8,0,13,0.9449228999879957,2.411582011414661
0x05ee92b20265f364620710d8ffb416784e1d18f8,2,1,2.0,2.0,0.0,0.0,0.0,0,4,0.0,0.0
0x05efc12df01a04a1e92d817d4bf5447178cb5f2f,103,4,2.3283171035113468e+16,1.4264871379612562e+16,8500000000038796.0,27788.171624,518299655434320.1,0,81,3.2691966616321372e-12,27.522440406909034
0x05f0397c6dd5eb63b5ad51f9e7e87d0823e7632a,19,4,5409196651083816.0,1750581159843118.5,954000000000000.0,954013704570286.5,1750601786670409.5,0,1,1.0000143653776588,0.9999882172933627
0x05f087b8510d203f1a4ab22ce8ca875a9478a3d3,1,1,2000000000000.0,2000000000000.0,0.0,0.0,0.0,0,1,0.0,0.0
0x05f0b984052bafd32557c5edc33dd380c2e32762,6,4,4735236453.120141,1316827257.638078,1050000000.0,1051155166.131783,1317254029.35028,0,31,1.0011001582207457,0.9996760141152026
0x05f0ba0f63b401bc9b86089265cee2f79c955768,2,1,5514539338.966938,5514539338.966938,0.0,0.0,0.0,0,6,0.0,0.0
0x05f1d03682e1f5c7da8028a2c0bdc73eded4f033,8,3,5657296025233.876,42369667065.22424,6769667065.224241,0.0,5608156691103.428,0,1,0.0,0.007555007714466665
0x05f21f7f87849d71fe5e9958ca374d5ede017901,1,1,10000000000.0,10000000000.0,0.0,0.0,0.0,0,1,0.0,0.0
0x05f2cc77c8814053df4a2f3f2dc912afcdd82b86,1,1,9.8e-05,9.8e-05,0.0,0.0,0.0,0,1,0.0,0.0
0x05f2da0c2c5472bde55483910e7dfd8ed004da0f,1,1,6353302524.385045,6353302524.385045,0.0,0.0,0.0,0,1,0.0,0.0
0x05f37b9818dda0546fce45a149f5c9495bfb63bb,1,1,109000000000.0,109000000000.0,0.0,0.0,0.0,0,1,0.0,0.0
0x05f49042292c9792d182f6a524c21585c96c2df6,2,1,1300005000000.0,1300005000000.0,0.0,0.0,0.0,0,11,0.0,0.0
0x05f4ccfe7747aa083954f54c6c67e93882c6428c,2,1,2000000000001.0007,2000000000001.0007,0.0,0.0,0.0,0,7,0.0,0.0
0x05f51dc944dffd85b33d6cab7ec654bb35cc9fc5,1,1,13.97023,13.97023,0.0,0.0,0.0,0,1,0.0,0.0
0x05f5471afc2822d6a8a72bffeb8d809518e87e7c,44,4,4.26326905345479e+16,2.15067444207206e+16,2.1108231685968172e+16,7269502977608.541,10444924881518.938,0,65,0.0003443918508077106,2059.0616653236298
0x05f54eaf83bb7cb628a6424beb527eed605ac610,28,4,4932130600809441.0,2931121156168146.0,1000000000001150.0,1000163428981806.5,846015658339.2999,0,55,1.0001634289806562,3464.618092201553
0x05f590fb73b66c9a681101e8bbd868975fb2b3c5,29,4,1975776200945321.5,1875192698883732.0,100000000000771.88,776.5331269999999,583502060041.0928,0,93,7.76533126994006e-12,3213.686509952806
0x05f668b4dc0a8d66cf8b4fe552722d9e2202d818,33,2,55000000344993.75,55000000190607.25,0.0,0.0,154386.501477,0,45,0.0,356248763.1005808
0x05f6a9e135b8c6fa89b1c4b98653bfe4e58c4893,1,1,0.664203,0.664203,0.0,0.0,0.0,0,1,0.0,0.0
0x05f705c29e66ce141cc44150a9f7068a1d3f580c,2,2,479.15033,239.499978,0.0,0.0,239.650352,0,8,0.0,0.9993725275229306
0x05f71f76916e215db35e436556572c7d870f4f45,2,1,25563687509.22928,25563687509.22928,0.0,0.0,0.0,0,20,0.0,0.0
0x05f78c7f3e79c3a6c453d188b013e3812e52cabb,5,2,1503100000000.0,1503000000000.0,100000000.0,0.0,0.0,0,23,0.0,0.0
0x05f7ecf97b445a44b25ed19cd81f6e254c6ea7ff,18,4,2891294252240264.0,2696294252232644.0,195000000000500.0,500.036882,6619.276255000001,0,46,2.5642917025575273e-12,407339737512.231
0x05f86353c6b6cfd4070bc811e135c234e1d77cd1,1,1,1.06635,1.06635,0.0,0.0,0.0,0,1,0.0,0.0
0x05f864aea649d17ce380248864b2aced4f67851d,1,1,1.5151,1.5151,0.0,0.0,0.0,0,1,0.0,0.0
0x05f969a403048494472e402af9a18040065ad7ac,2,1,4688804171.534126,4688804171.534126,0.0,0.0,0.0,0,8,0.0,0.0
0x05faaeec0c95c706fca67b25cbbfb21a783a0a34,1,1,1090.243686,0.0,0.0,0.0,1090.243686,0,1,0.0,0.0
0x05fb5845068ab806510bc2b3d13c78e08fa6e988,2,1,2044982113547.7925,2044982113547.7925,0.0,0.0,0.0,0,5,0.0,0.0
0x05fbbd0bc6e9570aae0a0e7d8cb3de9a2ae2b6b4,1,1,97900000000.0,97900000000.0,0.0,0.0,0.0,0,1,0.0,0.0
0x05fc1b756b87591676b0970442fc6281db12e812,60,4,1.6361554085803064e+16,7335932839426960.0,4526407661840245.0,323798765769.4673,4498889785770089.0,0,80,7.153548464033496e-05,1.6306095923110606
0x05fc68f4b7714389a17128653f82d50bee98e542,128,4,3.788010979075662e+16,9949719524026164.0,9653721436042190.0,3258531401211526.5,1.501813742947675e+16,0,106,0.3375414779471254,0.662513548750554
0x05fd3ebceeb2b571876cc77c898c512e14e2cda6,1,1,209267345358.28906,209267345358.28906,0.0,0.0,0.0,0,1,0.0,0.0
0x05fe433fa225928e856966bf00f1270281e6f663,121,4,609137512901677.8,490724136594650.44,55754445809877.67,31.891047999999998,62658930497117.805,0,97,5.719911217259388e-13,7.8316711233560365
0x0600ae45122546e01397ea4ce8fc0ffe1cab372f,3,1,1620000000000.0,1620000000000.0,0.0,0.0,0.0,0,7,0.0,0.0
0x0600de154559da51a7b68388cedc72bdda941ddb,22,4,2.235893441994682e+16,2.235893441993638e+16,5500.0,4700.413122,240.881685,0,47,0.8546205676363636,92821230555309.25
0x060107c887eba77cccf5ddbcd9631e2371ab6f22,14,4,377088891982526.44,122744372048222.03,65800000000000.0,65800000001246.84,122744519933057.66,0,56,1.000000000018949,0.9999987951817669
0x060253f772bb050ad5439e5c980356df02cf0725,19,2,2.3544678298343652e+16,4000000000000009.0,0.0,0.0,1.954467829834365e+16,0,57,0.0,0.20465929082797935
0x060265b9f30a8e95a37a7ba755e38e3e08d8156e,2,2,8532000131224456.0,4266000000000000.0,0.0,0.0,4266000131224456.5,0,1,0.0,0.9999999692394627
0x0603f558cda9a95cc297ab38e08438298ff8dbb9,4,2,38296.000740999996,19148.0,0.0,0.0,19148.000741,0,1,0.0,0.9999999613014429
0x060557d6362d3f7e40381571fc85525c61c064c8,17,4,27995704298304.547,1762929706204.1057,42013.742505,56026.541638,26232774494060.156,0,8,1.3335289430912363,0.0672033263810232
0x06056feef38a0c5ec0a1c7c8f3d4d4c06023b298,17,4,49900762003199.56,49900762002854.61,225.0,59.97684,59.97684,0,1,0.26656373333333333,832000518914.5444
0x060583d3080d1f9c92cfd8985d723b35972bcc73,4,1,1.0036998420188e+16,1.0036998420188e+16,0.0,0.0,0.0,0,14,0.0,0.0
0x0605cec3dfeb1b5e4d850fd094a34d66f49bcd97,1,1,1.11022,1.11022,0.0,0.0,0.0,0,1,0.0,0.0
0x060752bfa4e4f03f7a3cff4a069ad8f234068619,1,1,6350287319.1297,6350287319.1297,0.0,0.0,0.0,0,1,0.0,0.0
0x0607aa9076c72dab964a04dbf73ef9ba58206997,51,4,2.3212028485089888e+17,5.808091309291821e+16,5.8000000000070904e+16,5.800854131720978e+16,5.803083044069998e+16,0,11,1.000147264088601,1.0008630352493302
0x0607b97b63fd136e2cc4706574fcc5f6cae8d5cc,1,1,1500000000000.0,1500000000000.0,0.0,0.0,0.0,0,1,0.0,0.0
0x060855029c9be17b6f13e9d6a12929ccb9846480,5,2,41000000000255.625,41000000000127.75,0.0,0.0,127.871241,0,5,0.0,320635036302.86774
0x06089bceee94a485c61b311cb61934d5cf8a684e,4,3,166893516662.02606,100000000000.0,66893516662.026054,0.0,0.0,2,2,0.0,0.0
0x0608dd91be17e1ecbab078a14a075bc8e9ae6b95,58,4,47732831525724.26,12493990264307.877,11260000000000.0,11377806697309.316,12601034564107.064,0,31,1.0104624065105965,0.9915051181508466
0x06098dc30b09865b5eaaf0a40dd373c0fbbf2741,1,1,93409373536.04477,93409373536.04477,0.0,0.0,0.0,0,1,0.0,0.0
0x060a8f894509c0d83fa2c5dfe01cca5d3a83ef6a,3,1,4400000000000.0,4400000000000.0,0.0,0.0,0.0,0,3,0.0,0.0
0x060aa29adb1e32a4d5471461ea5e9815028a82c5,1,1,100000000000.0,100000000000.0,0.0,0.0,0.0,0,1,0.0,0.0
0x060ad357c1f777fb031e7404ac26ee88b5a704b5,10,3,7.264361855235755e+16,3.988e+16,1.63818058456996e+16,1.6381812706657942e+16,0.0,0,22,1.0000004188157525,0.0
0x060bb7f9d479437099cd521df4f5051a247ab3ae,2,1,2345069246721617.0,0.0,0.0,0.0,2345069246721617.0,0,1,0.0,0.0
0x060bbb0bcc744293a1e7df8dd7cc2ec81951bf94,2,2,30000000000.0,20000000000.0,10000000000.0,0.0,0.0,0,1,0.0,0.0
0x060c5656a5cc445369c20042e57716e08789652a,15,4,4967970157450429.0,4468669040542942.0,3392.366515,30.618011,499301116904064.0,0,53,0.009025561024911838,8.949847875869171
0x060c5955567657dbc9c2374e4647bf9d10c011ac,3,1,26018441295689.496,26018441295689.496,0.0,0.0,0.0,0,1,0.0,0.0
0x060c7f117b1bc0f056b6c198d91dd5cc3b482b12,6,4,20348.740825,49.298405,10124.293142,10125.843536000002,49.305742,0,63,1.0001531360242395,0.9998511938021336
0x060c9c259134e0e5d434db7be18a1e98248065ec,3,2,1605888929821.8687,1605888919514.222,0.0,0.0,10307.646822,0,5,0.0,155795881.17888483
0x060cafc9f21db4171257ead799edb2fbffa56899,9,4,3405621267382994.0,1008465168866068.6,700.0,700.66008,2397156098515524.5,0,14,1.0009429714285714,0.4206923234955688
0x060cbd27bc12765e1eaad4097ecb535c6444cb61,2,2,215.71400699999998,107.856995,0.0,0.0,107.857012,0,1,0.0,0.9999998423839147
0x060cd95870d75c91168f12a451d71c3231a79c66,2,2,10000000000.002,10000000000.0,0.002,0.0,0.0,0,1,0.0,0.0
0x060cf7710b40686fd903894b9f65d10589d73f28,10,4,7.286326946046258e+16,2.393105602945137e+16,1.2500000000007998e+16,1.2500207012394494e+16,2.393200641860871e+16,0,1,1.0000165609909197,0.9999602879449085
0x060cfcf2bd89aadaedd2f2b4760466ec1c57377c,1,1,100000000000.0,100000000000.0,0.0,0.0,0.0,0,1,0.0,0.0
0x060d0cc814854f60cc6ca2566a047526a85f1d9a,4,2,67424998842756.13,45000000000000.0,22424998842756.133,0.0,0.0,0,1,0.0,0.0
0x060e95ef23d06dbacfe4639fd25c6020b1d879bf,1,1,4324488177.168186,4324488177.168186,0.0,0.0,0.0,0,1,0.0,0.0
0x060ff445d1232bae747fc927899dc2b59331a484,2,1,4416696960.067952,4416696960.067952,0.0,0.0,0.0,0,7,0.0,0.0
0x0610be26ebcad7c6bd2c4fc21017583acd733b0a,1,1,193.9504,193.9504,0.0,0.0,0.0,0,1,0.0,0.0
0x061122cffab0f594d3689865e935b2961f0a309a,111,4,7.975569739150962e+16,3.763995339273391e+16,3000000000044290.0,3000238998731427.0,3.6115505e+16,0,106,1.0000796662290445,1.042210357926157
0x061150e5574716dbb1a2cdf54b3dce9f94395f65,3,2,544243720208.253,500000000000.0,44243720208.252975,0.0,0.0,0,1,0.0,0.0
0x0611afbf50787361164004b2596719e5116b7315,31,4,2.3161084899889004e+16,6801272117587468.0,5301758244524973.0,5304917763100272.0,5753136774676292.0,0,19,1.0005959378812797,1.1821850207915752
0x06127311a4fb86ffdce6f781d7db183e9c2a3d34,2,2,44900000000.0,39900000000.0,5000000000.0,0.0,0.0,0,1,0.0,0.0
0x0612c30d06853fe2505905cd610d985b26976da3,7,2,3680418531321042.0,2744867608384282.0,0.0,0.0,935550922936760.0,0,43,0.0,2.933958527631986
0x0613036cbb45c3eeaabdea389df101d6022f3684,4,4,4.1283999e+16,1.5642e+16,5000000000000000.0,5000000000000000.0,1.5641999e+16,0,1,1.0,1.0000000639304478
0x0614d8ff2f527455e8fd8b4ed88abf3eab918f76,22,4,444257799710892.56,137427849408063.25,84400000000000.0,84769824790851.94,137660125511977.36,0,71,1.004381810318151,0.9983126842064814
0x0614e07756390441cb246c886917487840e74f7d,8,2,9685000152459.668,6990000000000.0,2695000152459.669,0.0,0.0,0,1,0.0,0.0
0x0615774010b017e7ec09d228ef37d06564a1d825,8,4,48003284888934.875,24000856968475.64,25000.0,25005.436255,24002427870453.797,0,9,1.0002174502,0.9999345523716753
0x061667d49211840a590513f622a92ec170de7879,1,1,515.0,515.0,0.0,0.0,0.0,0,1,0.0,0.0
0x061716a85aba5e37626e4a2c33596d59823d30b8,1,1,1182081928329.729,1182081928329.729,0.0,0.0,0.0,0,1,0.0,0.0
0x0617d8b4509d856bcfd0870b1bb27c8f68e1d536,1,1,1.178812,1.178812,0.0,0.0,0.0,0,1,0.0,0.0
0x06185db89f5c8ef5e5a0abc95c5cb69b54c33f30,1,1,9.8e-05,9.8e-05,0.0,0.0,0.0,0,1,0.0,0.0
0x06189341e523a52ae10c4bd4a7774371fac1b249,7,3,16978819818581.732,9664407909841.848,1250000029531.002,0.0,6064411879208.883,0,1,0.0,1.593626571271507
0x0618c450370822c5cb25ec143a3008230d8e2c12,5,2,7101534669756132.0,14105464317308.176,0.0,0.0,7087429205438824.0,0,1,0.0,0.001990208848433192
0x0618e615c8c9b5efc8c8eadc68be7182bdc455e2,22,4,2516331788476372.0,1725242181206597.2,1200.0,200.108365,791089607268374.4,0,32,0.16675697083333332,2.180842935307725
0x06192f889f17bf2aff238d08d8c26cbcfcc7b45a,183,4,6.521337847306641e+17,9.858813982222251e+16,3.192793073016553e+17,1.1238688504679363e+17,1.218794525599926e+17,0,60,0.3520017817522087,0.8088987745796985
